resist_target,N2_HMDS,pressure_HMDS,temp_HMDS,temp_HMDS_bake,time_HMDS_bake,spin1,spin2,spin3,photoresist_bake,temp_softbake,time_softbake,Line_CD,Wavelength,Resolution,Energy_Exposure,Thin F2,Thin F3,Thin F4,Temp_Etching,Source_Power,Selectivity,etch_rate_stage1,Flux60s,Flux90s,Flux160s,Flux480s,input_Energy,Temp_implantation,Furance_Temp,RTA_Temp,Temp_OXid,ppm,Pressure,Oxid_time,oxid_thickness_spec_gap,oxidation_rate_nm_per_min,oxidation_sentinel_flag,etching_sentinel_flag,ion_implant_sentinel_flag,type,Vapor,Target,Lot_Num,group_id,error_class
1.426,17.362,15.112,19.893,200.511,89.963,502.276,4017.015,4903.689,5.105,91.947,29.911,41.548,365,505.405,109.653,3644.0,1522.0,340.0,72.628,52.08,1.188,2088.0,1.5e+16,1.32e+17,6.47e+17,3.01e+17,30795.856,103.513,854.0,154,1214.33,26.78,0.3,120,-12.980000000000018,5.9415,False,False,False,dry,O2,141,13,13_28,none
1.141,16.48,14.846,19.987,199.833,89.978,500.186,3978.666,4999.798,5.014,91.897,29.83,28.968,365,468.97,106.477,3643.0,1385.0,211.0,71.731,50.453,0.85,2046.0,4080000000000000.0,7600000000000000.0,8.46e+17,3e+17,32632.232,101.111,905.0,152,1295.7,33.01,0.02,25,-15.92999999999995,28.6372,False,False,False,wet,H2O,45,29,29_42,none
1.989,19.169,14.834,19.813,199.806,89.997,499.787,4056.107,4996.352,4.938,91.703,30.02,29.899,365,473.562,106.013,3647.0,1482.0,190.0,71.906,50.838,0.902,2064.0,4590000000000000.0,3430000000000000.0,1.23e+17,2.99e+17,32636.718,101.861,908.0,153,1280.01,38.09,-0.01,25,-17.25999999999999,28.6904,True,False,False,wet,H2O,54,29,29_43,none
1.879,18.963,14.906,19.967,199.054,89.926,498.914,4029.014,4975.807,4.805,91.372,30.14,20.012,365,463.555,105.417,3644.0,1384.0,175.0,71.186,50.312,0.952,2086.0,1.61e+16,1.53e+17,1.17e+18,3e+17,32666.383,100.803,904.0,151,1274.98,39.85,0.2,24,-12.83000000000004,29.70125,False,False,False,wet,H2O,84,29,29_44,none
1.686,13.81,14.925,19.849,198.629,89.89,498.586,3971.279,4961.535,5.106,92.016,30.136,36.508,365,480.398,106.592,3647.0,1473.0,202.0,71.446,50.854,0.927,2090.0,5060000000000000.0,2.07e+16,6.9e+17,3e+17,32646.43,102.042,908.0,153,1278.3,35.63,-0.07,23,-14.710000000000036,31.07434782608696,True,False,False,wet,H2O,30,29,29_45,none
1.012,18.732,15.158,19.906,199.938,89.978,499.871,4035.571,4997.65,5.157,92.105,29.931,35.319,365,470.627,107.331,3648.0,1371.0,313.0,72.144,50.882,1.05,2092.0,8130000000000000.0,1.82e+16,3.78e+16,3e+17,32682.765,102.156,913.0,153,1276.61,28.53,0.33,24,-21.480000000000015,30.061666666666667,False,False,False,wet,H2O,49,29,29_46,none
1.559,20.834,14.945,20.001,200.433,89.863,500.427,3952.636,5010.798,4.984,92.003,30.021,42.638,365,484.866,106.981,3639.0,1272.0,224.0,71.68,50.838,1.114,2075.0,2.06e+16,7.74e+16,4.67e+17,3e+17,32673.338,102.446,913.0,154,1293.89,34.43,0.35,25,-15.360000000000014,28.6144,False,False,False,wet,H2O,15,29,29_47,none
0.915,11.347,15.016,19.858,200.119,89.947,500.166,3972.439,5005.284,5.013,91.584,29.976,38.258,365,483.424,106.875,3641.0,1408.0,333.0,71.208,50.741,1.066,2086.0,1.21e+16,1.37e+16,3070000000000000.0,3e+17,32653.566,101.907,912.0,153,1289.8,35.0,0.1,26,-13.049999999999956,27.425,False,False,False,wet,H2O,66,29,29_48,none
0.958,15.206,15.005,20.141,199.591,90.092,499.715,4017.157,4988.878,5.145,91.954,29.945,34.685,365,474.069,106.824,3643.0,1361.0,269.0,71.436,50.762,1.17,2078.0,1.81e+16,1070000000000000.0,3.59e+17,3e+17,32677.291,102.06,913.0,153,1290.28,44.63,0.61,25,-14.17999999999995,28.5672,False,False,False,wet,H2O,78,29,29_49,none
1.432,12.45,14.913,19.905,199.172,90.092,499.259,4072.994,4978.749,5.069,91.636,29.994,35.814,365,478.445,106.665,3645.0,1360.0,216.0,71.602,50.828,0.802,2086.0,2440000000000000.0,3.82e+16,1875907865.085,2.98e+17,32696.267,101.904,913.0,153,1293.58,44.47,0.09,25,-14.990000000000007,28.5996,False,False,False,wet,H2O,96,29,29_50,none
1.844,19.689,14.797,19.932,199.731,89.958,499.648,4084.874,4990.776,5.068,92.005,30.013,39.65,365,486.265,106.237,3658.0,1521.0,236.0,71.447,50.694,1.109,2040.0,1.05e+16,1.18e+17,1.05e+17,3e+17,32701.035,101.685,912.0,153,1280.23,44.66,0.27,25,-15.210000000000036,28.608400000000003,False,False,False,wet,H2O,33,29,29_51,none
1.468,15.959,15.016,19.967,199.754,89.929,500.035,4045.185,4995.536,4.976,92.24,29.826,32.015,365,474.651,106.092,3645.0,1465.0,151.0,72.419,50.608,1.165,2050.0,6910000000000000.0,1.09e+17,5.12e+17,3e+17,32451.369,101.305,913.0,152,1288.33,44.64,0.17,25,-24.389999999999983,28.9756,False,False,False,wet,H2O,117,29,29_52,none
0.749,17.487,14.965,20.001,199.939,90.093,500.202,4010.155,5001.942,4.909,91.781,30.029,20.987,365,466.291,105.187,3656.0,1471.0,207.0,71.985,50.611,0.937,2040.0,1.77e+16,7.78e+16,8.15e+17,3.01e+17,32534.391,101.072,904.0,152,1279.59,44.69,0.14,25,-19.17999999999995,28.7672,False,False,False,wet,H2O,186,29,29_53,none
0.781,16.604,14.95,19.983,199.197,90.147,499.252,3984.857,4981.269,4.968,91.938,29.833,31.875,365,481.557,105.707,3646.0,1596.0,212.0,71.201,50.161,1.06,2067.0,2.07e+16,1.45e+17,1.21e+18,3.02e+17,32621.545,100.551,905.0,151,1276.54,44.3,0.22,22,-13.91999999999996,32.450909090909086,False,False,False,wet,H2O,207,29,29_54,Edge-Loc
1.584,13.371,14.923,20.037,201.672,90.079,502.791,4094.987,5139.117,5.044,91.54,29.953,36.743,405,516.505,108.509,3636.0,1635.0,466.0,71.195,51.321,0.816,2088.0,1.35e+16,4.33e+16,6.72e+17,2.99e+17,31527.501,97.826,914.0,151,1016.1,32.43,0.09,74,-12.75,9.631756756756756,False,False,False,wet,H2O,110,9,9_1,none
1.077,12.561,15.271,19.942,200.699,89.97,499.453,3993.131,5069.158,4.936,91.834,30.045,38.896,405,514.798,108.105,3644.0,1628.0,247.0,72.617,51.821,1.07,2063.0,1.44e+16,4.99e+16,5.27e+17,3.01e+17,32215.606,103.547,910.0,152,1066.32,38.15,0.02,65,-2.8899999999999864,10.813692307692309,False,False,False,wet,H2O,115,9,9_2,none
0.743,12.627,14.843,20.154,202.717,90.191,500.21,4096.593,4984.011,4.998,93.718,29.932,37.617,365,531.354,107.871,3703.0,1393.0,400.0,71.758,51.203,1.117,2014.0,1.95e+16,3.4e+16,1.09e+18,2.99e+17,32325.696,102.294,907.0,157,1066.68,33.46,0.24,142,-4.850000000000023,4.963732394366198,False,False,False,dry,O2,137,9,9_3,none
1.08,14.058,14.859,19.784,200.458,89.953,505.553,4055.896,5033.979,4.979,88.999,29.887,32.54,436,505.975,106.508,3661.0,1526.0,465.0,71.067,51.726,0.97,2040.0,1.17e+16,7800000000000000.0,4.86e+17,3e+17,31723.449,103.575,900.0,155,941.24,37.85,0.09,80,-14.309999999999944,8.928875,False,False,False,dry,O2,163,9,9_4,none
0.585,17.859,15.0,19.952,202.875,90.096,496.641,3977.775,5011.992,5.17,92.938,29.958,43.965,436,522.591,108.144,3659.0,1574.0,485.0,72.745,51.202,0.909,2034.0,9580000000000000.0,1.35e+17,5.71e+17,2.99e+17,32407.776,102.79,900.0,150,1190.89,35.48,0.28,-5,-0.25,,True,False,False,dry,O2,167,9,9_5,none
1.095,14.227,15.073,19.979,200.694,89.986,498.534,4017.302,5030.5,4.978,93.595,29.983,53.549,436,515.361,109.748,3659.0,1654.0,489.0,70.305,51.679,1.12,2065.0,1.87e+16,-3.01e+16,8.68e+17,3.01e+17,32497.872,102.545,919.0,156,1339.51,32.05,0.39,26,-15.019999999999982,27.50076923076923,False,False,True,dry,O2,183,9,9_6,none
0.891,13.633,14.864,20.039,203.035,90.032,499.702,3950.594,5046.001,5.125,90.574,29.849,26.972,436,473.145,109.921,3655.0,1464.0,368.0,71.344,51.225,0.932,2076.0,1.44e+16,9.13e+16,6.47e+17,3e+17,32148.036,102.7,892.0,154,1132.36,46.54,0.2,104,-10.940000000000056,6.835961538461539,False,False,False,dry,O2,75,9,9_7,none
1.069,16.93,15.132,19.786,200.408,89.723,498.454,4053.433,5009.109,5.111,93.836,30.088,39.356,436,521.741,105.965,3645.0,1521.0,251.0,71.951,51.428,0.974,2080.0,1.77e+16,9.62e+16,8.53e+17,2.98e+17,31400.639,101.827,871.0,155,1190.83,31.52,0.3,50,-12.83000000000004,14.2566,False,False,False,wet,H2O,75,9,9_8,none
1.402,16.558,14.994,19.967,204.203,89.965,497.337,4141.255,4984.792,5.009,91.593,30.129,39.967,405,551.418,108.264,3638.0,1705.0,413.0,71.385,51.001,1.137,2071.0,1.23e+16,8.67e+16,2.55e+17,3e+17,31093.189,102.694,898.0,153,1112.41,37.78,0.26,202,-9.399999999999975,3.511881188118812,False,False,False,wet,H2O,106,9,9_9,none
1.676,12.305,14.872,19.975,201.919,89.952,502.271,4055.526,5126.249,5.06,93.561,30.118,42.271,365,567.876,108.53,3663.0,1457.0,318.0,69.984,51.435,0.919,2061.0,8760000000000000.0,1.58e+17,9.49e+17,2.99e+17,31269.05,103.391,909.0,159,990.29,25.29,0.13,84,7.009999999999991,8.249880952380952,False,False,False,wet,H2O,96,9,9_10,none
1.236,17.636,14.956,19.86,200.524,89.91,500.332,3985.59,5008.047,5.005,92.131,29.859,34.529,365,484.862,105.544,3644.0,1376.0,180.0,71.262,50.062,1.098,2044.0,1.02e+16,1.05e+17,1.81e+17,3.01e+17,32664.981,100.276,904.0,150,1275.72,39.36,0.17,25,-11.850000000000025,28.474,False,False,False,wet,H2O,102,29,29_41,none
1.706,12.383,15.015,19.862,205.351,90.212,505.532,3864.823,5051.591,5.122,93.291,29.816,42.622,405,539.314,106.046,3671.0,1439.0,150.0,69.145,50.801,0.95,2033.0,9570000000000000.0,1.41e+17,5.76e+17,3.01e+17,32131.06,103.152,921.0,152,988.82,29.96,0.14,121,-0.3700000000000045,5.788181818181818,False,False,False,dry,O2,94,9,9_11,none
1.449,16.037,14.986,19.954,198.854,90.061,498.802,4071.557,4971.507,5.074,92.362,29.929,23.801,365,468.916,104.818,3639.0,1345.0,128.0,71.419,50.301,0.999,2061.0,7580000000000000.0,3.92e+16,6.26e+16,2.99e+17,32688.64,100.503,903.0,151,1294.62,31.93,0.22,24,-15.120000000000005,29.796666666666667,False,False,False,wet,H2O,15,29,29_40,none
0.846,12.517,14.824,20.034,200.796,90.111,500.809,3955.256,5021.072,5.143,91.957,29.875,18.961,365,466.967,104.573,3644.0,1381.0,106.0,72.197,49.995,0.991,2080.0,1.19e+16,5590000000000000.0,4.93e+17,3.01e+17,32446.722,99.926,900.0,150,1290.8,44.51,0.24,25,-20.19000000000005,28.8076,False,False,False,wet,H2O,6,29,29_38,none
1.55,16.03,14.973,19.896,201.611,89.982,507.983,4037.672,4962.852,5.067,90.293,29.975,41.008,365,526.779,107.993,3671.0,1545.0,287.0,71.576,50.696,0.917,2030.0,6660000000000000.0,5.41e+16,5e+17,2.99e+17,31249.729,102.005,893.0,155,1132.54,29.71,0.04,32,-17.529999999999973,22.4228125,False,False,False,dry,O2,127,9,9_41,none
1.189,14.584,15.094,20.065,200.061,89.898,501.729,4031.254,4979.049,4.85,91.288,29.992,8.052,436,519.029,104.804,3643.0,1533.0,434.0,71.869,50.839,1.054,2049.0,9260000000000000.0,1.08e+17,1.09e+18,3.01e+17,30899.983,104.516,907.0,155,1167.57,32.92,0.33,32,-9.590000000000032,22.1746875,False,False,False,wet,H2O,90,9,9_42,none
1.532,17.407,15.094,20.199,195.193,90.074,502.395,4078.212,4973.531,4.696,93.265,30.045,37.452,365,506.435,108.641,3677.0,1520.0,223.0,70.895,51.3,1.021,2038.0,1.14e+16,1.13e+17,4.62e+17,3e+17,31964.984,104.709,885.0,156,1131.54,32.86,0.19,32,7.549999999999954,21.6390625,False,False,False,wet,H2O,114,9,9_43,none
1.252,16.074,14.95,19.984,200.903,89.917,506.96,3939.247,4936.637,5.116,88.42,30.013,29.612,365,522.296,110.055,3673.0,1353.0,454.0,70.783,51.298,1.027,2031.0,8440000000000000.0,9.18e+16,8.33e+17,3e+17,32318.723,103.053,905.0,156,1141.89,29.87,0.05,32,-10.809999999999944,22.2128125,False,False,False,dry,O2,130,9,9_44,none
1.4,18.945,15.198,20.125,200.549,90.083,501.192,4021.127,5077.15,5.05,93.002,30.002,23.929,365,559.265,105.806,3627.0,1597.0,436.0,70.58,51.822,1.16,2071.0,9640000000000000.0,7.41e+16,2.4e+17,3e+17,31891.35,101.898,883.0,155,983.82,27.4,0.3,31,-21.840000000000032,23.28516129032258,False,False,False,dry,O2,115,9,9_45,none
1.67,19.012,14.858,20.094,198.541,90.038,503.362,3998.96,4983.67,5.02,93.542,30.081,45.145,436,536.784,107.877,3653.0,1399.0,210.0,71.704,51.633,1.001,2065.0,9120000000000000.0,4.07e+16,2.54e+17,3.01e+17,31408.978,102.541,895.0,155,915.13,35.16,0.16,32,-8.610000000000014,22.1440625,False,False,False,wet,H2O,57,9,9_46,none
1.824,13.867,14.788,19.909,200.072,90.007,501.211,3942.186,5071.721,5.273,91.821,30.035,47.367,365,505.425,106.899,3652.0,1475.0,379.0,72.221,51.388,1.156,2058.0,6980000000000000.0,5.54e+16,8.43e+17,3.01e+17,32608.139,103.16,900.0,152,1037.11,37.52,0.01,30,-17.019999999999982,23.900666666666663,False,False,False,dry,O2,78,9,9_47,none
1.971,18.851,14.978,20.017,198.156,89.819,501.049,4078.108,4880.785,4.902,94.067,30.056,34.4,405,539.849,108.274,3723.0,1454.0,148.0,71.25,51.024,0.848,1996.0,4550000000000000.0,6.94e+16,4.57e+17,2.98e+17,32496.826,104.1,916.0,159,994.51,39.37,0.23,28,-14.289999999999964,25.510357142857146,False,False,False,dry,O2,124,9,9_48,none
1.167,20.746,15.036,20.133,199.516,89.971,501.731,4147.144,4925.701,4.841,91.289,30.117,29.601,365,514.129,108.004,3681.0,1517.0,385.0,69.468,51.437,1.125,2012.0,1.6e+16,1.43e+17,5.02e+17,3.02e+17,31912.037,106.471,898.0,154,1071.55,32.7,0.2,31,-7.690000000000055,22.82870967741936,False,False,False,dry,O2,145,9,9_49,none
1.438,11.155,15.151,20.031,203.224,90.08,497.052,4015.405,4917.838,4.905,96.752,29.821,41.499,436,491.598,106.867,3659.0,1460.0,330.0,71.447,50.28,0.866,2070.0,1.1e+16,7.72e+16,6.64e+16,3.03e+17,31192.322,103.554,916.0,154,1093.19,38.24,0.27,30,-8.919999999999959,23.630666666666663,False,False,False,wet,H2O,61,9,9_50,none
0.798,15.197,15.097,19.941,201.338,90.032,500.111,4115.585,5108.372,4.828,92.789,30.015,33.718,436,497.532,106.264,3633.0,1496.0,226.0,69.736,50.663,1.09,2066.0,1.75e+16,1.39e+17,6.15e+17,3e+17,31265.609,105.775,884.0,154,1205.62,38.22,0.07,27,-6.0,26.14814814814815,False,False,False,dry,O2,68,9,9_51,none
0.735,12.527,15.104,20.014,201.705,89.842,501.307,4060.395,4957.273,4.815,90.383,30.047,30.193,436,521.821,108.443,3656.0,1584.0,181.0,70.337,52.312,0.907,2050.0,1.18e+16,7.14e+16,5.56e+17,2.99e+17,32341.815,102.441,897.0,157,1133.33,38.32,0.28,27,-10.840000000000032,26.32740740740741,False,False,False,wet,H2O,100,9,9_52,none
1.238,19.893,15.364,20.055,198.598,90.091,496.526,4115.666,4991.481,5.099,92.392,30.046,76.072,405,495.559,109.151,3672.0,1429.0,301.0,70.707,51.623,1.225,2022.0,6100000000000000.0,1.23e+16,1.06e+18,3e+17,31982.524,103.142,893.0,157,1140.56,40.12,0.31,27,-14.049999999999956,26.446296296296296,False,False,False,dry,O2,90,9,9_53,none
1.994,16.83,14.87,19.797,194.591,89.966,494.575,3893.239,4866.376,4.711,88.592,29.977,35.628,365,474.913,107.005,3665.0,1424.0,309.0,71.533,50.648,1.144,2057.0,1.93e+16,,3.09e+17,2.99e+17,32444.282,101.371,877.0,152,1287.86,39.9,0.12,29,-16.610000000000014,24.710689655172413,False,False,False,wet,H2O,186,29,29_28,none
1.618,17.323,14.911,20.085,195.372,89.96,495.295,4001.242,4881.224,4.743,88.604,29.89,39.39,365,479.426,106.982,3663.0,1472.0,316.0,72.191,50.729,0.989,2038.0,7620000000000000.0,3.37e+16,1999999999999.986,3e+17,32445.342,101.786,878.0,153,1294.3,35.81,0.17,30,-20.83000000000004,24.02766666666667,False,False,False,wet,H2O,132,29,29_29,none
1.716,16.138,15.028,19.914,195.244,89.942,495.302,4054.644,4883.512,4.982,88.454,29.862,30.448,365,464.883,107.069,3666.0,1464.0,308.0,72.264,50.907,1.069,2045.0,1.1e+16,4.97e+16,8.93e+16,3e+17,32412.547,102.093,878.0,153,1286.02,28.7,0.23,32,-22.090000000000032,22.5653125,False,False,False,wet,H2O,150,29,29_30,none
2.042,18.888,14.985,19.912,194.751,90.02,494.625,3957.085,4868.1,4.894,89.147,30.002,35.158,365,472.779,106.974,3663.0,1441.0,317.0,71.133,50.947,0.984,2070.0,2800000000000000.0,32645606688.973,26639638.966,3.01e+17,31636.857,101.963,877.0,153,1290.66,34.51,0.12,31,4.409999999999968,22.4383870967742,False,False,False,wet,H2O,207,29,29_31,Edge-Loc
1.887,18.974,14.998,20.015,195.854,90.039,495.616,4087.917,4892.861,4.959,88.624,30.121,33.316,365,476.039,106.512,3682.0,1614.0,523.0,71.651,50.904,1.046,2047.0,1.96e+16,1.31e+16,4.64e+17,3e+17,30152.789,102.046,874.0,153,1284.86,45.75,0.3,31,-16.710000000000036,23.11967741935484,False,False,False,wet,H2O,354,29,29_32,Edge-Loc
0.778,14.078,14.966,20.026,199.607,90.051,499.537,4025.517,4993.132,4.886,91.764,29.931,23.023,365,466.882,105.78,3609.0,1278.0,105.0,68.403,50.142,1.079,2082.0,1.97e+16,6.28e+16,45699999999999.9,2.99e+17,32166.307,100.488,909.0,151,1281.71,44.42,0.32,33,13.57000000000005,20.80090909090909,False,False,False,wet,H2O,9,29,29_33,none
1.066,18.932,15.053,19.973,200.563,90.165,500.4,4036.751,5011.71,4.88,92.389,30.207,29.254,365,470.76,105.9,3613.0,1284.0,111.0,69.086,50.232,0.905,2066.0,2e+16,7.88e+16,6.3e+17,2.99e+17,32454.43,101.103,910.0,151,1279.63,44.41,0.2,33,8.740000000000009,20.947272727272725,False,False,False,wet,H2O,12,29,29_34,none
0.948,20.604,14.796,20.01,201.618,90.074,501.652,4013.958,5041.084,5.023,92.445,29.862,32.195,365,480.877,105.505,3632.0,1409.0,147.0,71.071,50.571,1.08,2064.0,1.29e+16,4.09e+16,3.38e+17,3e+17,32445.7,101.403,909.0,152,1279.61,44.63,0.27,32,-10.110000000000014,22.1909375,False,False,False,wet,H2O,6,29,29_35,none
0.699,11.137,15.062,20.037,200.489,89.957,500.737,3985.657,5011.169,5.049,92.358,30.094,20.387,365,469.539,104.699,3632.0,1328.0,159.0,70.884,50.372,1.08,2054.0,7340000000000000.0,1.58e+16,1.13e+16,3e+17,32450.112,100.797,900.0,151,1270.33,44.42,0.29,20,-9.08000000000004,35.454,False,False,False,wet,H2O,0,29,29_36,none
0.647,15.394,15.115,19.915,200.634,89.94,500.604,4047.586,5014.073,4.987,92.458,29.987,25.003,365,474.545,104.493,3649.0,1380.0,165.0,72.391,49.991,1.014,2090.0,7360000000000000.0,3.99e+16,2.38e+17,3e+17,32158.015,100.039,900.0,150,1280.72,44.46,0.23,26,-23.299999999999955,27.819230769230767,False,False,False,wet,H2O,21,29,29_37,none
1.163,19.756,15.017,19.981,198.718,90.029,498.974,4062.778,4971.01,4.879,91.654,29.967,17.807,365,467.556,104.505,3633.0,1296.0,187.0,70.862,49.911,0.98,2093.0,4190000000000000.0,1.12e+17,141999999999.977,2.99e+17,32657.419,99.872,900.0,150,1278.0,32.75,0.2,24,-8.730000000000018,29.530416666666667,False,False,False,wet,H2O,6,29,29_39,none
1.172,14.601,14.949,20.123,203.614,89.929,493.367,4044.385,5047.541,5.117,92.823,30.094,43.142,436,543.537,110.274,3650.0,1580.0,341.0,72.357,52.0,1.139,2073.0,1.48e+16,5.99e+16,5.52e+17,3e+17,31181.326,102.436,915.0,157,1087.42,32.0,0.18,33,-2.1000000000000227,21.275757575757577,False,False,False,wet,H2O,132,9,9_40,none
1.355,12.922,14.916,20.008,196.927,89.898,492.259,3961.809,4935.955,4.999,91.998,29.934,52.641,365,527.648,108.346,3674.0,1479.0,566.0,71.362,50.761,1.075,2072.0,1.2e+16,1.56e+17,1.4e+18,3.02e+17,32270.42,103.376,891.0,152,975.13,40.89,0.2,75,-8.639999999999986,9.448533333333334,False,False,False,wet,H2O,193,9,9_12,none
1.563,16.09,14.928,19.938,201.673,89.863,507.843,4037.615,4962.829,5.134,90.115,29.966,40.934,365,527.1,108.255,3671.0,1545.0,287.0,71.674,50.635,1.086,2030.0,6660000000000000.0,5.41e+16,5e+17,2.99e+17,31249.659,101.98,893.0,155,1114.38,29.52,0.39,136,-17.549999999999955,5.27610294117647,False,False,False,dry,O2,127,9,9_14,none
1.029,14.405,14.747,19.981,200.111,90.011,499.728,3997.014,4996.164,4.938,91.685,29.973,29.897,365,473.652,106.018,3647.0,1482.0,190.0,71.878,50.968,0.862,2064.0,1.28e+16,3430000000000000.0,1.23e+17,2.99e+17,32636.682,102.183,908.0,153,1271.35,44.42,0.18,25,-17.309999999999945,28.6924,False,False,False,wet,H2O,78,29,29_16,none
1.134,10.602,15.094,20.11,199.026,90.212,499.057,3980.642,4975.798,4.854,91.171,29.797,20.073,365,463.86,105.501,3644.0,1384.0,214.0,71.332,50.316,1.113,2086.0,2.07e+16,1.53e+17,1.17e+18,3e+17,32666.401,101.069,904.0,151,1268.96,44.36,0.13,24,-12.990000000000007,29.707916666666662,False,False,False,wet,H2O,78,29,29_17,none
1.294,20.296,14.942,20.076,198.503,89.955,498.549,3969.274,4961.773,4.975,92.015,30.096,36.446,365,480.386,106.542,3647.0,1473.0,174.0,71.393,50.848,1.013,2090.0,2e+16,2.07e+16,6.9e+17,3e+17,32646.302,102.151,908.0,153,1277.4,44.42,0.13,23,-14.75,31.07608695652174,False,False,False,wet,H2O,102,29,29_18,none
0.869,12.455,14.805,19.942,199.958,90.051,500.023,3998.252,4997.674,5.067,92.162,29.887,35.289,365,470.529,107.25,3648.0,1371.0,178.0,72.078,50.865,1.133,2092.0,1.71e+16,1.82e+16,3.78e+16,3e+17,32682.768,102.053,913.0,153,1269.25,44.4,0.3,24,-21.529999999999973,30.06375,False,False,False,wet,H2O,60,29,29_19,none
0.863,16.19,14.917,20.079,200.374,90.001,500.467,4008.709,5010.761,5.111,91.925,29.836,42.572,365,484.829,107.224,3639.0,1272.0,183.0,71.575,51.095,1.122,2075.0,9560000000000000.0,7.74e+16,4.67e+17,3e+17,32673.352,102.539,913.0,154,1274.28,44.66,0.26,25,-15.159999999999968,28.6064,False,False,False,wet,H2O,27,29,29_20,none
0.842,19.308,15.1,19.957,200.062,90.045,500.2,4004.017,5005.066,4.92,91.749,29.988,38.074,365,483.352,106.747,3641.0,1408.0,141.0,71.431,50.731,1.01,2086.0,2520000000000000.0,1.37e+16,3070000000000000.0,3e+17,32653.664,101.853,912.0,153,1277.27,44.57,0.04,26,-13.100000000000025,27.42692307692308,False,False,False,wet,H2O,66,29,29_21,none
0.886,14.613,14.94,20.04,199.709,89.956,499.436,3991.297,4989.05,4.756,91.855,30.167,34.681,365,474.453,106.831,3643.0,1361.0,176.0,71.275,50.873,1.072,2078.0,1.28e+16,1070000000000000.0,3.59e+17,3e+17,32677.062,102.108,913.0,153,1273.46,44.47,0.18,25,-14.259999999999993,28.5704,False,False,False,wet,H2O,78,29,29_22,none
0.788,18.654,15.053,19.921,199.161,89.843,499.123,3982.929,4978.733,4.958,91.722,30.087,35.719,365,478.36,106.742,3645.0,1360.0,223.0,71.532,50.853,0.961,2086.0,3840000000000000.0,3.82e+16,1875907864.97,2.98e+17,32696.529,101.925,913.0,153,1276.87,44.7,0.32,25,-14.889999999999986,28.5956,False,False,False,wet,H2O,96,29,29_23,none
1.103,14.87,14.881,19.934,199.546,90.037,499.602,3992.734,4990.897,4.939,91.985,30.075,39.425,365,486.3,106.334,3639.0,1521.0,108.0,71.637,50.665,1.004,2059.0,1.2e+16,1.18e+17,1.05e+17,3e+17,32701.062,101.748,912.0,153,1273.41,44.79,0.2,25,-15.370000000000005,28.6148,False,False,False,wet,H2O,33,29,29_24,none
0.506,19.859,14.738,20.074,199.848,89.72,499.99,3996.338,4995.566,5.02,92.366,30.001,32.082,365,474.477,106.121,3657.0,1465.0,339.0,72.525,50.508,1.023,2038.0,1.18e+16,1.09e+17,5.12e+17,3e+17,32451.48,101.51,913.0,152,1273.8,44.55,0.16,25,-24.42999999999995,28.9772,False,False,False,wet,H2O,117,29,29_25,none
0.96,12.031,15.07,20.03,200.031,89.863,500.066,4001.616,5001.921,5.095,91.894,30.241,20.999,365,465.969,105.052,3661.0,1471.0,321.0,71.834,50.477,1.146,2035.0,1.77e+16,7.78e+16,8.15e+17,3.01e+17,32534.437,101.199,904.0,152,1277.96,44.62,0.23,25,-19.50999999999999,28.7804,False,False,False,wet,H2O,186,29,29_26,none
1.106,10.612,14.928,20.003,199.306,89.963,499.132,3984.912,4981.266,5.026,91.937,30.149,31.902,365,481.737,105.549,3657.0,1596.0,328.0,71.37,49.976,1.083,2056.0,2.07e+16,1.45e+17,1.21e+18,3.02e+17,32621.423,100.561,905.0,151,1272.16,44.64,0.13,22,-13.769999999999982,32.44409090909091,False,False,False,wet,H2O,207,29,29_27,Edge-Loc
1.595,17.676,14.879,20.06,191.294,89.863,496.053,3991.011,4966.723,5.029,92.419,30.05,26.462,365,509.691,107.17,3676.0,1497.0,254.0,70.826,50.429,0.99,2069.0,1.18e+16,1.18e+17,6.36e+17,3e+17,32163.82,100.225,908.0,158,1158.97,39.53,0.32,23,-6.100000000000023,30.7,False,False,False,wet,H2O,97,10,10_28,none
0.644,16.304,14.987,20.147,202.851,90.013,500.343,4043.029,5036.669,5.092,91.012,29.944,55.051,405,523.1,105.295,3629.0,1711.0,431.0,71.605,50.729,1.02,2063.0,1.59e+16,1.22e+17,6.64e+17,3e+17,31833.674,102.313,886.0,156,1274.64,25.96,0.19,23,-4.419999999999959,30.626956521739128,False,False,False,dry,O2,104,10,10_29,none
0.629,17.266,15.073,20.134,194.034,90.116,502.325,3955.567,5039.145,5.03,95.695,30.093,55.467,365,508.657,108.213,3670.0,1371.0,524.0,72.174,51.238,1.05,2045.0,1.41e+16,1.29e+17,3.86e+17,3.03e+17,32188.338,106.259,896.0,153,1051.14,34.6,0.05,23,-6.059999999999945,30.69826086956521,False,False,False,dry,O2,164,10,10_30,none
1.811,12.513,14.91,19.95,198.001,90.203,503.434,4045.871,5063.421,5.026,90.706,29.846,29.277,436,547.841,108.339,3654.0,1305.0,218.0,70.734,51.713,0.826,2065.0,1.6e+16,7.8e+16,3.19e+16,2.99e+17,32228.215,102.091,891.0,158,1178.0,32.82,0.2,24,-13.029999999999973,29.70958333333333,False,False,False,wet,H2O,82,10,10_31,none
1.826,14.798,15.126,19.965,199.793,90.142,498.538,4013.963,5118.279,4.913,91.081,29.952,50.397,365,547.033,107.863,3635.0,1512.0,130.0,70.16,51.058,1.04,2092.0,1.31e+16,1.08e+17,8.48e+17,3e+17,30846.651,101.654,887.0,154,1093.13,31.81,0.11,25,-27.370000000000005,29.0948,False,False,False,wet,H2O,24,10,10_32,none
1.118,17.124,15.07,20.014,204.375,90.066,494.414,4023.746,5047.745,4.924,90.387,29.881,52.088,405,542.075,108.18,3657.0,1575.0,313.0,69.56,52.061,1.018,2038.0,1.24e+16,9.84e+16,4.61e+17,3.02e+17,32057.819,101.255,908.0,157,1172.91,32.84,0.17,25,-9.960000000000036,28.3984,False,False,False,dry,O2,100,10,10_34,none
1.573,12.871,15.11,20.014,202.885,89.942,498.263,4014.036,4928.804,5.019,90.057,29.945,37.861,436,463.858,110.001,3665.0,1427.0,330.0,71.148,50.972,1.056,2026.0,6230000000000000.0,7.04e+16,5.95e+17,2.99e+17,31995.012,103.303,893.0,155,987.66,38.19,0.17,25,-12.490000000000007,28.4996,False,False,False,dry,O2,102,10,10_35,none
0.841,13.171,15.086,19.998,202.42,89.845,505.97,4024.291,4984.169,4.867,93.705,29.877,37.412,365,487.658,107.29,3657.0,1344.0,417.0,72.169,50.545,1.207,2037.0,1.5e+16,8.48e+16,9.33e+17,3.01e+17,31986.797,101.745,879.0,152,1149.39,39.84,0.38,25,-5.350000000000023,28.214,False,False,False,wet,H2O,62,10,10_36,none
0.935,15.293,15.037,19.996,196.174,90.033,502.423,4041.601,4934.029,5.025,90.286,29.919,51.395,436,479.718,108.635,3641.0,1474.0,317.0,70.458,52.281,0.983,2087.0,1.62e+16,1.59e+17,5.12e+17,3.01e+17,31791.295,104.228,873.0,154,982.47,35.71,0.29,25,-13.039999999999964,28.5216,False,False,False,dry,O2,54,10,10_37,none
1.426,18.128,14.891,20.055,201.323,89.907,502.674,4057.625,5002.94,4.928,89.103,29.911,27.97,436,512.812,106.176,3660.0,1466.0,476.0,71.53,51.735,1.038,2062.0,9500000000000000.0,5.7e+16,8.14e+17,3.03e+17,30626.354,100.824,871.0,156,1125.63,28.84,0.23,27,-11.809999999999944,26.36333333333333,False,False,False,dry,O2,84,10,10_38,none
1.817,15.192,15.083,19.917,201.379,89.813,502.116,3953.272,5103.892,5.148,91.531,29.864,36.1,365,506.573,108.373,3666.0,1517.0,479.0,71.12,50.69,1.013,2031.0,1.03e+16,6.98e+16,2.86e+17,3e+17,31950.759,103.668,898.0,153,982.35,34.53,-0.0,28,-1.2000000000000457,25.042857142857144,True,False,False,dry,O2,30,10,10_39,none
1.055,12.365,14.972,19.818,199.969,90.071,500.174,3999.874,4999.878,5.15,91.873,30.032,29.041,365,469.095,106.397,3643.0,1385.0,211.0,71.525,50.429,1.145,2046.0,1.71e+16,7600000000000000.0,8.46e+17,3e+17,32632.19,101.152,905.0,152,1275.72,44.55,-0.03,25,-15.960000000000036,28.6384,True,False,False,wet,H2O,45,29,29_15,none
1.334,14.405,15.248,20.035,203.54,89.986,493.663,4044.327,5047.454,5.035,92.695,30.141,43.124,436,543.588,110.106,3650.0,1580.0,341.0,72.382,50.695,0.961,2073.0,1.48e+16,5.99e+16,5.52e+17,3e+17,31181.156,102.359,915.0,157,1071.12,31.99,0.21,138,-2.1100000000000136,5.087753623188406,False,False,False,wet,H2O,132,9,9_13,none
0.854,19.768,14.947,20.243,200.255,90.102,500.253,4006.361,5007.866,4.89,92.041,30.0,34.421,365,485.068,105.574,3644.0,1376.0,180.0,71.354,49.974,0.904,2044.0,1.53e+16,1.05e+17,1.81e+17,3.01e+17,32664.798,100.22,904.0,150,1269.38,44.74,0.16,25,-11.610000000000014,28.4644,False,False,False,wet,H2O,102,29,29_14,none
0.847,15.148,15.14,20.075,198.952,89.953,498.736,3976.798,4971.102,4.916,91.801,30.115,18.068,365,467.574,104.332,3633.0,1296.0,187.0,70.938,49.64,0.945,2093.0,1.13e+16,1.12e+17,142000000000.213,2.99e+17,32657.131,99.682,900.0,150,1272.86,44.45,0.27,24,-8.690000000000055,29.52875,False,False,False,wet,H2O,6,29,29_12,none
0.61,14.744,14.995,19.906,200.087,90.07,500.612,4031.301,4978.948,4.879,91.254,30.06,8.094,436,518.927,105.038,3643.0,1533.0,434.0,71.747,51.521,0.858,2049.0,9260000000000000.0,1.08e+17,1.09e+18,3.01e+17,30899.766,104.501,907.0,155,1161.84,32.89,0.26,235,-9.539999999999964,3.01931914893617,False,False,False,wet,H2O,90,9,9_15,none
1.256,15.905,14.999,20.011,195.159,89.862,498.837,4078.178,4973.428,4.784,93.209,29.922,37.565,365,506.244,108.524,3677.0,1520.0,223.0,70.823,51.3,1.039,2038.0,1.14e+16,1.13e+17,4.62e+17,3e+17,31964.957,104.667,885.0,156,1121.64,32.71,0.2,93,7.549999999999954,7.445698924731183,False,False,False,wet,H2O,114,9,9_16,none
1.59,13.4,15.026,19.964,200.537,89.939,504.598,3939.425,4936.768,5.054,88.54,30.024,29.619,365,522.22,110.235,3673.0,1353.0,454.0,70.755,51.101,0.928,2031.0,8440000000000000.0,9.18e+16,8.33e+17,3e+17,32318.654,102.834,905.0,156,1134.31,29.67,0.23,101,-10.700000000000044,7.036633663366337,False,False,False,dry,O2,130,9,9_17,none
1.228,17.677,14.998,19.831,200.496,89.961,504.04,4021.305,5077.076,4.927,93.129,30.053,23.969,365,559.471,105.881,3627.0,1597.0,436.0,70.265,50.759,1.148,2071.0,9640000000000000.0,7.41e+16,2.4e+17,3e+17,31891.522,101.996,883.0,155,978.51,27.45,0.06,116,-22.100000000000023,6.2250000000000005,False,False,False,dry,O2,115,9,9_18,none
0.999,16.445,15.064,20.062,198.539,89.922,505.212,3998.884,4983.83,5.17,93.369,30.305,45.071,436,536.757,107.947,3653.0,1399.0,210.0,71.788,49.546,0.942,2065.0,9120000000000000.0,4.07e+16,2.54e+17,3.01e+17,31409.137,102.856,895.0,155,901.13,35.32,0.32,42,-8.419999999999959,16.867142857142856,False,False,False,wet,H2O,57,9,9_19,none
1.155,15.623,14.784,20.061,199.964,90.143,505.75,3941.946,5071.698,4.945,91.959,30.012,47.243,365,505.459,107.046,3652.0,1475.0,379.0,72.399,51.247,1.125,2058.0,6980000000000000.0,5.54e+16,8.43e+17,3.01e+17,32608.352,103.083,900.0,152,1030.26,37.59,0.22,71,-16.850000000000023,10.096478873239436,False,False,False,dry,O2,78,9,9_20,none
1.201,15.325,15.081,19.86,198.344,90.116,502.405,4078.168,4880.71,5.221,93.997,30.105,34.294,405,539.866,108.41,3723.0,1454.0,148.0,71.05,50.864,0.787,1996.0,4550000000000000.0,6.94e+16,4.57e+17,2.98e+17,32496.751,104.093,916.0,159,988.89,39.31,0.22,122,-14.149999999999975,5.853688524590163,False,False,False,dry,O2,124,9,9_21,none
2.127,12.326,14.902,20.0,199.666,90.02,502.615,4147.642,4925.668,4.871,91.328,30.154,29.435,365,514.14,108.071,3681.0,1517.0,385.0,69.79,51.561,1.17,2012.0,1.6e+16,1.43e+17,5.02e+17,3.02e+17,31912.067,106.551,898.0,154,1062.13,32.82,0.26,49,-7.67999999999995,14.442448979591836,False,False,False,dry,O2,145,9,9_22,none
0.9,13.247,15.064,20.039,203.168,90.083,499.217,4015.093,4917.931,4.92,96.619,30.053,41.367,436,491.818,106.931,3659.0,1460.0,330.0,71.329,50.427,1.125,2070.0,1.1e+16,7.72e+16,6.64e+16,3.03e+17,31192.247,103.52,916.0,154,1091.74,38.31,0.12,116,-8.769999999999982,6.110086206896551,False,False,False,wet,H2O,61,9,9_23,none
0.577,14.023,15.298,19.803,201.29,90.047,504.128,4115.71,5108.275,4.759,92.789,30.175,33.578,436,497.491,106.563,3633.0,1496.0,226.0,69.762,50.991,1.015,2066.0,1.75e+16,1.39e+17,6.15e+17,3e+17,31265.545,105.755,884.0,154,1192.06,38.07,0.28,140,-6.039999999999964,5.043142857142857,False,False,False,dry,O2,68,9,9_24,none
1.406,10.789,15.116,20.124,201.93,90.035,504.227,4060.472,4957.42,4.689,90.457,29.946,30.248,436,521.908,108.47,3656.0,1584.0,181.0,70.434,52.508,0.989,2050.0,1.18e+16,7.14e+16,5.56e+17,2.99e+17,32341.85,102.232,897.0,157,1121.34,38.53,0.15,60,-10.909999999999968,11.8485,False,False,False,wet,H2O,101,9,9_25,none
0.869,11.098,15.249,19.853,198.422,90.13,504.418,4115.424,4991.571,5.016,92.394,30.09,76.394,405,495.464,109.117,3672.0,1429.0,301.0,70.59,51.595,0.912,2022.0,6100000000000000.0,1.23e+16,1.06e+18,3e+17,31982.336,102.928,893.0,157,1123.13,39.91,0.22,63,-13.840000000000032,11.330793650793652,False,False,False,dry,O2,90,9,9_26,none
2.088,16.787,14.994,20.012,194.873,89.953,494.659,3893.19,4866.771,4.836,88.718,30.012,35.777,365,475.097,106.839,3665.0,1424.0,309.0,71.705,50.573,1.174,2057.0,6960000000000000.0,5520000000000000.0,3.09e+17,2.99e+17,32444.14,101.201,877.0,152,1275.46,45.93,0.22,29,-16.909999999999968,24.72103448275862,False,False,False,wet,H2O,186,29,29_1,none
1.616,20.003,14.807,20.029,195.292,90.288,495.358,3904.908,4881.115,4.836,88.806,29.876,39.453,365,479.385,106.917,3663.0,1472.0,316.0,71.995,50.902,1.321,2038.0,3589999999999999.5,3.37e+16,2000000000000.128,3e+17,32445.416,102.149,878.0,153,1276.09,45.71,0.13,30,-20.600000000000023,24.02,False,False,False,wet,H2O,132,29,29_2,none
2.023,10.404,15.003,20.221,195.187,90.086,495.247,3906.807,4883.439,4.865,88.527,29.991,30.292,365,464.855,107.034,3666.0,1464.0,308.0,72.037,50.649,1.047,2045.0,2.1e+16,4.97e+16,8.93e+16,3e+17,32412.172,102.161,878.0,153,1283.91,45.91,0.28,29,-21.970000000000027,24.895517241379316,False,False,False,wet,H2O,150,29,29_3,none
2.047,14.636,15.011,19.987,194.562,90.134,494.663,3894.358,4868.238,4.744,89.177,30.0,35.289,365,473.112,106.904,3663.0,1441.0,317.0,71.357,50.602,0.929,2070.0,1.19e+16,32645606689.05,26639639.106,3.01e+17,31636.871,102.13,877.0,153,1273.81,46.06,0.2,30,-12.57000000000005,23.752333333333336,False,False,False,wet,H2O,207,29,29_4,Edge-Loc
2.045,16.386,15.026,20.062,195.603,90.143,495.675,3914.425,4892.965,4.928,88.662,30.135,33.399,365,476.065,106.47,3682.0,1614.0,523.0,71.749,50.809,0.74,2047.0,7800000000000000.0,1.31e+16,4.64e+17,3e+17,30152.877,101.94,874.0,153,1272.61,45.7,0.33,30,-16.860000000000014,23.895333333333333,False,False,False,wet,H2O,354,29,29_5,Edge-Loc
0.836,19.811,15.176,20.115,199.867,89.945,499.418,3994.447,4993.045,5.032,92.032,29.952,23.077,365,467.074,105.675,3609.0,1278.0,105.0,68.692,50.268,1.015,2082.0,1.69e+16,6.28e+16,45700000000000.12,2.99e+17,32166.402,100.621,909.0,151,1268.4,44.47,0.07,-2,13.529999999999973,,True,False,False,wet,H2O,9,29,29_6,none
0.957,15.466,15.02,20.005,200.503,90.298,500.532,4009.517,5011.639,5.191,92.419,30.216,29.146,365,470.843,105.652,3613.0,1284.0,111.0,68.994,50.399,0.988,2066.0,1.1e+16,7.88e+16,6.3e+17,2.99e+17,32454.257,100.946,910.0,151,1274.57,44.54,0.06,-6,8.730000000000018,,True,False,False,wet,H2O,12,29,29_7,none
1.222,17.958,15.1,19.958,201.367,89.806,501.622,4032.837,5041.1,4.842,92.249,29.954,32.292,365,480.775,105.548,3632.0,1409.0,147.0,70.913,50.484,0.839,2064.0,5810000000000000.0,4.09e+16,3.38e+17,3e+17,32445.644,101.415,909.0,152,1268.1,44.65,0.22,10,-10.009999999999993,71.001,False,False,False,wet,H2O,6,29,29_8,none
0.915,18.983,15.011,20.084,200.373,90.046,500.393,4008.858,5011.097,4.941,92.327,29.91,20.157,365,469.53,104.569,3632.0,1328.0,159.0,71.032,50.296,1.07,2054.0,3110000000000000.0,1.58e+16,1.13e+16,3e+17,32450.028,100.846,900.0,151,1269.81,44.46,0.4,20,-8.899999999999977,35.445,False,False,False,wet,H2O,0,29,29_9,none
0.732,17.952,15.009,20.05,200.56,89.887,500.565,4011.126,5014.054,4.935,92.624,29.978,25.072,365,474.387,104.643,3649.0,1380.0,165.0,72.472,49.753,1.032,2090.0,5570000000000000.0,3.99e+16,2.38e+17,3e+17,32157.842,99.794,900.0,150,1267.55,44.33,0.23,26,-23.49000000000001,27.826538461538465,False,False,False,wet,H2O,21,29,29_10,none
0.849,20.094,14.886,19.844,200.988,89.933,500.716,4016.897,5021.003,4.945,91.676,30.039,18.944,365,466.91,104.541,3644.0,1381.0,106.0,71.825,49.797,1.068,2080.0,8240000000000000.0,5590000000000000.0,4.93e+17,3.01e+17,32446.988,99.634,900.0,150,1279.65,44.35,0.34,25,-20.0,28.8,False,False,False,wet,H2O,6,29,29_11,none
1.025,15.397,15.113,19.88,198.889,89.989,498.728,3977.236,4971.316,4.856,92.218,30.135,23.939,365,468.966,104.926,3639.0,1345.0,128.0,71.57,50.197,1.106,2061.0,1.08e+16,3.92e+16,6.26e+16,2.99e+17,32688.629,100.604,903.0,151,1275.12,44.57,0.03,24,-15.259999999999993,29.8025,False,False,False,wet,H2O,15,29,29_13,none
1.291,12.868,14.908,19.776,196.891,89.911,492.278,3961.853,4935.98,4.934,91.968,30.069,52.822,365,527.905,108.235,3674.0,1479.0,566.0,71.251,50.825,1.013,2072.0,1.2e+16,1.56e+17,1.4e+18,3.02e+17,32270.24,103.16,891.0,152,979.8,41.07,0.28,34,-8.580000000000041,20.84058823529412,False,False,False,wet,H2O,192,9,9_39,none
1.644,12.064,15.1,19.871,205.346,89.994,505.333,3864.655,5051.537,5.222,93.464,30.219,42.616,405,539.249,106.204,3671.0,1439.0,150.0,69.201,53.1,1.064,2033.0,9570000000000000.0,1.41e+17,5.76e+17,3.01e+17,32130.948,103.26,921.0,152,1003.25,30.28,0.26,31,-0.1200000000000045,22.58451612903226,False,False,False,dry,O2,94,9,9_38,none
1.678,12.258,14.822,19.908,201.801,90.083,502.406,4055.34,5126.3,4.974,93.747,29.974,42.109,365,567.6,108.609,3663.0,1457.0,318.0,69.729,52.104,0.824,2061.0,8760000000000000.0,1.58e+17,9.49e+17,2.99e+17,31269.047,103.474,909.0,159,991.51,25.25,0.21,32,7.17999999999995,21.650625,False,False,False,wet,H2O,96,9,9_37,none
1.283,18.909,15.2,19.866,197.435,90.05,497.736,3953.222,4941.5,4.947,90.193,30.158,48.451,365,472.87,108.613,3662.0,1390.0,249.0,72.415,51.417,1.186,2075.0,8750000000000000.0,8.62e+16,3.45e+17,3.01e+17,32454.071,103.813,898.0,156,1300.57,45.27,0.3,32,-24.50999999999999,22.6409375,False,False,False,wet,H2O,129,28,28_39,none
1.446,20.695,14.984,20.077,198.139,89.998,498.08,3960.535,4950.654,5.025,89.961,30.027,46.879,365,477.965,108.479,3664.0,1561.0,237.0,72.556,51.483,1.119,2075.0,1.73e+16,1.4e+17,1e+18,3.01e+17,32460.085,103.423,898.0,155,1287.47,45.3,0.25,33,-27.879999999999995,22.0569696969697,False,False,False,wet,H2O,117,28,28_40,none
1.147,11.281,14.848,19.984,197.855,90.167,497.996,3958.873,4948.761,4.84,89.968,29.853,38.439,365,470.688,108.421,3656.0,1665.0,257.0,72.212,51.512,0.988,2068.0,1.67e+16,1.31e+17,2410000000000000.0,2.99e+17,32451.648,103.563,893.0,155,1281.15,45.15,0.14,33,-22.600000000000023,21.8969696969697,False,False,False,wet,H2O,81,28,28_41,none
1.204,15.316,14.965,19.973,197.967,89.98,498.024,3959.757,4949.679,4.923,89.577,29.889,46.512,365,468.82,108.301,3669.0,1573.0,285.0,72.777,51.191,1.073,2044.0,1.78e+16,1.23e+16,1.5e+17,,32446.383,103.547,884.0,155,1295.45,45.33,0.2,33,-27.539999999999964,22.046666666666667,False,False,False,wet,H2O,144,28,28_42,none
1.229,12.382,14.907,20.08,197.128,90.181,496.935,3939.628,4924.57,4.784,89.713,29.943,39.762,365,469.576,108.318,3668.0,1526.0,307.0,72.77,51.306,0.865,2038.0,1.89e+16,4.4e+16,1.1e+18,2.99e+17,32461.968,103.45,885.0,155,1283.04,45.2,0.21,33,-26.67999999999995,22.02060606060606,False,False,False,wet,H2O,138,28,28_43,none
1.37,19.923,15.103,20.023,197.254,89.854,497.135,3942.81,4928.641,4.942,89.539,30.014,38.034,365,476.541,107.918,3658.0,1481.0,319.0,71.458,51.012,0.908,2054.0,1.73e+16,1.3e+16,4880000000000000.0,2.98e+17,32460.984,102.634,885.0,154,1288.37,45.26,0.13,32,-13.639999999999986,22.30125,False,False,False,wet,H2O,171,28,28_44,none
1.537,15.891,15.026,20.002,196.38,90.168,496.161,3925.293,4906.47,5.088,89.075,29.952,43.632,365,477.104,107.847,3658.0,1588.0,169.0,72.763,51.253,1.039,2073.0,1.45e+16,1.31e+16,8.7e+17,3e+17,32451.349,103.101,881.0,155,1277.47,45.38,0.38,31,-26.639999999999983,23.44,False,False,False,wet,H2O,129,28,28_45,none
1.594,17.517,15.044,19.795,196.239,89.852,496.092,3920.472,4900.398,4.966,89.159,30.044,35.681,365,464.597,108.231,3645.0,1441.0,269.0,71.796,51.214,0.895,2085.0,1.99e+16,1.06e+17,3340000000000000.0,2.99e+17,32360.479,103.108,881.0,155,1284.0,45.52,0.14,31,-19.340000000000032,23.20451612903226,False,False,False,wet,H2O,87,28,28_46,none
1.859,16.29,14.986,19.857,196.348,89.919,496.253,3926.242,4907.708,4.821,89.149,29.859,40.915,365,479.051,107.779,3656.0,1441.0,233.0,72.321,51.176,1.082,2053.0,3240000000000000.0,2410000000000000.0,60400000000000.0,3.02e+17,32551.14,102.747,881.0,154,1291.96,45.3,0.28,33,-22.549999999999955,21.895454545454545,False,False,False,wet,H2O,132,28,28_47,none
1.506,17.949,14.852,19.883,196.394,90.09,496.374,3929.555,4911.799,4.927,89.132,30.127,45.694,365,478.561,107.811,3646.0,1402.0,301.0,72.944,51.117,1.065,2084.0,3490000000000000.0,1.32e+16,1810000000000000.0,2.98e+17,32446.211,102.822,881.0,154,1299.39,45.45,0.18,33,-28.730000000000015,22.082727272727272,False,False,False,wet,H2O,114,28,28_48,none
1.749,19.18,15.157,19.939,196.016,89.914,495.962,3920.136,4899.741,4.883,88.511,29.826,24.347,365,464.136,106.184,3648.0,1481.0,269.0,72.84,50.907,1.048,2062.0,1.51e+16,9230000000000.004,576000000000000.0,3e+17,32441.472,102.59,878.0,154,1283.74,45.29,0.21,32,-28.94000000000005,22.779375,False,False,False,wet,H2O,114,28,28_49,none
2.213,17.327,15.062,20.021,194.221,90.217,494.419,3887.894,4860.02,4.835,88.826,29.937,36.634,365,478.245,106.87,3655.0,1391.0,289.0,71.512,50.535,0.996,2067.0,4240000000000000.0,5.8e+16,22564131371.966,3.01e+17,32449.64,101.163,882.0,152,1288.89,32.75,0.22,29,-13.990000000000007,24.62034482758621,False,False,False,wet,H2O,117,28,28_50,none
1.998,17.377,15.039,20.168,195.308,90.086,495.333,3908.659,4885.975,4.803,88.438,29.965,30.476,365,466.558,106.973,3655.0,1384.0,250.0,72.051,50.716,1.132,2075.0,5950000000000000.0,158999999999999.78,235999999999.933,3e+17,32456.107,101.894,883.0,153,1298.69,31.76,0.32,29,-21.029999999999973,24.86310344827586,False,False,False,wet,H2O,84,28,28_51,none
2.101,14.052,15.066,19.991,194.978,90.106,494.995,3898.818,4873.81,4.95,88.738,30.025,40.492,365,471.719,107.838,3643.0,1496.0,238.0,72.952,51.289,0.93,2106.0,,4620000000000.177,723999999999.926,3.01e+17,32463.322,103.255,881.0,155,1284.93,39.51,0.22,30,-29.17999999999995,24.306,False,False,False,wet,H2O,141,28,28_52,none
1.812,19.47,15.26,19.957,195.467,90.194,495.782,3911.764,4889.881,4.987,88.634,29.871,37.589,365,465.41,108.449,3659.0,1462.0,270.0,72.036,51.181,1.27,2053.0,1.59e+16,117000000000000.14,984000000000.001,2.99e+17,32454.851,102.71,882.0,154,1284.09,32.74,-0.01,33,-21.42999999999995,21.86151515151515,True,False,False,wet,H2O,93,28,28_53,none
2.06,13.356,14.917,19.984,194.67,90.026,494.641,3893.939,4867.335,4.879,88.509,30.023,24.563,365,465.007,106.126,3668.0,1419.0,320.0,72.281,50.845,1.052,2063.0,6790000000000000.0,71000000000000.08,7.88e+17,2.99e+17,32450.025,102.262,878.0,153,1286.31,38.2,0.33,32,-21.25999999999999,22.539375,False,False,False,wet,H2O,171,28,28_54,none
0.499,13.248,14.732,20.155,199.668,90.043,497.899,4019.098,5089.916,5.04,96.197,30.0,46.854,436,561.569,107.737,3690.0,1531.0,362.0,70.989,51.732,1.143,2028.0,1.44e+16,1.21e+17,5.28e+17,3.03e+17,33280.532,100.882,904.0,152,1174.02,37.61,0.01,84,-21.399999999999977,8.588095238095239,False,False,False,dry,O2,110,8,8_1,none
1.316,15.072,15.049,20.199,199.389,89.879,503.299,4083.367,5069.544,4.814,95.048,30.031,33.479,365,517.456,109.162,3644.0,1373.0,363.0,70.483,51.764,0.823,2082.0,1.55e+16,1.4e+17,5.78e+17,3e+17,31913.051,102.453,895.0,156,1165.46,22.73,0.23,67,-4.559999999999945,10.515820895522388,False,False,False,dry,O2,93,8,8_2,none
0.982,17.383,15.08,20.081,200.195,90.198,498.683,4037.216,5027.574,4.934,91.517,30.052,41.213,365,501.937,106.123,3642.0,1429.0,430.0,71.833,51.116,0.914,2071.0,8080000000000000.0,1.89e+17,4.87e+17,2.99e+17,32777.867,102.897,879.0,150,1014.76,27.32,0.14,146,2.1499999999999773,4.779794520547945,False,False,False,wet,H2O,106,8,8_3,none
1.32,14.624,15.038,19.811,200.889,90.106,497.546,3927.617,5002.83,4.949,91.39,29.806,17.708,405,496.111,106.955,3667.0,1474.0,208.0,72.612,52.045,1.298,2050.0,1.53e+16,7.16e+16,1.24e+18,3.02e+17,31290.488,106.956,870.0,157,1169.63,33.05,0.2,28,-6.279999999999973,25.224285714285717,False,False,False,dry,O2,106,8,8_4,none
1.311,16.233,15.036,19.986,197.152,89.976,498.819,4054.458,5040.338,5.25,94.251,30.023,32.674,405,502.961,108.072,3662.0,1549.0,213.0,72.555,50.845,0.984,2050.0,1.13e+16,4.06e+16,8.23e+17,3.01e+17,31298.59,101.382,894.0,157,1124.7,28.87,0.19,123,6.809999999999945,5.635691056910569,False,False,False,dry,O2,53,8,8_5,none
0.963,18.914,14.852,20.024,200.946,89.986,504.054,3989.282,4958.468,4.883,92.577,29.902,38.028,405,515.236,108.19,3656.0,1510.0,447.0,70.679,51.863,1.089,2058.0,1.24e+16,5.16e+16,5.18e+17,3.01e+17,30209.481,102.157,923.0,157,1019.17,31.56,0.2,90,3.200000000000045,7.742222222222222,False,False,False,wet,H2O,111,8,8_6,none
1.31,13.123,15.242,19.915,197.795,90.07,498.608,4036.764,4998.055,5.028,90.52,30.106,51.489,365,493.964,110.45,3654.0,1432.0,457.0,72.595,51.869,1.131,2039.0,7390000000000000.0,7.22e+16,8.49e+17,3e+17,32162.176,102.083,898.0,156,1173.7,34.25,0.06,64,2.6100000000000136,10.89671875,False,False,False,dry,O2,147,8,8_7,none
1.388,13.792,15.345,19.908,197.596,90.006,497.591,3949.374,4936.702,4.983,90.162,29.946,42.061,365,472.514,108.733,3648.0,1466.0,150.0,71.676,51.562,0.907,2063.0,9450000000000000.0,6.98e+16,415000000000000.06,3e+17,32330.846,103.844,898.0,156,1289.47,45.13,0.11,32,-17.940000000000055,22.435625,False,False,False,wet,H2O,57,28,28_38,none
1.004,17.17,14.987,20.024,198.14,90.098,505.014,3911.377,5054.021,5.172,90.481,29.898,62.45,365,516.171,107.995,3636.0,1345.0,509.0,70.199,51.016,1.119,2062.0,1.27e+16,7620000000000000.0,6.7e+17,2.98e+17,32340.021,104.718,899.0,155,1124.67,34.49,0.2,100,-16.269999999999982,7.1627,False,False,False,wet,H2O,78,8,8_8,none
1.204,18.788,14.834,19.958,197.642,90.126,497.538,3954.388,4942.946,5.11,89.704,30.115,45.482,365,473.954,108.79,3652.0,1468.0,162.0,72.028,51.789,1.261,2065.0,1.05e+16,7.19e+16,5.55e+16,2.98e+17,32234.737,104.25,898.0,156,1286.25,45.45,0.34,31,-20.50999999999999,23.24225806451613,False,False,False,wet,H2O,72,28,28_37,none
1.01,15.998,14.829,20.123,197.574,90.025,497.743,3953.788,4942.105,4.985,89.886,30.147,44.049,365,460.613,109.985,3649.0,1433.0,202.0,71.693,51.86,1.192,2078.0,1.05e+16,1050000000000000.0,5.4e+17,3e+17,32547.719,104.61,903.0,157,1286.13,45.25,0.46,32,-15.840000000000032,22.37,False,False,False,wet,H2O,99,28,28_35,none
0.714,16.449,14.826,20.081,203.051,90.03,500.498,4014.092,5065.572,4.944,91.131,30.088,44.476,405,534.329,109.428,3654.0,1564.0,343.0,71.193,51.179,1.111,2050.0,1.77e+16,1.21e+17,5.48e+17,3.01e+17,32069.268,104.602,877.0,156,1230.21,33.47,0.28,138,-8.039999999999964,5.130724637681159,False,False,False,dry,O2,107,8,8_38,none
0.817,15.681,14.964,20.134,195.767,90.01,502.155,3985.481,4967.124,5.162,91.889,29.913,54.71,436,540.131,106.499,3646.0,1601.0,369.0,71.444,51.136,1.119,2053.0,1.32e+16,-5320000000000000.0,1.04e+18,3e+17,32157.237,101.033,919.0,149,1080.68,27.47,0.24,78,16.0,8.76923076923077,False,False,True,dry,O2,92,8,8_39,none
1.832,15.129,14.948,20.055,196.279,89.977,503.484,4047.41,5030.382,5.2,90.216,30.054,38.984,436,547.03,107.619,3662.0,1431.0,418.0,70.374,51.192,1.126,2033.0,9530000000000000.0,8.84e+16,4.29e+17,2.99e+17,31335.505,104.429,906.0,154,1147.69,37.99,0.17,124,-10.66999999999996,5.731209677419354,False,False,False,dry,O2,113,8,8_40,none
1.807,16.005,14.958,19.74,196.729,90.069,498.475,3955.26,4937.713,4.947,91.979,30.018,50.596,365,517.681,107.675,3671.0,1451.0,401.0,71.284,52.296,1.204,2032.0,1.13e+16,2.72e+17,6.65e+17,2.99e+17,30860.53,104.748,904.0,154,953.84,29.81,0.18,44,-5.830000000000041,16.04159090909091,False,False,False,dry,O2,192,8,8_41,none
1.736,17.549,14.969,19.96,197.533,90.079,495.245,4062.695,5051.074,5.088,94.03,30.028,40.704,436,521.59,108.067,3653.0,1518.0,314.0,71.218,51.146,1.096,2083.0,1.91e+16,1.09e+17,1.32e+17,3.03e+17,31055.807,103.709,890.0,154,1142.99,35.6,-0.11,79,-8.049999999999955,8.9626582278481,True,False,False,wet,H2O,73,8,8_42,none
0.998,17.426,15.091,20.202,197.944,89.896,494.537,4071.711,4985.816,5.058,93.107,30.008,54.239,405,524.272,107.837,3684.0,1359.0,331.0,70.471,50.565,1.12,2051.0,1.36e+16,5.26e+16,3.97e+17,3.01e+17,32209.568,104.397,897.0,152,1076.74,39.21,0.32,110,8.779999999999973,6.283818181818182,False,False,False,dry,O2,97,8,8_43,none
1.671,16.105,15.042,19.878,197.219,90.043,498.32,3985.833,5063.035,5.182,92.307,30.005,44.955,436,536.639,108.181,3702.0,1443.0,264.0,71.552,51.115,0.727,2026.0,8380000000000000.0,1.43e+17,9.45e+17,3e+17,31158.029,105.52,892.0,158,1125.56,25.77,0.22,82,-16.92999999999995,8.743048780487804,False,False,False,dry,O2,128,8,8_44,none
0.721,19.081,14.896,20.004,197.99,89.946,505.754,3978.634,5036.293,5.069,90.022,30.028,46.183,365,518.71,105.785,3660.0,1445.0,287.0,69.143,51.579,1.247,2064.0,1.77e+16,1.16e+17,4.54e+17,3e+17,31315.897,104.05,875.0,156,1116.86,34.56,0.27,111,-9.58000000000004,6.392612612612613,False,False,False,wet,H2O,88,8,8_45,none
1.021,18.881,14.77,19.88,197.177,90.031,502.444,4055.938,5011.894,5.058,92.069,29.896,36.381,436,509.608,107.143,3656.0,1455.0,361.0,71.045,51.202,1.022,2058.0,1.07e+16,1.77e+17,1.1e+18,3e+17,31307.424,102.509,899.0,154,1009.4,31.53,0.06,126,-20.69000000000005,5.7197619047619055,False,False,False,wet,H2O,114,8,8_46,none
1.279,13.866,15.288,19.773,197.566,89.987,502.701,4028.937,4911.723,5.033,94.921,29.954,35.366,436,509.308,106.183,3640.0,1522.0,452.0,71.256,51.057,0.949,2090.0,8110000000000000.0,1.45e+17,5.52e+17,3.02e+17,33410.459,101.246,915.0,153,1233.77,31.62,0.35,59,-9.5,12.02542372881356,False,False,False,dry,O2,86,8,8_47,none
1.932,18.748,14.996,20.103,198.205,89.952,502.029,3971.067,5142.808,5.176,91.967,29.999,35.245,365,462.734,107.581,3668.0,1380.0,343.0,71.122,50.196,0.962,2026.0,6510000000000000.0,9.71e+16,6.28e+17,2.99e+17,32024.763,104.334,921.0,155,1125.45,30.94,0.27,80,-5.990000000000009,8.824875,False,False,False,wet,H2O,72,8,8_48,none
0.783,11.025,14.827,20.032,198.34,89.991,505.751,3952.546,5015.028,4.825,92.423,29.913,56.279,405,512.999,107.663,3665.0,1435.0,-49.0,69.749,50.376,0.858,2073.0,1.22e+16,5.67e+16,6.37e+17,3.01e+17,32145.481,105.154,906.0,154,1181.68,32.23,0.21,72,-0.1399999999999863,9.724166666666669,False,True,False,dry,O2,50,8,8_50,none
0.747,15.268,15.058,19.947,198.916,90.031,494.95,3972.214,5030.976,5.097,90.787,29.979,46.049,436,526.021,108.436,3636.0,1415.0,351.0,70.244,51.508,1.044,2071.0,1.17e+16,1.76e+17,6.59e+17,3e+17,31367.486,105.099,904.0,156,1250.08,37.02,0.23,121,-0.6000000000000227,5.790082644628099,False,False,False,wet,H2O,82,8,8_51,none
1.007,12.391,14.998,20.101,201.92,89.948,504.322,4017.181,4941.159,4.884,91.796,30.156,57.462,405,566.437,107.711,3643.0,1382.0,378.0,70.29,51.771,0.903,2072.0,7500000000000000.0,4.31e+16,8.26e+17,3.01e+17,31803.109,101.616,924.0,158,1051.19,29.58,0.25,116,-8.5,6.107758620689655,False,False,False,dry,O2,99,8,8_52,none
1.218,19.878,14.978,20.17,203.207,90.023,499.987,4072.938,5014.843,5.031,90.482,30.006,56.033,405,517.007,109.709,3644.0,1526.0,364.0,70.455,51.552,1.071,2076.0,1.34e+16,8.61e+16,7.3e+17,3.01e+17,32135.015,101.227,892.0,156,1097.45,35.28,0.24,123,-3.92999999999995,5.7230081300813005,False,False,False,wet,H2O,105,8,8_53,none
1.487,16.183,14.85,20.02,202.441,89.874,500.425,4084.93,5008.1,4.893,91.396,30.047,45.761,436,532.239,110.245,3641.0,1443.0,241.0,71.565,52.107,1.114,2087.0,1.35e+16,8.91e+16,2.67e+17,3e+17,31851.961,102.06,907.0,157,1082.2,34.5,0.19,57,-10.100000000000025,12.457894736842103,False,False,False,dry,O2,81,8,8_54,none
1.529,19.209,15.035,20.144,197.373,90.169,497.108,3945.224,4931.509,5.033,89.784,30.047,52.217,405,482.289,108.825,3656.0,1398.0,234.0,72.161,51.383,1.103,2089.0,2330000000000000.0,362000000000000.0,1040000000000000.0,2.99e+17,32771.748,103.797,902.0,156,1289.17,35.08,0.14,31,-22.57000000000005,23.308709677419355,False,False,False,wet,H2O,48,28,28_28,none
0.657,13.357,14.928,20.061,198.044,90.129,497.795,3956.932,4945.81,4.853,89.844,29.949,54.185,405,470.117,108.702,3651.0,1439.0,209.0,72.411,51.761,1.086,2047.0,1.57e+16,1.47e+17,8.61e+17,3.02e+17,32767.877,104.341,901.0,157,1292.53,45.2,0.32,31,-23.049999999999955,23.324193548387097,False,False,False,wet,H2O,15,28,28_29,none
0.648,15.667,15.028,19.961,197.707,90.096,497.63,3952.414,4940.614,4.937,89.781,29.806,54.822,405,480.868,108.193,3651.0,1437.0,269.0,71.711,51.14,1.064,2051.0,1.03e+16,5550000000000000.0,4.07e+16,3.01e+17,32767.986,103.085,901.0,155,1297.06,45.11,-0.05,32,-19.25,22.4765625,True,False,False,wet,H2O,90,28,28_30,none
0.776,20.188,15.142,20.011,197.512,89.963,497.511,3951.15,4938.704,5.072,89.792,29.951,53.837,405,471.592,108.619,3661.0,1617.0,261.0,72.552,51.185,1.103,2070.0,5250000000000000.0,9550000000000000.0,1.92e+16,3e+17,32757.622,103.307,902.0,155,1289.62,45.28,0.19,32,-24.850000000000023,22.6515625,False,False,False,wet,H2O,132,28,28_31,none
1.487,10.365,15.023,20.037,197.505,90.086,497.403,3948.621,4935.77,5.06,90.095,30.011,57.926,405,469.276,108.607,3657.0,1563.0,312.0,71.909,51.668,1.034,2051.0,2.15e+16,2410000000000000.0,188000000000000.1,2.99e+17,32758.748,103.879,903.0,156,1293.37,45.32,0.33,30,-18.629999999999995,23.95433333333333,False,False,False,wet,H2O,156,28,28_32,none
1.461,14.63,15.046,19.877,197.59,89.943,497.805,3953.997,4942.277,4.793,89.724,30.074,47.769,405,472.363,109.284,3655.0,1320.0,265.0,71.949,51.548,1.042,2039.0,1.28e+16,1.36e+16,4.69e+17,2.99e+17,32951.188,103.918,903.0,156,1277.17,45.33,0.34,32,-20.950000000000045,22.5296875,False,False,False,wet,H2O,117,28,28_33,none
0.998,17.275,15.109,20.015,197.501,89.928,497.584,3952.797,4941.13,4.917,89.789,30.037,48.096,405,470.391,109.303,3655.0,1476.0,210.0,72.134,51.662,1.033,2061.0,1.07e+16,79199999999999.9,256000000000000.03,3e+17,32572.838,104.467,903.0,157,1287.9,45.36,0.33,32,-19.309999999999945,22.4784375,False,False,False,wet,H2O,123,28,28_34,none
1.403,19.187,14.945,19.845,197.64,90.101,497.788,3954.407,4943.23,4.976,90.106,29.903,54.952,365,472.704,109.087,3670.0,1709.0,317.0,72.701,51.869,0.993,2052.0,1.08e+16,1.08e+17,3.45e+17,3.01e+17,32547.227,104.431,899.0,157,1294.32,44.98,0.16,32,-26.41999999999996,22.700625,False,False,False,wet,H2O,192,28,28_36,none
1.376,13.091,15.056,20.111,201.683,89.899,500.092,4000.689,5066.993,5.111,91.65,29.957,25.322,436,501.541,109.501,3633.0,1471.0,462.0,72.015,50.807,1.098,2074.0,8430000000000000.0,6.96e+16,4.74e+17,2.99e+17,31741.909,105.396,904.0,157,1034.28,38.53,0.18,109,-18.799999999999955,6.5944954128440365,False,False,False,dry,O2,128,8,8_9,none
1.001,17.927,15.017,20.04,201.66,89.95,496.132,4024.967,5121.446,5.267,93.744,29.943,41.369,405,523.466,104.745,3657.0,1381.0,315.0,71.732,50.781,0.905,2065.0,1.18e+16,3.5e+16,4.35e+17,3e+17,31722.521,104.338,907.0,155,1087.19,30.24,0.23,163,-11.039999999999964,4.362208588957055,False,False,False,dry,O2,96,8,8_10,none
0.878,16.723,15.059,19.751,203.827,90.07,499.688,4048.724,5065.631,5.104,91.08,30.007,44.372,405,534.514,109.286,3654.0,1564.0,343.0,71.286,51.285,0.95,2050.0,1.77e+16,1.21e+17,5.48e+17,3.01e+17,32069.291,104.466,877.0,156,1213.81,33.48,0.24,138,-7.990000000000009,5.13036231884058,False,False,False,dry,O2,107,8,8_11,none
1.307,12.575,15.126,19.922,197.886,89.994,497.928,3959.04,4948.774,4.828,89.965,29.791,38.468,365,466.163,108.352,3656.0,1423.0,257.0,72.233,51.636,0.968,2068.0,1.67e+16,1.31e+17,2410000000000000.0,2.99e+17,32451.872,103.588,893.0,155,1274.9,45.39,0.23,33,-22.769999999999985,21.90212121212121,False,False,False,wet,H2O,81,28,28_14,none
1.251,12.135,15.033,20.233,197.945,89.887,498.004,3959.798,4949.604,5.073,89.669,29.809,46.694,365,475.093,108.293,3669.0,1391.0,285.0,72.84,51.379,1.003,2044.0,1.78e+16,1.23e+16,1.5e+17,2.98e+17,32446.302,103.454,884.0,155,1278.56,45.41,0.31,33,-27.559999999999945,22.047272727272727,False,False,False,wet,H2O,144,28,28_15,none
1.168,11.458,14.966,19.792,197.01,90.061,497.007,3939.792,4924.641,4.765,89.747,30.001,39.811,365,467.023,108.247,3668.0,1533.0,307.0,72.705,51.258,0.961,2038.0,1.89e+16,4.4e+16,1.1e+18,2.99e+17,32461.998,103.253,885.0,155,1277.43,45.36,0.28,33,-26.83000000000004,22.02515151515152,False,False,False,wet,H2O,138,28,28_16,none
1.537,12.454,15.094,20.007,197.021,89.959,496.973,3942.766,4928.524,4.976,89.441,30.04,38.32,365,470.262,107.797,3658.0,1343.0,319.0,71.367,51.037,1.014,2054.0,1.73e+16,1.3e+16,4880000000000000.0,2.98e+17,32461.015,102.577,885.0,154,1269.1,45.45,0.26,32,-13.58000000000004,22.299375,False,False,False,wet,H2O,171,28,28_17,none
1.767,19.419,14.935,20.124,196.448,89.98,496.306,3925.196,4906.633,4.79,89.013,30.051,43.689,365,474.953,108.013,3668.0,1465.0,169.0,72.651,51.178,1.031,2063.0,1.45e+16,1.31e+16,8.7e+17,3e+17,32451.272,103.018,881.0,155,1274.69,45.49,0.11,31,-26.620000000000005,23.43935483870968,False,False,False,wet,H2O,129,28,28_18,none
1.527,11.004,15.002,19.941,195.977,89.935,495.981,3920.362,4900.362,4.914,89.045,30.125,35.85,365,464.507,107.994,3656.0,1475.0,269.0,71.954,51.29,1.045,2074.0,1.99e+16,1.06e+17,3340000000000000.5,2.99e+17,32360.321,103.093,881.0,155,1282.88,45.39,0.16,31,-19.200000000000045,23.200000000000003,False,False,False,wet,H2O,87,28,28_19,none
1.85,18.67,15.013,19.977,196.38,90.213,496.45,3926.123,4907.785,4.906,89.112,30.0,40.901,365,479.049,107.795,3664.0,1363.0,233.0,72.209,51.089,0.955,2045.0,3240000000000000.0,2410000000000000.0,60399999999999.9,3.02e+17,32551.259,102.894,881.0,154,1275.5,45.63,0.31,33,-22.57000000000005,21.896060606060608,False,False,False,wet,H2O,132,28,28_20,none
1.52,18.206,14.929,19.997,196.491,90.065,496.458,3929.206,4911.745,4.97,89.338,29.896,45.73,365,478.742,107.93,3668.0,1359.0,301.0,72.809,51.096,1.175,2062.0,4700000000000000.0,1.32e+16,1810000000000000.0,2.98e+17,32446.242,103.071,881.0,154,1282.89,45.47,0.2,33,-28.649999999999977,22.08030303030303,False,False,False,wet,H2O,114,28,28_21,none
1.755,19.065,15.053,20.059,196.17,90.112,495.954,3919.849,4899.826,4.769,88.441,29.933,24.145,365,464.221,106.135,3669.0,1481.0,269.0,72.931,51.001,0.881,2041.0,2560000000000000.0,9229999999999.855,576000000000000.1,3e+17,32441.462,102.619,878.0,154,1270.19,45.35,0.3,32,-28.83000000000004,22.7759375,False,False,False,wet,H2O,114,28,28_22,none
2.208,17.179,15.076,20.03,194.207,89.992,494.294,3887.893,4859.777,4.845,88.647,29.973,36.679,365,478.18,106.979,3654.0,1391.0,289.0,71.418,50.426,1.125,2068.0,5880000000000000.0,5.8e+16,22564131371.975,3.01e+17,32449.691,101.178,882.0,152,1279.1,45.38,0.12,29,-13.909999999999968,24.61758620689655,False,False,False,wet,H2O,117,28,28_23,none
2.018,17.479,15.125,20.206,195.587,90.001,495.496,3908.955,4886.119,4.927,88.591,30.092,30.459,365,466.614,106.881,3658.0,1384.0,250.0,72.146,50.847,0.9,2072.0,5920000000000000.0,158999999999999.88,236000000000.098,3e+17,32456.075,102.121,883.0,153,1283.49,45.52,0.1,29,-20.94000000000005,24.860000000000003,False,False,False,wet,H2O,84,28,28_24,none
1.885,13.87,15.072,20.119,194.952,90.187,494.899,3898.909,4873.696,5.051,89.002,30.098,40.482,365,471.663,108.146,3672.0,1496.0,238.0,73.003,51.263,1.032,2077.0,1.34e+16,4619999999999.967,723999999999.916,3.01e+17,32463.51,103.369,881.0,155,1280.82,45.89,0.02,30,-29.25,24.308333333333334,False,False,False,wet,H2O,141,28,28_25,none
1.898,19.519,15.29,20.049,195.567,89.955,495.67,3911.934,4889.871,4.981,88.692,29.868,37.7,365,465.294,108.382,3659.0,1462.0,270.0,72.11,50.951,1.07,2053.0,1.26e+16,116999999999999.98,983999999999.92,2.99e+17,32454.976,102.803,882.0,154,1279.95,45.86,0.18,33,-21.529999999999973,21.864545454545453,False,False,False,wet,H2O,93,28,28_26,none
2.044,13.355,14.862,19.942,194.822,90.103,494.629,3893.718,4867.385,4.978,88.587,29.886,24.524,365,464.843,106.244,3668.0,1419.0,320.0,72.159,50.651,0.979,2063.0,1.46e+16,71000000000000.06,7.88e+17,2.99e+17,32449.719,102.336,878.0,153,1281.1,45.79,0.17,32,-21.25,22.5390625,False,False,False,wet,H2O,171,28,28_27,none
1.955,17.768,15.055,20.085,202.913,89.928,494.898,4045.081,5139.174,5.087,91.602,30.025,36.688,405,516.542,108.47,3636.0,1635.0,466.0,71.367,51.367,1.095,2088.0,1.35e+16,4.33e+16,6.72e+17,2.99e+17,31527.646,97.75,914.0,151,1026.11,32.52,0.17,74,-12.620000000000005,9.63,False,False,False,wet,H2O,110,9,9_28,none
1.002,16.557,15.15,19.892,202.904,89.979,499.399,4010.186,5069.389,5.099,91.837,30.03,38.922,405,515.044,108.057,3644.0,1628.0,247.0,72.447,51.829,1.259,2063.0,1.44e+16,4.99e+16,5.27e+17,3.01e+17,32215.45,103.538,910.0,152,1075.93,38.1,0.23,65,-2.990000000000009,10.81523076923077,False,False,False,wet,H2O,115,9,9_29,none
0.732,12.463,15.055,19.81,202.662,90.117,501.279,4096.569,4984.029,4.995,93.727,29.953,37.644,365,531.174,107.938,3703.0,1393.0,400.0,71.796,51.014,1.265,2014.0,1.95e+16,3.4e+16,1.09e+18,2.99e+17,32325.671,102.565,907.0,157,1084.27,33.35,0.13,142,-4.809999999999945,4.963450704225352,False,False,False,dry,O2,137,9,9_30,none
1.018,14.129,14.905,19.971,200.47,89.964,493.293,4055.765,5034.128,5.14,88.9,30.093,32.579,436,505.808,106.261,3661.0,1526.0,465.0,71.167,51.686,1.038,2040.0,1.17e+16,7800000000000000.0,4.86e+17,3e+17,31723.482,103.409,900.0,155,952.63,37.72,0.16,80,-14.220000000000027,8.92775,False,False,False,dry,O2,163,9,9_31,none
0.799,17.818,14.758,19.98,203.024,90.106,496.709,3977.736,5011.895,5.1,92.624,30.066,44.178,436,522.708,108.105,3659.0,1574.0,485.0,72.694,51.359,1.144,2034.0,9580000000000000.0,1.35e+17,5.71e+17,2.99e+17,32407.738,102.516,900.0,150,1208.42,35.41,0.31,32,-0.4199999999999591,21.888125,False,False,False,dry,O2,167,9,9_32,none
1.277,14.299,15.047,19.807,200.743,90.33,498.516,4017.32,5030.32,5.05,93.512,29.908,53.622,436,515.433,109.881,3659.0,1654.0,489.0,70.28,51.797,1.077,2065.0,1.87e+16,-3.01e+16,8.68e+17,3.01e+17,32497.998,102.633,919.0,156,1348.62,31.82,0.22,32,-15.08000000000004,22.34625,False,False,True,dry,O2,183,9,9_33,none
0.955,13.564,14.907,19.769,203.455,89.984,499.6,3950.686,5046.075,5.087,90.599,30.036,27.009,436,473.237,109.846,3655.0,1464.0,368.0,71.418,51.305,1.038,2076.0,1.44e+16,9.13e+16,6.47e+17,3e+17,32148.168,102.75,892.0,154,1134.64,46.67,0.16,32,-10.879999999999995,22.215,False,False,False,dry,O2,75,9,9_34,none
1.175,16.757,15.064,20.009,200.617,89.868,498.565,4053.182,5009.274,4.987,93.818,29.988,39.217,436,521.56,106.119,3645.0,1521.0,251.0,72.011,51.503,1.073,2080.0,1.77e+16,9.62e+16,8.53e+17,2.98e+17,31400.67,101.65,871.0,155,1203.36,31.57,0.16,32,-12.67999999999995,22.27125,False,False,False,wet,H2O,75,9,9_35,none
1.167,16.621,14.905,20.024,204.057,90.08,497.496,4141.208,4984.812,5.038,91.668,30.113,40.049,405,551.395,108.14,3638.0,1705.0,413.0,71.46,51.04,0.875,2071.0,1.23e+16,8.67e+16,2.55e+17,3e+17,31092.915,102.779,898.0,153,1113.48,37.96,0.16,31,-9.299999999999956,22.88064516129032,False,False,False,wet,H2O,106,9,9_36,none
1.309,12.523,14.903,19.997,198.204,90.005,497.904,3960.448,4950.601,4.859,90.188,29.698,46.83,365,478.752,108.354,3664.0,1488.0,237.0,72.709,51.53,0.973,2075.0,1.73e+16,1.4e+17,1e+18,3.01e+17,32459.844,103.566,898.0,155,1283.43,45.28,-0.06,33,-27.870000000000005,22.05666666666667,True,False,False,wet,H2O,117,28,28_13,none
1.14,16.207,14.833,19.951,197.753,89.989,497.753,3953.256,4941.669,4.986,90.076,29.967,48.676,365,473.692,108.811,3662.0,1530.0,249.0,72.532,51.427,0.909,2075.0,8750000000000000.0,8.62e+16,3.45e+17,3.01e+17,32453.86,103.797,898.0,156,1283.9,45.42,0.23,32,-24.529999999999973,22.6415625,False,False,False,wet,H2O,129,28,28_12,none
1.299,15.873,15.166,19.991,197.483,89.895,497.337,3949.205,4936.759,4.875,89.954,29.962,41.762,365,474.693,108.71,3648.0,1333.0,150.0,71.778,51.609,1.063,2063.0,9450000000000000.0,6.98e+16,414999999999999.9,3e+17,32330.726,103.622,898.0,156,1273.89,45.18,0.42,32,-17.730000000000018,22.4290625,False,False,False,wet,H2O,57,28,28_11,none
1.337,15.772,14.97,19.911,197.759,89.86,497.746,3954.412,4942.995,4.644,89.743,29.86,45.562,365,472.367,108.817,3652.0,1447.0,162.0,72.0,51.793,1.047,2065.0,1.05e+16,7.19e+16,5.55e+16,2.98e+17,32234.817,104.29,898.0,156,1274.65,45.23,0.05,31,-20.25999999999999,23.234193548387097,False,False,False,wet,H2O,72,28,28_10,none
2.201,15.826,15.106,20.035,200.448,90.163,497.681,4139.677,4966.94,5.241,91.904,30.047,54.683,436,539.978,106.405,3646.0,1601.0,369.0,71.655,51.307,0.849,2053.0,1.32e+16,-5320000000000000.0,1.04e+18,3e+17,32157.303,101.012,919.0,149,1066.15,27.52,0.3,78,15.730000000000018,8.772692307692308,False,False,True,dry,O2,92,8,8_12,none
1.533,14.888,15.042,20.099,200.921,89.95,502.552,3999.67,5030.57,5.027,90.409,29.99,39.084,436,546.985,107.434,3662.0,1431.0,418.0,70.347,51.109,0.853,2033.0,9530000000000000.0,8.84e+16,4.29e+17,2.99e+17,31335.427,104.152,906.0,154,1139.77,38.16,0.13,124,-10.590000000000032,5.730564516129032,False,False,False,dry,O2,113,8,8_13,none
1.687,16.212,14.993,20.082,198.645,90.082,503.033,4048.753,4937.911,4.932,92.113,30.036,50.866,365,517.835,107.642,3671.0,1451.0,401.0,71.324,52.49,1.003,2032.0,1.13e+16,2.72e+17,6.65e+17,2.99e+17,30860.303,104.6,904.0,154,948.6,29.77,0.09,44,-5.909999999999968,16.04340909090909,False,False,False,dry,O2,192,8,8_14,none
1.428,17.637,15.001,19.951,200.977,89.989,501.588,4054.898,5050.969,5.057,94.217,30.007,40.861,436,521.554,108.066,3653.0,1518.0,314.0,71.203,51.218,1.035,2083.0,1.91e+16,1.09e+17,1.32e+17,3.03e+17,31055.843,103.57,890.0,154,1123.2,35.59,0.1,79,-8.32000000000005,8.96607594936709,False,False,False,wet,H2O,73,8,8_15,none
0.977,14.347,15.008,19.98,203.158,89.812,500.279,4058.55,4985.564,5.143,93.323,30.092,54.494,405,524.329,107.659,3684.0,1359.0,331.0,70.535,50.524,1.121,2051.0,1.36e+16,5.26e+16,3.97e+17,3.01e+17,32209.728,104.329,897.0,152,1058.61,39.15,0.22,110,8.990000000000009,6.281909090909091,False,False,False,dry,O2,97,8,8_16,none
1.625,12.459,15.087,19.868,196.599,90.002,501.577,4063.077,5063.132,5.026,92.417,30.051,44.98,436,536.555,108.192,3702.0,1443.0,264.0,71.586,51.039,1.033,2026.0,8380000000000000.0,1.43e+17,9.45e+17,3e+17,31158.184,105.504,892.0,158,1115.82,25.6,0.12,82,-16.75999999999999,8.740975609756097,False,False,False,dry,O2,128,8,8_17,none
0.718,19.064,15.107,20.074,200.973,90.127,504.046,4076.247,5036.375,4.978,90.154,29.887,46.249,365,518.753,105.877,3660.0,1445.0,287.0,69.204,51.667,0.956,2064.0,1.77e+16,1.16e+17,4.54e+17,3e+17,31315.736,104.062,875.0,156,1097.63,34.38,0.23,111,-9.58000000000004,6.392612612612613,False,False,False,wet,H2O,88,8,8_18,none
1.013,17.083,14.903,19.999,203.0,89.92,503.692,4000.76,5011.934,5.051,92.194,30.055,36.324,436,509.559,107.246,3656.0,1455.0,361.0,70.762,51.02,1.091,2058.0,1.07e+16,1.77e+17,1.1e+18,3e+17,31307.602,102.594,899.0,154,991.52,31.76,0.31,126,-20.899999999999977,5.721428571428572,False,False,False,wet,H2O,114,8,8_19,none
0.938,15.191,15.247,20.017,200.281,90.01,500.062,4086.603,4911.761,4.828,94.799,30.082,35.404,436,509.573,106.38,3640.0,1522.0,452.0,71.378,50.892,1.155,2090.0,8110000000000000.0,1.45e+17,5.52e+17,3.02e+17,33410.693,101.353,915.0,153,1231.42,31.71,0.33,59,-9.620000000000005,12.027457627118643,False,False,False,dry,O2,86,8,8_20,none
0.746,15.741,15.017,19.823,205.54,89.924,501.478,3966.872,5142.7,5.02,91.808,29.939,35.241,365,462.78,107.267,3668.0,1380.0,343.0,71.334,50.191,1.16,2026.0,6510000000000000.0,9.71e+16,6.28e+17,2.99e+17,32024.575,104.268,921.0,155,1115.12,30.88,0.29,80,-5.6200000000000045,8.82025,False,False,False,wet,H2O,72,8,8_21,none
1.032,18.842,14.844,20.088,201.288,89.909,501.021,4014.896,5015.247,5.128,92.327,30.024,56.157,405,512.774,107.527,3665.0,1435.0,-49.0,69.902,50.475,1.01,2073.0,1.22e+16,5.67e+16,6.37e+17,3.01e+17,32145.344,105.266,906.0,154,1169.7,32.04,0.14,72,-0.1599999999999681,9.724444444444444,False,True,False,dry,O2,50,8,8_23,none
1.297,12.442,15.234,19.912,203.726,90.024,499.185,4081.996,4965.549,4.916,91.97,29.958,31.703,436,536.596,107.546,3658.0,1472.0,419.0,71.149,51.274,1.02,2069.0,8470000000000000.0,7.01e+16,5.18e+17,2.99e+17,31352.622,103.535,909.0,155,1133.17,34.97,0.19,29,-9.740000000000007,24.47379310344828,False,False,False,dry,O2,48,10,10_40,none
1.922,17.882,14.876,19.924,203.307,90.024,499.825,4069.241,5030.806,5.193,90.795,30.21,46.009,436,526.194,108.407,3636.0,1415.0,351.0,70.295,51.433,1.014,2071.0,1.17e+16,1.76e+17,6.59e+17,3e+17,31367.365,104.816,904.0,156,1247.61,36.8,0.17,121,-0.6399999999999864,5.790413223140496,False,False,False,wet,H2O,82,8,8_24,none
1.192,17.734,14.991,19.979,204.199,90.014,499.465,4132.05,5014.737,5.142,90.506,29.839,55.872,405,516.969,109.508,3644.0,1526.0,364.0,70.557,51.378,1.009,2076.0,1.34e+16,8.61e+16,7.3e+17,3.01e+17,32135.095,101.325,892.0,156,1088.29,35.03,0.31,123,-3.759999999999991,5.721626016260163,False,False,False,wet,H2O,105,8,8_26,none
1.238,16.916,14.893,20.064,204.196,90.052,501.871,4102.963,5007.891,5.041,91.296,29.958,45.749,436,532.235,110.363,3641.0,1443.0,241.0,71.78,52.117,1.14,2087.0,1.35e+16,8.91e+16,2.67e+17,3e+17,31851.914,102.018,907.0,157,1071.0,34.54,0.15,57,-9.860000000000014,12.453684210526315,False,False,False,dry,O2,81,8,8_27,none
1.529,19.268,14.928,20.088,197.197,89.98,497.249,3945.389,4931.382,4.836,89.966,30.132,52.18,405,518.481,108.782,3656.0,1398.0,234.0,72.234,51.541,0.937,2089.0,2330000000000000.0,362000000000000.06,1040000000000000.0,2.99e+17,32771.884,103.638,902.0,156,1278.39,45.0,0.06,31,-22.700000000000045,23.31290322580645,False,False,False,wet,H2O,99,28,28_1,none
0.934,13.275,14.963,19.925,197.658,90.142,497.826,3956.698,4945.945,4.905,89.949,29.939,54.048,405,501.218,108.984,3651.0,1439.0,209.0,72.222,51.928,1.039,2047.0,1.57e+16,1.47e+17,8.61e+17,3.02e+17,32767.733,104.453,901.0,157,1278.66,45.18,0.17,31,-22.870000000000005,23.318387096774195,False,False,False,wet,H2O,51,28,28_2,none
1.125,15.753,15.03,20.02,197.568,90.028,497.589,3952.561,4940.692,5.064,89.687,30.116,55.097,405,506.081,108.04,3651.0,1437.0,269.0,72.088,51.262,1.021,2051.0,1.03e+16,5550000000000000.0,4.07e+16,3.01e+17,32767.938,103.104,901.0,155,1278.82,45.01,0.18,32,-19.25,22.4765625,False,False,False,wet,H2O,90,28,28_3,none
1.223,20.125,15.085,19.943,197.615,89.845,497.594,3950.944,4938.954,5.09,89.727,29.912,53.56,405,520.937,108.672,3661.0,1617.0,261.0,72.309,51.334,0.949,2070.0,5250000000000000.0,9550000000000000.0,1.92e+16,3e+17,32757.964,103.272,902.0,155,1281.84,45.14,0.2,32,-24.899999999999977,22.653125,False,False,False,wet,H2O,132,28,28_4,none
1.383,10.341,15.215,19.983,197.402,89.736,497.342,3948.403,4935.677,5.064,89.864,30.11,58.019,405,518.887,108.755,3657.0,1563.0,312.0,71.781,51.646,0.937,2051.0,2.15e+16,2410000000000000.0,187999999999999.84,2.99e+17,32758.81,103.829,903.0,156,1275.99,45.41,0.48,30,-18.71000000000004,23.957,False,False,False,wet,H2O,156,28,28_5,none
1.256,14.442,14.984,19.844,197.947,89.938,497.511,3953.819,4942.273,4.936,89.698,29.966,47.862,405,514.865,109.131,3655.0,1320.0,265.0,72.121,51.607,1.274,2039.0,1.28e+16,1.36e+16,4.69e+17,2.99e+17,32951.113,103.761,903.0,156,1276.43,45.35,0.19,32,-20.639999999999983,22.52,False,False,False,wet,H2O,117,28,28_6,none
1.241,15.329,15.155,20.072,197.671,89.998,497.462,3952.818,4941.347,4.918,89.811,29.984,48.038,405,510.93,109.337,3655.0,1476.0,210.0,71.797,51.806,0.815,2061.0,1.07e+16,79199999999999.86,255999999999999.9,3e+17,32572.96,104.431,903.0,157,1275.06,45.22,0.23,32,-19.25999999999999,22.476875,False,False,False,wet,H2O,123,28,28_7,none
0.863,15.515,14.918,19.912,197.655,90.105,497.719,3953.647,4942.149,5.05,89.837,30.08,44.016,365,465.08,110.155,3649.0,1433.0,202.0,71.436,51.836,1.104,2078.0,1.05e+16,1050000000000000.0,5.4e+17,3e+17,32547.868,104.5,903.0,157,1278.92,45.33,0.35,32,-15.960000000000036,22.37375,False,False,False,wet,H2O,99,28,28_8,none
1.515,15.344,14.946,20.069,197.76,90.051,497.683,3954.433,4943.001,4.95,89.979,29.919,54.724,365,478.735,109.085,3670.0,1494.0,317.0,72.687,51.839,1.129,2052.0,1.08e+16,1.08e+17,3.45e+17,3.01e+17,32547.32,104.897,899.0,157,1282.12,45.05,0.25,32,-26.46000000000004,22.701875,False,False,False,wet,H2O,192,28,28_9,none
1.6,19.737,15.165,19.969,203.191,89.94,499.838,4014.39,4941.154,4.967,91.664,29.873,57.491,405,566.606,107.644,3643.0,1382.0,378.0,70.624,51.853,1.057,2072.0,7500000000000000.0,4.31e+16,8.26e+17,3.01e+17,31803.015,101.57,924.0,158,1034.32,29.54,0.3,116,-8.67999999999995,6.109310344827586,False,False,False,dry,O2,99,8,8_25,none
0.708,13.996,14.866,19.935,199.865,89.978,505.815,3982.157,5008.97,4.881,88.791,29.858,28.552,405,527.538,109.074,3651.0,1683.0,314.0,71.238,52.076,0.991,2081.0,1.47e+16,6.69e+16,6.47e+17,3.01e+17,30552.42,102.995,944.0,155,961.62,32.63,0.27,29,-9.389999999999986,24.46172413793104,False,False,False,wet,H2O,15,10,10_41,none
0.648,18.276,14.949,19.878,197.076,89.945,494.869,4041.038,5018.324,4.922,90.383,29.843,73.576,436,543.808,106.924,3644.0,1458.0,340.0,71.26,50.172,1.187,2065.0,2490000000000000.0,1.06e+17,7.89e+17,2.99e+17,31715.519,103.703,896.0,155,1235.12,38.05,0.26,29,2.289999999999964,24.05896551724138,False,False,False,dry,O2,115,10,10_42,none
1.914,16.244,15.106,20.007,198.699,90.218,499.942,4001.432,5037.44,4.839,91.399,29.993,41.35,405,515.607,107.682,3680.0,1554.0,231.0,71.019,51.474,1.09,2012.0,1.14e+16,1.7e+17,6.04e+17,2.98e+17,31692.863,102.847,931.0,157,1107.16,29.03,0.27,30,-3.57000000000005,23.452333333333332,False,False,False,dry,O2,124,10,10_44,none
1.716,14.861,15.153,20.007,202.415,90.084,502.555,4049.291,5061.431,5.091,93.168,30.131,30.916,365,472.374,106.195,3645.0,1466.0,224.0,70.431,50.444,0.918,2078.0,1.29e+16,1.21e+17,4.61e+17,2.98e+17,32353.13,100.898,869.0,152,1281.62,44.84,0.09,24,-3.870000000000005,29.327916666666667,False,False,False,wet,H2O,54,31,31_49,none
1.811,20.643,14.994,19.879,203.129,89.843,503.159,4064.163,5080.369,5.246,93.144,30.073,33.58,365,473.373,106.591,3663.0,1390.0,333.0,71.601,50.549,0.744,2067.0,7340000000000000.0,526000000000000.0,207000000000000.1,3.01e+17,32365.33,101.162,869.0,152,1285.85,44.75,0.2,24,4.330000000000041,28.98625,False,False,False,wet,H2O,84,31,31_50,none
1.749,20.408,15.027,20.001,204.278,89.991,504.058,4084.411,5105.89,5.171,94.113,29.988,48.865,365,482.086,107.929,3658.0,1561.0,269.0,71.687,50.857,1.105,2083.0,7360000000000000.0,2.35e+16,2.09e+16,2.99e+17,32257.78,102.096,869.0,153,1279.06,44.68,0.2,26,-18.049999999999955,27.61730769230769,False,False,False,wet,H2O,30,31,31_51,none
0.947,15.288,15.087,20.109,205.39,90.009,505.327,4108.018,5135.054,5.099,94.181,30.076,35.997,365,469.862,107.407,3656.0,1665.0,216.0,71.312,51.048,1.106,2043.0,1.19e+16,4.36e+16,3.47e+16,2.98e+17,32254.07,102.536,868.0,154,1287.14,45.11,0.2,27,-13.470000000000027,26.424814814814816,False,False,False,wet,H2O,48,31,31_52,none
1.313,19.049,15.029,20.094,204.844,90.028,505.146,4100.455,5125.595,5.269,93.562,29.977,39.517,365,480.619,107.397,3662.0,1573.0,236.0,72.02,50.876,0.97,2055.0,4190000000000000.0,1230000000000000.0,11044952.413,3.02e+17,32254.317,102.089,868.0,153,1292.26,44.91,0.37,25,-20.519999999999985,28.8208,False,False,False,wet,H2O,15,31,31_53,none
0.967,17.301,15.077,19.979,204.42,89.993,504.54,4087.27,5109.038,5.274,93.39,29.857,31.233,365,471.57,106.682,3664.0,1526.0,151.0,71.31,50.932,0.992,2040.0,7580000000000000.0,5.16e+16,3.46e+17,2.99e+17,32255.785,102.408,868.0,153,1290.73,44.8,0.16,26,-12.039999999999964,27.38615384615385,False,False,False,wet,H2O,207,31,31_54,Near-full
0.64,17.811,15.078,20.032,202.189,90.049,497.834,4074.475,5183.466,4.988,92.736,30.085,48.218,365,508.668,105.287,3661.0,1398.0,330.0,69.786,51.673,0.986,2079.0,1.41e+16,1.18e+17,1.23e+18,3e+17,31101.373,104.725,890.0,153,1033.74,32.26,0.05,86,-6.309999999999945,8.212906976744186,False,False,False,dry,O2,84,11,11_2,none
0.984,14.974,15.021,20.032,204.669,90.093,502.637,4027.452,4963.219,4.954,88.937,30.15,47.154,436,506.475,108.928,3654.0,1513.0,324.0,71.261,50.193,0.857,2065.0,1.11e+16,5.08e+16,4.17e+17,3e+17,31101.145,102.021,888.0,154,1063.32,43.34,0.2,101,-7.110000000000014,7.001089108910891,False,False,False,dry,O2,56,11,11_3,none
0.884,16.716,15.08,19.995,197.293,90.087,500.406,4088.583,4992.679,4.755,91.438,29.781,42.418,405,508.641,109.255,3658.0,1274.0,146.0,71.363,51.289,1.015,2056.0,7590000000000000.0,4.08e+16,4.13e+17,2.98e+17,31914.693,103.888,904.0,153,959.87,27.19,0.11,20,-5.32000000000005,35.266000000000005,False,False,False,wet,H2O,37,11,11_4,none
0.943,13.836,15.119,20.112,198.977,90.025,498.67,4079.4,4899.67,4.959,89.435,29.997,38.152,436,524.273,108.596,3626.0,1454.0,319.0,72.341,50.953,0.922,2107.0,7100000000000000.0,6.08e+16,5.68e+17,2.99e+17,31281.055,101.109,887.0,155,984.74,33.35,0.18,88,-15.120000000000005,8.126363636363637,False,False,False,wet,H2O,39,11,11_5,none
1.101,16.129,15.05,19.934,200.328,90.009,499.685,4106.639,5056.587,5.111,89.828,30.011,25.998,436,534.776,106.884,3657.0,1442.0,239.0,70.914,51.457,0.866,2061.0,1.48e+16,6.29e+16,5.66e+17,3e+17,32238.221,100.737,901.0,155,998.68,34.87,0.17,102,8.629999999999995,6.778137254901961,False,False,False,wet,H2O,70,11,11_6,none
1.231,12.147,15.027,20.066,200.016,90.151,502.85,3992.032,5079.06,5.154,91.243,29.973,65.731,436,534.214,106.408,3660.0,1462.0,457.0,71.101,51.077,0.861,2054.0,8370000000000000.0,1.16e+17,5.91e+17,2.99e+17,30611.466,103.649,915.0,151,1090.13,30.13,0.09,69,-10.0,10.289855072463768,False,False,False,wet,H2O,140,11,11_7,none
1.504,17.088,15.211,19.839,200.088,90.005,497.282,3950.6,4967.489,4.932,91.328,30.11,60.458,365,498.147,107.229,3664.0,1476.0,354.0,71.735,50.452,1.04,2037.0,1.35e+16,-1.68e+16,8.49e+17,3e+17,32930.424,104.203,894.0,153,1206.14,39.35,0.21,122,-15.029999999999973,5.860901639344262,False,False,True,wet,H2O,105,11,11_8,none
1.602,16.648,14.773,20.06,201.308,89.894,505.209,4013.021,5086.668,4.737,94.478,30.113,28.917,436,537.649,109.301,3642.0,1422.0,563.0,71.966,51.17,1.076,2075.0,1.44e+16,1.38e+17,4.48e+17,2.99e+17,32577.788,100.566,913.0,153,1044.45,32.2,0.15,109,2.6900000000000546,6.397339449541284,False,False,False,wet,H2O,118,11,11_9,none
1.462,17.788,15.16,20.241,200.98,90.059,501.413,3976.578,4918.171,5.043,90.877,29.793,37.023,436,493.583,108.958,3658.0,1301.0,176.0,69.541,50.404,1.081,2051.0,1.65e+16,1.01e+17,6.97e+17,2.99e+17,30640.027,101.781,886.0,155,1082.97,30.28,0.23,95,4.389999999999986,7.322210526315789,False,False,False,dry,O2,61,11,11_10,none
1.06,11.924,14.762,20.105,203.446,89.894,497.114,4097.51,5002.981,5.058,93.741,29.843,46.609,436,539.511,109.266,3653.0,1644.0,415.0,70.746,50.125,1.097,2039.0,1.2e+16,1.04e+17,6.86e+17,3.02e+17,32421.204,101.222,884.0,159,1069.88,39.02,0.15,75,-14.190000000000056,9.522533333333334,False,False,False,wet,H2O,113,11,11_11,none
1.327,10.74,14.932,20.132,199.952,90.031,498.813,4040.629,5047.612,5.038,91.687,30.061,43.706,436,517.566,110.908,3622.0,1426.0,495.0,71.202,51.044,1.102,2092.0,1.43e+16,1.23e+17,3.73e+17,3.01e+17,31535.789,102.4,873.0,150,1146.08,30.85,0.34,132,-12.07000000000005,5.394469696969697,False,False,False,dry,O2,85,11,11_12,none
0.997,16.415,15.111,19.985,205.939,89.983,500.128,4021.059,4967.308,5.072,89.122,30.25,58.454,365,487.085,107.961,3650.0,1602.0,269.0,70.017,51.531,1.053,2063.0,7620000000000000.0,6.4e+16,4.37e+17,3.01e+17,31051.515,105.33,891.0,156,1067.12,39.94,0.25,52,-8.110000000000014,13.6175,False,False,False,wet,H2O,80,11,11_13,none
0.959,18.075,14.848,20.048,197.766,90.098,507.213,4067.667,4967.43,4.936,91.684,29.976,45.558,365,524.482,109.451,3651.0,1541.0,413.0,71.659,51.363,0.903,2090.0,1.58e+16,2.12e+17,6.83e+17,2.98e+17,31362.132,102.596,898.0,156,907.11,36.89,0.13,75,-7.240000000000009,9.429866666666667,False,False,False,dry,O2,139,11,11_14,none
1.878,15.695,14.954,19.965,202.622,90.035,504.159,3900.166,5108.739,5.205,91.658,30.126,47.66,405,490.736,108.961,3639.0,1539.0,514.0,70.151,51.951,0.962,2090.0,1.02e+16,6.33e+16,3.52e+17,3.02e+17,31991.02,103.75,915.0,154,1156.36,31.89,0.29,112,-21.08000000000004,6.438214285714286,False,False,False,dry,O2,125,11,11_15,none
1.005,15.251,14.97,20.108,199.189,90.083,503.704,3966.893,4922.176,4.889,93.507,30.042,39.856,365,526.882,109.292,3620.0,1502.0,391.0,70.095,50.558,1.089,2093.0,1.39e+16,2.27e+16,6.22e+17,2.99e+17,30310.798,101.151,906.0,155,1027.9,36.25,0.31,130,-17.399999999999977,5.518461538461538,False,False,False,dry,O2,50,11,11_16,none
0.809,16.243,15.046,20.027,196.411,89.788,499.751,3899.63,5059.16,4.875,91.732,30.179,27.523,405,539.191,110.53,3664.0,1518.0,284.0,70.764,50.795,1.07,2038.0,1.77e+16,1.55e+17,7.54e+17,2.98e+17,31613.381,105.418,913.0,159,1091.23,44.86,0.07,141,-13.66999999999996,5.061489361702128,False,False,False,dry,O2,109,11,11_17,none
1.386,16.349,15.118,19.926,197.163,89.922,499.909,4010.019,5169.382,5.0,91.05,29.921,30.253,365,539.859,106.546,3625.0,1544.0,304.0,69.417,51.049,1.08,2103.0,7640000000000000.0,1.59e+17,5.85e+17,2.97e+17,31566.087,103.894,886.0,153,1287.32,29.04,0.24,117,-14.110000000000014,6.1035042735042735,False,False,False,dry,O2,69,11,11_18,none
1.186,16.466,15.293,19.839,200.641,89.935,500.761,4014.7,5018.456,4.858,92.884,29.826,34.824,365,479.189,106.223,3663.0,1468.0,313.0,71.633,50.539,1.063,2059.0,2e+16,1.08e+17,4.51e+17,3.02e+17,32358.083,101.08,868.0,152,1279.49,45.02,0.21,22,-15.25,32.51136363636363,False,False,False,wet,H2O,159,31,31_48,none
1.256,14.163,15.125,20.158,195.794,90.218,497.019,4022.629,4859.222,5.19,90.755,29.994,45.887,405,500.047,107.74,3655.0,1564.0,433.0,70.271,50.808,1.13,2048.0,1.8e+16,1.82e+17,5.51e+17,3.01e+17,29986.205,101.397,923.0,155,1045.63,35.0,0.31,167,-1.92999999999995,4.203173652694611,False,False,False,dry,O2,170,11,11_19,none
1.11,17.602,14.984,19.904,202.056,89.974,502.003,4041.289,5051.548,4.885,91.464,30.081,27.131,365,473.127,105.173,3631.0,1709.0,202.0,70.2,49.959,1.044,2069.0,1.97e+16,1.27e+17,1.18e+18,2.99e+17,32362.21,99.618,886.0,149,1288.61,44.79,0.17,22,-2.309999999999945,31.923181818181817,False,False,False,wet,H2O,12,31,31_47,none
0.888,19.746,15.139,19.884,200.716,90.126,500.797,4015.677,5019.797,5.07,92.21,30.211,32.993,365,483.255,105.65,3643.0,1417.0,221.0,71.207,49.96,0.932,2093.0,2800000000000000.0,2.74e+16,1.08e+17,3e+17,32264.151,100.124,886.0,150,1274.95,45.06,0.22,21,-12.690000000000056,33.93761904761905,False,False,False,wet,H2O,51,31,31_45,none
1.481,18.794,15.119,20.089,198.127,89.97,502.48,4062.709,5012.758,4.917,88.694,30.08,47.398,365,472.284,109.486,3652.0,1534.0,319.0,70.632,51.611,1.003,2062.0,1.26e+16,8.18e+16,1.02e+18,3.02e+17,32025.467,105.196,924.0,157,1181.36,33.42,0.21,110,-13.269999999999982,6.484272727272727,False,False,False,dry,O2,89,11,11_49,none
1.694,13.783,15.218,19.912,199.76,90.192,502.729,3999.059,5045.31,5.211,90.879,29.971,17.939,365,472.869,108.615,3674.0,1507.0,589.0,70.413,51.081,1.104,2029.0,1.3e+16,1.76e+17,6.91e+17,3e+17,31834.797,101.258,919.0,152,923.47,30.7,0.29,74,-14.149999999999975,9.650675675675677,False,False,False,wet,H2O,110,11,11_50,none
1.257,18.845,15.136,19.83,199.64,89.921,502.312,4127.558,4946.49,5.027,93.608,30.016,40.863,405,477.838,107.709,3645.0,1454.0,363.0,72.442,51.209,1.039,2076.0,1.11e+16,1.32e+17,6.29e+17,3.01e+17,33675.687,103.179,911.0,157,1092.8,35.3,0.2,132,-10.220000000000027,5.380454545454546,False,False,False,dry,O2,118,11,11_51,none
1.73,20.605,14.865,20.032,199.602,89.979,499.256,4005.624,4910.334,4.967,91.42,30.083,33.986,436,470.368,108.215,3711.0,1507.0,315.0,69.897,50.024,1.087,1995.0,1.53e+16,1.23e+17,2.97e+17,3.02e+17,31139.113,104.81,915.0,153,1021.86,34.66,0.16,212,-10.639999999999986,3.352075471698113,False,False,False,wet,H2O,187,11,11_52,none
1.272,11.236,14.971,19.902,196.327,89.864,505.748,4021.668,5007.897,5.12,92.332,29.838,45.527,365,468.719,108.485,3651.0,1365.0,573.0,70.237,50.906,1.113,2068.0,1.62e+16,9.05e+16,3.45e+17,2.99e+17,31366.644,103.133,875.0,152,1157.53,32.91,0.16,14,-11.649999999999975,50.832142857142856,False,False,False,dry,O2,117,11,11_53,none
1.108,15.183,15.188,19.872,203.77,89.894,494.945,3976.397,4948.015,5.22,91.711,29.873,55.551,405,469.555,108.867,3624.0,1512.0,422.0,70.977,51.099,0.979,2117.0,1.83e+16,-2.77e+16,1.05e+18,3e+17,31408.752,102.926,902.0,156,1262.2,34.99,0.22,98,-10.090000000000032,7.245816326530613,False,False,True,dry,O2,76,11,11_54,none
0.92,13.936,15.029,20.067,203.582,90.139,503.74,4074.553,5092.897,4.933,94.019,30.076,26.373,365,462.001,106.743,3640.0,1526.0,246.0,71.676,50.817,0.979,2070.0,1.46e+16,8020000000000000.0,7.3e+17,2.98e+17,32341.807,101.979,913.0,153,1291.43,44.59,0.25,21,-17.399999999999977,34.16190476190476,False,False,False,wet,H2O,18,31,31_28,none
0.884,11.326,14.889,20.024,204.007,89.98,504.039,4082.007,5102.561,5.235,93.706,30.091,32.457,365,472.547,106.43,3641.0,1481.0,150.0,70.7,50.641,1.084,2070.0,2.06e+16,1.67e+17,1.01e+18,2.98e+17,32566.186,102.023,912.0,153,1282.84,44.42,0.27,20,-7.840000000000032,35.392,False,False,False,wet,H2O,126,31,31_29,none
1.231,13.74,14.936,19.972,203.658,89.879,503.68,4073.774,5092.237,5.158,93.446,30.004,28.109,365,467.012,106.425,3642.0,1588.0,232.0,71.15,50.655,0.831,2057.0,1.51e+16,6.7e+16,8.89e+17,3e+17,32645.728,101.578,913.0,153,1280.72,44.63,0.33,17,-11.33000000000004,41.84294117647059,False,False,False,wet,H2O,96,31,31_30,none
1.829,14.545,14.983,19.966,203.706,89.861,503.674,4072.781,5090.974,4.967,92.998,29.97,23.695,365,474.526,104.98,3640.0,1441.0,237.0,70.416,50.186,1.019,2085.0,1.31e+16,1.31e+17,6.2e+17,3e+17,32461.712,100.297,899.0,151,1274.52,44.63,0.27,19,-4.480000000000018,37.0778947368421,False,False,False,wet,H2O,114,31,31_31,none
1.047,20.708,14.863,19.858,202.056,90.077,501.992,4041.476,5051.941,5.136,93.705,30.061,34.687,365,477.203,106.571,3622.0,1441.0,124.0,69.609,50.281,0.884,2094.0,1.92e+16,1.66e+17,9830000000000000.0,3e+17,32643.026,100.771,912.0,151,1268.55,44.55,0.19,14,4.409999999999968,49.685,False,False,False,wet,H2O,54,31,31_32,none
1.308,20.831,15.107,19.965,203.441,90.162,503.538,4068.722,5086.038,5.033,93.503,30.141,44.514,365,490.528,106.315,3641.0,1402.0,263.0,71.073,50.658,0.911,2048.0,7730000000000000.0,2.08e+16,3050000000000000.0,3.01e+17,32152.291,101.658,913.0,153,1281.31,44.53,0.13,19,-12.110000000000014,37.479473684210525,False,False,False,wet,H2O,84,31,31_33,none
1.798,17.506,14.93,19.944,203.594,90.009,503.407,4070.131,5087.411,5.286,93.364,29.926,31.648,365,476.141,105.884,3631.0,1372.0,150.0,70.588,50.622,0.96,2069.0,7460000000000000.0,7.43e+16,2.06e+17,3e+17,32326.392,101.645,908.0,152,1282.17,44.69,0.21,19,-5.7999999999999545,37.14736842105263,False,False,False,wet,H2O,30,31,31_34,none
1.874,17.223,14.953,20.039,203.218,89.863,503.365,4064.395,5080.685,5.081,93.262,30.039,33.544,365,480.312,106.034,3638.0,1446.0,174.0,70.921,50.384,1.044,2046.0,3490000000000000.0,262999999999999.9,1239999999999.985,3.01e+17,32037.546,101.019,908.0,152,1277.0,44.75,0.18,17,-10.730000000000018,41.807647058823534,False,False,False,wet,H2O,48,31,31_35,none
1.745,16.185,15.242,20.202,202.975,89.902,503.109,4057.041,5071.117,5.146,93.128,30.149,25.662,365,472.207,105.344,3635.0,1281.0,140.0,71.081,50.225,1.111,2062.0,1.51e+16,2.07e+16,52000000000000.086,3.02e+17,32030.786,100.647,903.0,151,1291.77,44.74,0.22,18,-10.710000000000036,39.48388888888889,False,False,False,wet,H2O,15,31,31_36,none
0.818,19.052,15.081,19.994,202.404,89.843,502.342,4047.446,5059.434,5.056,92.876,29.877,24.883,365,477.667,104.678,3637.0,1369.0,119.0,71.289,50.119,0.978,2056.0,4240000000000000.0,2.63e+16,1.8e+17,3e+17,32173.164,100.156,906.0,150,1276.24,44.54,0.08,17,-13.870000000000005,41.99235294117647,False,False,False,wet,H2O,9,31,31_37,none
1.466,18.809,15.018,19.948,201.987,89.923,502.129,4040.428,5050.644,4.924,92.985,30.136,31.542,365,482.926,105.305,3658.0,1428.0,204.0,70.808,49.862,0.981,2043.0,5950000000000000.0,4.86e+16,2.28e+17,3.01e+17,32173.065,99.578,906.0,149,1277.41,44.68,0.14,19,-7.509999999999991,37.23736842105263,False,False,False,wet,H2O,111,31,31_38,none
0.903,13.818,15.149,20.195,202.239,90.068,502.3,4048.353,5060.234,5.173,92.644,29.997,33.99,365,492.988,104.704,3645.0,1372.0,236.0,70.594,50.038,0.911,2047.0,1.14e+16,1.1e+17,1.13e+17,3.01e+17,32187.521,100.306,902.0,150,1275.32,44.75,0.26,19,-5.830000000000041,37.148947368421055,False,False,False,wet,H2O,129,31,31_39,none
0.992,18.656,14.83,19.986,201.79,89.939,501.73,4032.743,5040.825,4.964,92.463,30.019,35.047,365,485.42,105.512,3656.0,1369.0,151.0,71.044,49.92,1.033,2049.0,1.59e+16,1.59e+17,261000000000000.1,2.99e+17,32191.836,99.642,902.0,150,1281.21,44.67,0.29,18,-10.700000000000044,39.48333333333333,False,False,False,wet,H2O,54,31,31_40,none
1.416,20.765,15.096,19.868,201.366,89.93,501.585,4026.597,5033.476,4.853,92.112,30.103,30.988,365,487.217,104.823,3646.0,1402.0,207.0,70.543,50.106,0.935,2037.0,6790000000000000.0,5.74e+16,4.03e+17,3.01e+17,32188.559,100.278,902.0,150,1276.58,44.83,0.17,21,-3.620000000000005,33.505714285714284,False,False,False,wet,H2O,84,31,31_41,none
1.85,11.312,15.16,20.032,200.735,90.158,500.538,4014.241,5017.907,5.075,92.195,29.854,28.385,365,471.546,105.555,3648.0,1427.0,212.0,69.76,50.123,1.039,2052.0,1.93e+16,1.93e+17,6.53e+17,3e+17,32183.852,99.753,896.0,150,1267.15,44.6,0.18,20,0.7000000000000455,34.965,False,False,False,wet,H2O,30,31,31_42,none
1.552,15.319,14.794,20.11,201.463,89.825,501.374,4024.722,5030.872,5.09,91.852,30.112,27.455,365,480.069,104.948,3655.0,1343.0,218.0,70.989,50.26,0.907,2044.0,7620000000000000.0,3.73e+16,2.32e+16,3.01e+17,32180.93,100.496,885.0,151,1281.39,44.83,0.21,21,-11.529999999999973,33.88238095238095,False,False,False,wet,H2O,48,31,31_43,none
0.552,12.544,14.848,19.92,200.328,89.862,500.49,4006.434,5007.94,4.967,92.047,29.907,26.328,365,469.106,105.513,3655.0,1343.0,177.0,70.146,50.047,0.979,2038.0,1.1e+16,1.08e+17,1.06e+17,3.01e+17,32264.342,99.921,889.0,150,1284.77,44.86,0.35,20,-1.240000000000009,35.062,False,False,False,wet,H2O,15,31,31_44,none
1.688,15.976,15.17,19.954,200.771,90.159,500.971,4017.243,5021.667,5.068,93.069,30.059,22.423,365,470.357,105.27,3646.0,1359.0,175.0,71.947,50.183,0.94,2073.0,1.96e+16,864000000000000.1,77500000000000.05,2.99e+17,32359.707,100.308,884.0,151,1285.04,44.99,0.18,22,-16.629999999999995,32.574090909090906,False,False,False,wet,H2O,18,31,31_46,none
1.951,13.406,14.991,19.925,199.053,90.023,499.206,4063.036,4941.968,5.012,90.408,30.266,56.146,365,507.988,108.654,3677.0,1461.0,233.0,70.041,49.713,0.881,2005.0,1.12e+16,1.09e+17,4.84e+17,3.01e+17,31292.47,102.803,888.0,154,1011.46,34.91,0.29,99,-3.710000000000037,7.108181818181818,False,False,False,wet,H2O,121,11,11_20,none
0.929,17.553,15.002,20.003,199.359,89.911,499.15,3981.396,4933.575,5.135,94.184,29.918,50.7,365,527.024,106.179,3656.0,1559.0,240.0,71.434,50.218,1.016,2047.0,1.81e+16,1.51e+17,5.61e+17,2.99e+17,32226.523,102.757,936.0,153,1099.82,29.02,0.18,110,-9.470000000000027,6.449727272727273,False,False,False,wet,H2O,96,11,11_21,none
1.789,15.483,14.958,20.046,198.134,89.83,499.086,4062.702,5012.701,5.052,88.507,30.282,47.224,365,510.481,109.513,3652.0,1534.0,319.0,70.784,51.574,1.067,2062.0,1.26e+16,8.18e+16,1.02e+18,3.02e+17,32025.513,105.295,924.0,157,1165.67,33.38,0.17,110,-2.92999999999995,6.390272727272727,False,False,False,dry,O2,89,11,11_22,none
0.942,20.421,15.064,19.998,204.31,90.013,504.105,4084.635,5105.74,5.028,94.203,30.035,48.941,365,482.244,107.895,3658.0,1511.0,269.0,71.981,51.002,1.184,2083.0,7360000000000000.0,2.35e+16,2.09e+16,2.99e+17,32257.639,102.004,869.0,153,1273.53,44.79,0.12,26,-17.879999999999995,27.61076923076923,False,False,False,wet,H2O,90,31,31_24,none
0.868,15.391,14.846,20.033,205.388,89.996,505.358,4108.177,5135.157,5.07,94.104,29.886,36.171,365,469.892,107.407,3656.0,1477.0,216.0,71.495,51.176,1.011,2043.0,1.19e+16,4.36e+16,3.47e+16,2.98e+17,32254.092,102.458,868.0,154,1272.98,44.9,0.24,27,-13.740000000000007,26.43481481481481,False,False,False,wet,H2O,108,31,31_25,none
0.748,18.995,15.09,19.839,205.192,90.074,505.247,4100.47,5125.635,5.351,93.692,29.962,39.867,365,480.645,107.31,3662.0,1490.0,278.0,72.014,50.917,1.002,2055.0,4190000000000000.0,1230000000000000.2,11044952.337,3.02e+17,32254.479,102.133,868.0,153,1280.18,44.96,0.38,25,-20.25999999999999,28.8104,False,False,False,wet,H2O,105,31,31_26,none
1.063,17.35,15.076,20.107,204.425,90.039,504.312,4087.559,5109.016,5.239,93.359,29.844,31.224,365,471.431,106.618,3664.0,1447.0,329.0,71.016,50.869,1.075,2040.0,7580000000000000.0,5.16e+16,3.46e+17,2.99e+17,32255.586,102.34,868.0,153,1270.78,44.75,0.34,26,-12.049999999999956,27.38653846153846,False,False,False,wet,H2O,207,31,31_27,Near-full
1.997,12.469,15.043,20.16,202.602,90.098,504.323,4027.283,4967.088,4.673,89.249,30.149,41.881,436,476.477,107.232,3665.0,1417.0,13.0,73.084,51.052,1.067,2042.0,8570000000000000.0,8.71e+16,7.37e+17,3.03e+17,31654.902,100.666,917.0,150,1036.94,28.45,0.18,71,6.269999999999982,9.770845070422537,False,False,False,dry,O2,68,12,12_28,none
1.539,19.617,15.177,20.033,192.934,89.874,500.135,4012.477,4994.283,5.091,88.768,29.977,41.063,405,476.964,108.137,3693.0,1639.0,288.0,69.719,51.753,1.24,2022.0,1.36e+16,1.18e+17,5.86e+17,3e+17,32420.588,103.089,884.0,152,1120.31,29.76,0.33,60,0.8999999999999773,11.651666666666667,False,False,False,wet,H2O,142,12,12_29,none
1.679,16.05,15.239,19.853,198.001,89.956,500.146,4027.088,5075.381,4.641,91.572,30.008,45.459,365,491.621,106.83,3648.0,1609.0,308.0,69.391,51.69,0.977,2037.0,1.59e+16,5.51e+16,5.1e+17,3e+17,32096.295,102.37,896.0,158,1008.89,32.15,0.27,48,-1.3500000000000227,14.611458333333331,False,False,False,dry,O2,75,12,12_30,none
0.951,17.683,14.872,19.999,200.846,90.07,494.829,4014.354,4981.465,4.93,91.411,29.888,42.487,365,522.013,111.302,3674.0,1537.0,398.0,71.209,50.641,1.058,2052.0,1.2e+16,1.24e+17,2.27e+17,2.98e+17,32563.066,100.591,901.0,152,1172.4,34.9,-0.02,41,-1.2100000000000364,17.10268292682927,True,False,False,dry,O2,153,12,12_31,none
1.623,16.307,14.898,19.999,202.152,89.971,499.21,3999.006,5007.245,5.212,92.127,30.045,48.986,436,459.487,107.751,3638.0,1376.0,456.0,70.623,51.099,0.953,2090.0,1.18e+16,1.01e+17,6.66e+16,2.98e+17,30885.101,102.977,884.0,156,1109.63,32.86,0.15,101,-16.940000000000055,7.098415841584159,False,False,False,dry,O2,29,12,12_32,none
0.957,13.409,14.647,19.88,200.067,89.924,501.257,4057.742,4936.147,5.097,91.808,30.048,50.191,436,537.475,105.525,3661.0,1567.0,280.0,71.057,51.072,0.943,2074.0,1.02e+16,1.46e+17,6.64e+17,3.01e+17,31320.155,101.885,884.0,153,1077.48,31.87,0.05,100,0.2100000000000363,6.9979,False,False,False,dry,O2,67,12,12_33,none
0.871,13.534,15.008,20.006,198.561,90.124,493.148,4031.075,4974.054,4.907,90.708,29.785,44.026,436,530.804,109.196,3641.0,1539.0,181.0,70.813,51.545,0.912,2093.0,1.33e+16,1.28e+17,6.79e+17,3e+17,31877.995,103.123,910.0,152,1102.86,39.49,0.29,26,-12.389999999999986,27.399615384615384,False,False,False,dry,O2,118,12,12_34,none
1.543,14.685,15.067,19.959,202.398,89.983,499.043,4001.481,5062.814,4.948,86.63,29.964,51.097,436,507.489,105.14,3612.0,1582.0,425.0,71.662,50.672,0.845,2117.0,1.42e+16,7.44e+16,4.61e+17,2.98e+17,32007.927,103.489,886.0,155,1203.92,32.9,0.32,112,-14.67999999999995,6.3810714285714285,False,False,False,dry,O2,120,12,12_35,none
2.03,16.839,15.082,19.906,199.707,90.121,499.607,4054.576,5014.412,5.008,93.916,30.045,37.239,365,511.118,105.836,3669.0,1686.0,436.0,70.817,51.42,0.801,2042.0,1.23e+16,1.64e+17,6.5e+17,2.98e+17,31060.021,101.445,880.0,155,1073.49,38.02,0.06,60,-7.1200000000000045,11.785333333333334,False,False,False,wet,H2O,178,12,12_36,none
1.512,16.719,14.97,19.868,199.466,89.963,500.06,3956.989,5094.301,4.996,93.601,29.972,36.766,436,526.598,108.038,3651.0,1480.0,495.0,71.316,51.388,1.059,2080.0,1.43e+16,1.42e+17,5.39e+16,3.03e+17,31195.893,99.898,896.0,156,1117.87,39.87,0.09,73,-27.730000000000015,9.968904109589042,False,False,False,wet,H2O,102,12,12_37,none
0.654,15.574,15.034,19.959,205.951,89.97,497.838,4088.075,5014.345,5.023,92.404,30.012,37.56,405,506.192,105.652,3662.0,1545.0,514.0,70.309,51.187,0.942,2026.0,1.56e+16,1.15e+17,1.04e+18,3.01e+17,30345.756,104.562,883.0,153,1175.39,35.62,0.18,18,-10.33000000000004,39.46277777777778,False,False,False,dry,O2,105,12,12_38,none
0.71,16.386,14.853,20.004,198.124,90.068,495.131,4025.37,4927.236,4.956,91.328,30.209,29.276,365,506.732,106.627,3664.0,1471.0,198.0,70.468,50.789,1.052,2042.0,9040000000000000.0,1.57e+17,1.96e+17,2.99e+17,32640.431,103.334,870.0,154,1103.47,28.61,0.13,145,-16.450000000000045,4.941034482758621,False,False,False,wet,H2O,97,12,12_39,none
1.917,14.503,14.876,19.96,202.557,89.963,505.212,4036.893,5042.58,5.118,93.215,30.044,30.217,405,519.828,106.865,3633.0,1606.0,446.0,69.129,50.31,1.021,2100.0,9260000000000000.0,6.7e+16,7e+17,3.02e+17,31812.718,103.237,906.0,151,1066.06,34.73,0.12,205,-14.66999999999996,3.4861951219512197,False,False,False,dry,O2,73,12,12_40,none
1.81,15.808,14.939,19.865,199.75,90.068,501.408,4014.073,5096.865,4.853,92.928,29.957,45.988,365,528.049,106.261,3643.0,1469.0,179.0,70.274,51.344,1.01,2085.0,9010000000000000.0,8.81e+16,1.08e+18,2.99e+17,31897.034,104.094,885.0,156,1113.93,34.93,0.19,180,-20.389999999999983,4.002166666666667,False,False,False,dry,O2,97,12,12_41,none
1.705,19.592,15.061,19.906,202.144,89.969,498.586,3985.826,4966.548,4.989,91.625,30.083,65.704,405,520.811,105.785,3648.0,1518.0,154.0,69.593,50.918,1.251,2052.0,7390000000000000.0,1.3e+17,3.11e+17,3.01e+17,31335.17,100.285,913.0,155,1017.43,32.56,0.37,134,-11.450000000000044,5.309328358208956,False,False,False,dry,O2,86,12,12_42,none
0.915,14.369,14.908,20.042,200.375,89.984,499.712,4047.582,5024.08,5.113,90.929,30.009,57.856,436,502.418,108.988,3594.0,1522.0,445.0,72.087,51.693,1.086,2138.0,1.33e+16,1.42e+17,3.54e+17,2.99e+17,31661.971,102.705,885.0,154,1053.87,38.15,0.15,103,-19.269999999999985,6.983203883495145,False,False,False,dry,O2,54,12,12_43,none
1.6,17.647,14.939,19.964,200.578,90.178,504.378,3955.206,5025.713,4.871,94.441,30.014,55.445,365,496.038,108.122,3670.0,1696.0,462.0,70.748,51.406,1.216,2040.0,1.13e+16,1.17e+17,8.01e+17,3e+17,30483.527,102.147,893.0,156,1235.78,33.86,0.23,136,-2.6000000000000227,5.166176470588235,False,False,False,dry,O2,84,12,12_44,none
1.022,15.078,14.927,19.942,201.611,89.968,502.273,4062.892,5094.318,5.171,92.475,30.181,44.239,436,543.295,107.202,3656.0,1402.0,325.0,70.309,50.962,0.971,2042.0,7050000000000000.0,8.08e+16,4.8e+17,3e+17,32041.765,102.449,921.0,158,1047.76,29.1,0.23,89,0.7000000000000455,7.857303370786516,False,False,False,wet,H2O,30,12,12_45,none
0.755,14.165,15.219,19.897,206.188,90.026,499.3,4071.67,5068.499,5.185,87.926,29.887,40.328,436,548.023,108.88,3679.0,1479.0,401.0,71.336,51.422,0.807,2044.0,1.7e+16,1.79e+17,7.08e+17,3e+17,31843.656,101.551,897.0,155,1105.81,49.98,0.28,97,-4.919999999999959,7.267216494845361,False,False,False,wet,H2O,48,12,12_46,none
1.263,20.673,14.854,19.992,203.301,90.111,503.004,4064.262,5080.402,5.2,93.221,29.96,33.697,365,473.346,106.47,3663.0,1445.0,333.0,71.435,50.405,1.154,2067.0,7340000000000000.0,526000000000000.0,207000000000000.03,3.01e+17,32365.558,101.309,869.0,152,1275.73,44.71,0.16,24,-15.370000000000005,29.80708333333333,False,False,False,wet,H2O,168,31,31_23,none
0.762,14.79,15.051,19.9,202.558,89.954,502.277,4049.05,5061.511,5.022,93.058,30.115,30.834,365,472.289,106.393,3645.0,1404.0,224.0,70.392,50.409,1.02,2078.0,1.29e+16,1.21e+17,4.61e+17,2.98e+17,32353.208,101.13,869.0,152,1267.81,44.76,0.31,24,-3.9700000000000273,29.332083333333333,False,False,False,wet,H2O,93,31,31_22,none
0.717,19.779,14.836,20.316,200.779,90.003,500.631,4014.516,5018.416,5.219,92.944,29.958,34.945,365,479.543,106.211,3663.0,1510.0,313.0,71.587,50.451,1.146,2059.0,2e+16,1.08e+17,4.51e+17,3.02e+17,32358.261,101.085,868.0,152,1272.88,44.96,0.29,22,-15.350000000000025,32.51590909090909,False,False,False,wet,H2O,159,31,31_21,none
0.967,11.296,14.86,20.081,201.952,89.918,502.401,4041.152,5051.754,4.794,91.538,30.08,27.162,365,473.186,105.33,3631.0,1416.0,202.0,70.249,49.939,0.819,2069.0,1.97e+16,1.27e+17,1.18e+18,2.99e+17,32362.027,99.659,886.0,149,1270.18,44.89,0.49,22,-2.3700000000000045,31.92590909090909,False,False,False,wet,H2O,13,31,31_20,none
1.744,15.342,15.115,20.002,199.677,90.138,501.427,3999.505,5045.399,5.071,91.039,30.02,18.043,365,545.521,108.62,3674.0,1507.0,589.0,70.339,51.059,0.968,2029.0,1.3e+16,1.76e+17,6.91e+17,3e+17,31835.116,101.483,919.0,152,910.72,30.58,0.16,74,1.9700000000000275,9.432837837837836,False,False,False,wet,H2O,110,11,11_23,none
1.257,15.859,15.099,19.862,199.569,90.008,499.061,4127.781,4946.491,5.109,93.693,30.039,40.684,405,513.215,107.614,3645.0,1454.0,363.0,72.502,51.174,1.011,2076.0,1.11e+16,1.32e+17,6.29e+17,3.01e+17,33675.515,103.169,911.0,157,1076.57,35.39,0.31,132,-10.200000000000044,5.380303030303031,False,False,False,dry,O2,118,11,11_24,none
1.316,14.34,14.931,20.003,199.536,89.975,499.913,4005.582,4910.626,4.959,91.704,30.034,34.119,436,507.751,108.062,3711.0,1507.0,315.0,69.956,50.055,1.269,1995.0,1.53e+16,1.23e+17,2.97e+17,3.02e+17,31139.192,104.848,915.0,153,1016.4,34.42,0.32,212,-4.580000000000041,3.323490566037736,False,False,False,wet,H2O,187,11,11_25,none
1.588,15.847,15.283,20.008,196.174,89.928,500.673,4021.775,5007.997,4.921,92.169,29.994,45.612,365,550.323,108.166,3651.0,1365.0,573.0,70.097,50.89,0.873,2068.0,1.62e+16,9.05e+16,3.45e+17,2.99e+17,31366.756,103.308,875.0,152,1148.25,32.8,0.25,14,-25.519999999999985,51.82285714285714,False,False,False,dry,O2,117,11,11_26,none
1.658,19.626,15.094,19.918,203.808,90.008,500.836,3976.283,4948.148,5.142,91.725,30.015,55.546,405,513.764,108.796,3624.0,1512.0,422.0,70.939,51.396,1.003,2117.0,1.83e+16,-2.77e+16,1.05e+18,3e+17,31408.707,103.023,902.0,156,1260.38,35.01,0.21,98,1.42999999999995,7.12826530612245,False,False,True,dry,O2,76,11,11_27,none
0.958,14.106,15.012,19.89,203.553,89.877,503.818,4074.462,5093.003,5.307,93.942,30.089,26.365,365,461.998,106.772,3640.0,1392.0,246.0,71.904,50.775,1.072,2070.0,1.46e+16,8020000000000000.0,7.3e+17,2.98e+17,32341.866,102.079,913.0,153,1276.96,44.65,0.27,21,-17.139999999999986,34.14952380952381,False,False,False,wet,H2O,18,31,31_1,none
0.846,11.104,15.094,19.941,204.166,89.999,504.09,4081.904,5102.482,5.116,93.806,29.968,32.415,365,472.494,106.321,3641.0,1427.0,150.0,70.816,50.689,1.069,2070.0,2.06e+16,1.67e+17,1.01e+18,2.98e+17,32566.218,101.951,912.0,153,1267.72,44.6,0.32,20,-7.990000000000009,35.3995,False,False,False,wet,H2O,126,31,31_2,none
0.925,13.548,14.949,19.919,203.693,89.852,503.72,4073.923,5092.293,4.931,93.746,29.953,28.136,365,467.148,106.411,3642.0,1410.0,232.0,71.105,50.715,1.059,2057.0,1.51e+16,6.7e+16,8.89e+17,3e+17,32645.479,101.651,913.0,153,1276.34,44.64,0.19,17,-11.230000000000018,41.83705882352941,False,False,False,wet,H2O,95,31,31_3,none
1.031,14.724,14.902,19.931,203.463,90.172,503.779,4072.864,5090.991,5.208,92.897,29.992,23.841,365,474.437,104.911,3640.0,1452.0,237.0,70.506,50.189,1.025,2085.0,1.31e+16,1.31e+17,6.2e+17,3e+17,32461.738,100.5,899.0,151,1274.29,44.61,0.17,19,-4.309999999999945,37.06894736842105,False,False,False,wet,H2O,114,31,31_4,none
1.055,20.836,14.887,19.991,201.977,89.747,502.057,4041.393,5052.056,5.039,93.578,30.162,34.673,365,477.096,106.501,3622.0,1394.0,124.0,69.559,50.333,0.852,2094.0,1.92e+16,1.66e+17,9830000000000000.0,3e+17,32642.872,100.804,912.0,151,1268.54,44.55,0.4,14,4.210000000000036,49.69928571428572,False,False,False,wet,H2O,54,31,31_5,none
0.96,20.786,15.148,20.104,203.551,89.907,503.594,4068.729,5086.064,5.071,93.366,30.084,44.586,365,490.495,106.607,3641.0,1386.0,263.0,71.028,50.588,1.045,2048.0,7730000000000000.0,2.08e+16,3050000000000000.0,3.01e+17,32152.073,101.52,913.0,153,1278.23,44.53,0.02,19,-12.039999999999964,37.47578947368421,False,False,False,wet,H2O,84,31,31_6,none
0.925,19.016,15.081,20.077,199.298,89.987,505.986,3981.464,4933.466,5.113,94.205,30.047,50.707,365,473.749,106.386,3656.0,1559.0,240.0,71.339,50.463,1.272,2047.0,1.81e+16,1.51e+17,5.61e+17,2.99e+17,32226.672,102.403,936.0,153,1104.64,29.07,0.23,110,-15.389999999999986,6.503545454545455,False,False,False,wet,H2O,96,11,11_48,none
0.902,17.199,14.901,20.029,203.517,90.126,503.485,4070.338,5087.506,5.104,93.331,30.138,31.73,365,476.227,105.87,3631.0,1372.0,150.0,70.548,50.516,1.069,2069.0,7460000000000000.0,7.43e+16,2.06e+17,3e+17,32326.386,101.648,908.0,152,1276.16,44.6,0.09,19,-5.7000000000000455,37.142105263157895,False,False,False,wet,H2O,30,31,31_7,none
0.536,13.554,14.964,20.03,202.881,89.93,502.936,4057.03,5071.181,4.982,92.996,30.063,25.621,365,472.104,105.49,3635.0,1281.0,140.0,71.052,50.155,0.942,2062.0,1.51e+16,2.07e+16,52000000000000.266,3.02e+17,32030.963,100.502,903.0,151,1280.47,44.6,0.43,18,-10.559999999999944,39.47555555555555,False,False,False,wet,H2O,15,31,31_9,none
0.401,18.617,15.035,19.985,202.398,89.988,502.358,4047.576,5059.212,5.026,92.976,29.715,24.792,365,477.665,104.638,3637.0,1369.0,119.0,71.346,49.917,1.221,2056.0,4240000000000000.0,2.63e+16,1.8e+17,3e+17,32173.206,100.2,906.0,150,1273.78,44.74,0.2,17,-13.789999999999964,41.987647058823526,False,False,False,wet,H2O,9,31,31_10,none
1.099,20.327,15.131,19.873,201.982,90.199,502.232,4040.517,5050.649,5.16,93.17,29.949,31.672,365,482.803,105.348,3641.0,1428.0,204.0,70.603,50.029,1.13,2060.0,5950000000000000.0,4.86e+16,2.28e+17,3.01e+17,32172.818,99.354,906.0,149,1271.43,44.46,0.12,19,-7.360000000000014,37.229473684210525,False,False,False,wet,H2O,111,31,31_11,none
0.982,20.191,15.048,19.913,202.457,90.176,502.561,4048.181,5060.417,5.119,92.711,30.056,33.943,365,493.09,105.043,3642.0,1372.0,236.0,70.745,50.177,0.892,2050.0,1.14e+16,1.1e+17,1.13e+17,3.01e+17,32187.684,100.308,902.0,150,1273.68,44.61,0.19,19,-5.850000000000023,37.15,False,False,False,wet,H2O,129,31,31_12,none
1.136,19.977,14.996,19.871,201.487,90.028,501.487,4032.755,5040.967,5.329,92.361,29.894,35.006,365,485.447,105.795,3638.0,1369.0,151.0,71.211,49.847,0.839,2067.0,1.59e+16,1.59e+17,261000000000000.1,2.99e+17,32191.927,99.617,902.0,150,1270.67,44.71,0.27,18,-10.66999999999996,39.48166666666666,False,False,False,wet,H2O,45,31,31_13,none
0.584,20.359,15.035,20.041,201.239,89.871,501.335,4026.82,5033.56,5.023,91.939,30.026,31.065,365,487.259,104.895,3633.0,1402.0,207.0,70.152,49.99,0.927,2050.0,6790000000000000.0,5.74e+16,4.03e+17,3.01e+17,32188.464,100.05,902.0,150,1271.64,44.92,0.04,21,-3.690000000000055,33.50904761904762,False,False,False,wet,H2O,65,31,31_14,none
0.724,11.388,14.923,19.96,200.809,90.035,500.667,4014.514,5017.998,5.031,92.292,29.943,28.451,365,471.618,105.69,3630.0,1427.0,212.0,69.778,49.768,1.122,2070.0,1.93e+16,1.93e+17,6.53e+17,3e+17,32183.783,99.832,896.0,150,1266.45,44.77,0.4,20,0.7300000000000182,34.9635,False,False,False,wet,H2O,66,31,31_15,none
0.774,16.871,14.923,19.993,201.12,90.056,501.136,4024.748,5030.821,5.072,91.996,29.88,27.266,365,479.928,104.976,3650.0,1343.0,218.0,71.238,50.239,0.948,2049.0,7620000000000000.0,3.73e+16,2.32e+16,3.01e+17,32180.834,100.54,885.0,151,1272.89,44.73,0.09,21,-11.720000000000027,33.89142857142857,False,False,False,wet,H2O,111,31,31_16,none
0.634,15.286,14.879,20.04,200.467,90.019,500.386,4006.447,5007.992,5.028,92.118,29.999,26.197,365,469.084,105.276,3632.0,1343.0,177.0,70.154,49.938,0.796,2061.0,1.1e+16,1.08e+17,1.06e+17,3.01e+17,32264.079,99.874,889.0,150,1271.18,44.74,0.29,20,-1.169999999999959,35.058499999999995,False,False,False,wet,H2O,39,31,31_17,none
0.796,20.468,14.98,20.114,200.924,89.952,500.843,4015.714,5019.727,4.968,92.159,30.117,33.241,365,483.171,105.523,3645.0,1417.0,221.0,71.197,50.126,0.994,2091.0,2800000000000000.0,2.74e+16,1.08e+17,3e+17,32264.235,100.052,886.0,150,1268.64,44.94,0.27,21,-12.759999999999993,33.94095238095238,False,False,False,wet,H2O,51,31,31_18,none
0.633,11.346,15.115,19.88,200.823,90.088,500.907,4017.502,5021.852,5.126,93.146,30.147,22.564,365,470.344,105.193,3646.0,1359.0,175.0,71.578,50.192,0.955,2073.0,1.96e+16,864000000000000.0,77499999999999.84,2.99e+17,32359.773,100.47,884.0,151,1282.25,45.14,0.12,22,-16.690000000000055,32.57681818181818,False,False,False,wet,H2O,18,31,31_19,none
0.412,20.586,15.097,20.125,203.114,89.965,503.13,4064.555,5080.659,4.962,93.223,30.036,33.518,365,480.527,105.864,3638.0,1446.0,174.0,71.154,50.439,0.768,2046.0,3490000000000000.0,262999999999999.8,1240000000000.025,3.01e+17,32037.649,101.319,908.0,152,1268.64,44.75,0.21,17,-10.690000000000056,41.805294117647065,False,False,False,wet,H2O,48,31,31_8,none
1.32,18.243,14.988,19.948,204.565,89.798,495.966,4036.876,5121.368,5.153,93.81,30.008,41.319,405,523.591,104.815,3657.0,1381.0,315.0,71.559,50.991,1.083,2065.0,1.18e+16,3.5e+16,4.35e+17,3e+17,31722.418,104.169,907.0,155,1090.38,30.02,0.33,163,-11.139999999999986,4.3628220858895705,False,False,False,dry,O2,96,8,8_37,none
1.73,16.038,15.124,20.043,202.922,89.849,498.258,4063.187,4942.057,4.763,90.291,30.148,56.116,365,472.825,108.566,3677.0,1461.0,233.0,69.897,49.858,0.913,2005.0,1.12e+16,1.09e+17,4.84e+17,3.01e+17,31292.496,102.645,888.0,154,1019.55,34.79,0.28,99,-14.480000000000018,7.216969696969697,False,False,False,wet,H2O,121,11,11_47,none
1.662,16.28,15.231,19.983,202.283,90.004,495.351,4010.059,5169.379,5.086,91.117,30.052,30.295,365,470.383,106.62,3625.0,1544.0,304.0,69.336,51.239,1.095,2103.0,7640000000000000.0,1.59e+17,5.85e+17,2.97e+17,31566.125,103.98,886.0,153,1298.41,29.22,0.16,117,-13.620000000000005,6.09931623931624,False,False,False,dry,O2,48,11,11_45,none
1.206,13.882,15.002,19.825,198.722,89.961,498.768,3974.175,4967.519,5.176,92.041,30.037,24.244,365,473.308,104.687,3641.0,1362.0,166.0,71.013,49.706,0.943,2047.0,6700000000000000.0,6.7e+16,4.01e+17,3.01e+17,33322.028,99.564,900.0,150,1275.77,44.47,-0.01,20,4.360000000000014,34.782,True,False,False,wet,H2O,57,30,30_45,none
0.859,18.864,15.02,19.852,199.707,89.888,499.843,3997.24,4996.631,5.19,92.39,29.892,28.141,365,484.259,104.696,3634.0,1460.0,202.0,70.698,49.841,0.97,2092.0,8040000000000000.0,6.43e+16,4.53e+17,3.01e+17,32175.386,99.73,899.0,150,1291.12,44.55,0.37,18,-7.5,39.30555555555556,False,False,False,wet,H2O,18,30,30_46,none
0.742,20.649,14.826,19.998,203.082,90.082,502.877,4058.912,5073.574,4.932,93.648,30.095,32.436,365,470.999,106.507,3629.0,1247.0,177.0,70.761,50.544,0.863,2076.0,1.47e+16,246999999999999.9,1419999999999.942,2.99e+17,31260.795,101.247,917.0,152,1284.01,44.58,0.23,23,-7.669999999999959,30.76826086956521,False,False,False,wet,H2O,18,30,30_47,none
0.956,11.25,14.869,20.082,203.284,89.988,503.392,4068.209,5085.334,5.224,92.948,30.066,27.11,365,474.708,105.636,3638.0,1709.0,143.0,71.256,50.609,1.026,2090.0,3530000000000000.0,2.52e+16,3.8e+16,3e+17,31575.749,101.521,908.0,152,1293.72,44.61,0.04,22,-13.779999999999973,32.444545454545455,False,False,False,wet,H2O,21,30,30_48,none
0.454,15.255,15.069,20.063,201.95,89.986,501.943,4039.246,5048.927,5.078,93.093,30.144,26.261,365,473.313,105.618,3628.0,1468.0,173.0,70.434,50.176,0.884,2092.0,1.52e+16,1.52e+17,9.07e+17,3e+17,31637.547,100.9,908.0,151,1290.27,44.53,0.24,20,-5.740000000000009,35.287,False,False,False,wet,H2O,6,30,30_49,none
0.726,12.502,15.07,20.02,201.782,89.826,501.933,4037.32,5046.542,5.064,93.309,30.011,33.68,365,484.993,105.595,3633.0,1466.0,140.0,70.657,49.714,1.08,2064.0,3700000000000000.0,1.31e+16,1.55e+17,3e+17,32157.069,99.713,908.0,150,1288.15,44.6,0.18,18,-7.610000000000014,39.31166666666667,False,False,False,wet,H2O,30,30,30_50,none
0.898,19.665,14.89,20.095,202.746,89.984,502.632,4053.653,5067.012,5.007,93.266,29.932,27.666,365,474.388,105.687,3633.0,1390.0,191.0,70.16,50.279,0.928,2065.0,1.17e+16,1.44e+16,3.37e+16,3.01e+17,32998.474,100.406,909.0,151,1283.57,44.5,0.1,18,-2.4700000000000277,39.02611111111111,False,False,False,wet,H2O,87,30,30_51,none
0.396,16.06,14.917,19.937,202.579,89.996,502.476,4051.919,5064.927,4.957,94.357,29.788,39.579,365,471.356,107.97,3633.0,1561.0,138.0,71.043,50.248,1.2,2063.0,9130000000000000.0,8.88e+16,2.72e+17,3e+17,33115.558,100.604,925.0,151,1278.88,44.5,0.18,19,-11.509999999999993,37.4478947368421,False,False,False,wet,H2O,36,30,30_52,none
1.134,17.603,14.851,19.959,205.142,89.898,505.121,4102.953,5128.701,5.135,93.639,29.971,32.341,365,475.859,106.183,3634.0,1665.0,177.0,70.741,50.778,1.167,2094.0,8820000000000000.0,4.11e+16,4.86e+17,3.01e+17,32465.722,101.943,913.0,153,1283.15,44.64,0.22,23,-9.289999999999964,30.83869565217391,False,False,False,wet,H2O,38,30,30_53,none
0.524,16.349,15.107,20.092,203.386,89.913,503.376,4068.332,5085.138,5.152,93.778,29.893,44.344,365,488.719,106.612,3637.0,1573.0,202.0,71.688,50.574,1.097,2098.0,6520000000000000.0,2840000000000000.0,126999999999999.9,3e+17,32576.471,101.575,913.0,152,1298.98,44.58,0.14,19,-14.909999999999968,37.62684210526316,False,False,False,wet,H2O,15,30,30_54,none
0.897,13.721,14.872,20.03,191.277,89.936,499.234,3991.138,4966.584,4.953,92.276,29.941,26.274,365,509.625,107.221,3676.0,1497.0,254.0,70.782,50.203,1.138,2069.0,1.18e+16,1.18e+17,6.36e+17,3e+17,32163.693,100.251,908.0,158,1154.73,39.67,0.02,98,-5.909999999999968,7.203163265306122,False,False,False,wet,H2O,97,10,10_1,none
1.619,14.122,15.026,20.179,202.794,89.9,500.709,4042.771,5036.858,5.022,90.958,30.01,54.885,405,522.987,105.086,3629.0,1711.0,431.0,71.636,50.772,1.167,2063.0,1.59e+16,1.22e+17,6.64e+17,3e+17,31833.472,102.35,886.0,156,1263.44,26.16,0.27,148,-4.409999999999968,4.759527027027027,False,False,False,dry,O2,105,10,10_2,none
2.163,17.065,15.055,19.968,193.856,89.883,494.556,3955.724,5039.334,4.872,96.02,30.041,55.773,365,508.471,108.146,3670.0,1371.0,524.0,72.076,51.498,1.026,2045.0,1.41e+16,1.29e+17,3.86e+17,3.03e+17,32188.131,106.194,896.0,153,1048.93,34.46,0.15,110,-5.850000000000023,6.416818181818182,False,False,False,dry,O2,164,10,10_3,none
1.91,12.38,14.983,19.876,197.865,89.95,501.39,4045.906,5063.554,4.893,90.877,29.918,29.223,436,547.973,108.377,3654.0,1305.0,218.0,70.547,51.584,0.831,2065.0,1.6e+16,7.8e+16,3.19e+16,2.99e+17,32228.397,101.967,891.0,158,1176.31,36.05,0.17,76,-12.950000000000044,9.38092105263158,False,False,False,wet,H2O,82,10,10_4,none
1.151,14.985,15.327,20.054,199.951,89.97,498.932,4013.583,5118.636,4.9,91.069,29.949,50.445,365,547.039,107.848,3635.0,1512.0,130.0,70.275,50.972,1.27,2092.0,1.31e+16,1.08e+17,8.48e+17,3e+17,30846.813,101.809,887.0,154,1087.88,36.82,0.18,173,-27.269999999999985,4.203872832369942,False,False,False,wet,H2O,24,10,10_5,none
0.09,17.264,15.035,19.857,204.497,89.914,499.666,4023.639,5047.834,5.06,90.219,29.936,51.748,405,542.118,107.96,3657.0,1575.0,313.0,69.624,52.075,1.108,2038.0,1.24e+16,9.84e+16,4.61e+17,3.02e+17,32057.693,101.327,908.0,157,1155.02,34.99,0.25,63,-9.840000000000032,11.267301587301588,False,False,False,dry,O2,99,10,10_7,none
1.796,12.735,15.005,19.909,202.895,90.008,500.437,4013.89,4928.95,4.935,90.056,30.051,38.032,436,463.993,110.031,3665.0,1427.0,330.0,71.36,50.924,1.002,2026.0,6230000000000000.0,7.04e+16,5.95e+17,2.99e+17,31994.953,103.133,893.0,155,978.91,41.82,0.19,137,-12.539999999999964,5.201021897810219,False,False,False,dry,O2,102,10,10_8,none
1.544,13.372,15.203,20.075,202.38,89.921,503.045,4024.304,4984.234,4.927,93.652,29.878,37.114,365,487.623,107.474,3657.0,1344.0,417.0,72.188,50.61,1.163,2037.0,1.5e+16,8.48e+16,9.33e+17,3.01e+17,31986.866,101.763,879.0,152,1129.56,31.44,0.26,167,-5.3700000000000045,4.22377245508982,False,False,False,wet,H2O,62,10,10_9,none
1.603,15.295,15.132,20.046,196.122,89.886,499.912,4041.706,4934.181,5.051,90.299,29.908,51.465,436,479.531,108.614,3641.0,1474.0,317.0,70.381,52.238,1.207,2087.0,1.62e+16,1.59e+17,5.12e+17,3.01e+17,31791.345,104.309,873.0,154,963.0,36.61,0.27,60,-13.149999999999975,11.885833333333332,False,False,False,dry,O2,89,10,10_10,none
1.036,18.363,14.833,20.003,201.425,89.964,499.994,4057.714,5003.089,4.938,89.109,29.889,28.202,436,512.837,106.262,3660.0,1466.0,476.0,71.472,51.645,0.907,2062.0,9500000000000000.0,5.7e+16,8.14e+17,3.03e+17,30626.395,100.928,871.0,156,1118.5,28.83,0.28,107,-11.75,6.651869158878505,False,False,False,dry,O2,165,10,10_11,none
1.449,15.078,15.096,19.925,201.228,90.058,502.757,3953.351,5104.232,5.211,91.258,30.039,35.975,365,506.569,108.446,3666.0,1517.0,479.0,71.841,50.904,0.964,2031.0,1.03e+16,6.98e+16,2.86e+17,3e+17,31950.91,103.517,898.0,153,972.88,37.24,0.17,141,-1.3799999999999957,4.974326241134752,False,False,False,dry,O2,159,10,10_12,none
0.511,12.455,15.183,20.021,203.66,90.059,502.89,4081.9,4965.592,4.915,92.025,30.144,31.473,436,536.273,107.477,3658.0,1472.0,419.0,71.274,50.962,1.079,2069.0,8470000000000000.0,7.01e+16,5.18e+17,2.99e+17,31352.448,103.482,909.0,155,1115.17,34.1,0.39,126,-9.730000000000018,5.632777777777778,False,False,False,dry,O2,84,10,10_13,none
1.074,13.881,15.146,20.132,200.175,89.954,502.156,3982.124,5009.126,4.965,88.915,30.157,28.745,405,527.578,109.099,3651.0,1683.0,314.0,71.14,51.818,0.983,2081.0,1.47e+16,6.69e+16,6.47e+17,3.01e+17,30552.568,103.236,944.0,155,961.21,29.62,0.2,168,-9.519999999999982,4.223333333333334,False,False,False,wet,H2O,180,10,10_14,none
1.334,18.955,15.016,20.026,198.363,90.237,498.474,3971.195,4963.787,4.934,91.402,30.097,17.571,365,466.936,104.533,3642.0,1401.0,185.0,71.7,49.948,1.077,2053.0,5100000000000000.0,1.58e+16,3.02e+17,2.99e+17,31618.61,99.812,898.0,150,1282.48,44.66,0.15,20,-16.92999999999995,35.8465,False,False,False,wet,H2O,15,30,30_44,none
1.238,18.43,14.666,20.018,197.08,90.041,496.871,4041.13,5018.066,5.182,90.496,29.936,73.687,436,543.741,106.729,3644.0,1458.0,340.0,71.443,50.196,0.982,2065.0,2490000000000000.0,1.06e+17,7.89e+17,2.99e+17,31715.486,103.785,896.0,155,1219.95,30.98,0.12,69,2.269999999999982,10.112028985507246,False,False,False,dry,O2,115,10,10_15,none
1.074,19.058,14.752,20.021,198.453,89.892,498.399,3970.436,4962.927,5.111,91.547,29.95,23.879,365,476.483,104.703,3632.0,1368.0,150.0,70.742,49.863,1.141,2051.0,4330000000000000.0,1.81e+16,1.17e+17,3e+17,32141.94,99.848,900.0,150,1294.96,44.57,0.19,23,-6.92999999999995,30.73608695652174,False,False,False,wet,H2O,48,30,30_43,none
0.981,17.28,15.009,20.087,199.434,89.885,499.752,3993.957,4992.34,4.991,91.155,29.991,21.996,365,470.283,104.984,3647.0,1423.0,261.0,71.586,50.347,1.256,2073.0,8990000000000000.0,7.34e+16,5.39e+17,3e+17,32155.303,101.029,900.0,152,1296.46,44.67,0.42,26,-16.860000000000014,27.571538461538463,False,False,False,wet,H2O,84,30,30_41,none
1.371,18.895,15.194,19.949,197.555,89.854,500.535,4054.843,5038.451,5.127,92.568,30.116,42.047,365,546.558,106.202,3675.0,1568.0,408.0,71.25,50.147,0.954,2046.0,1.36e+16,5.92e+16,4.01e+17,2.99e+17,31037.41,101.565,920.0,155,1077.14,49.78,0.17,30,-11.67999999999995,23.722666666666665,False,False,False,dry,O2,142,10,10_45,none
1.124,18.779,14.999,20.008,202.61,90.064,495.162,3957.022,5100.153,4.932,92.636,29.777,49.147,365,509.033,106.677,3664.0,1500.0,317.0,71.072,50.634,1.043,2043.0,2.4e+16,3.6e+16,5.7e+17,2.99e+17,31925.167,103.023,889.0,153,1100.3,32.39,0.19,30,-3.240000000000009,23.441333333333333,False,False,False,dry,O2,88,10,10_46,none
0.899,13.831,14.893,20.054,199.274,89.963,499.215,4087.757,5087.996,4.981,93.422,29.914,42.824,436,549.203,109.158,3637.0,1380.0,291.0,71.433,50.566,1.03,2061.0,7890000000000000.0,8.7e+16,5.67e+17,2.98e+17,32001.691,102.035,908.0,154,1156.77,32.78,0.36,31,-1.4700000000000273,22.628064516129037,False,False,False,dry,O2,50,10,10_47,none
1.347,18.76,15.018,20.098,198.145,90.045,500.953,4025.555,5023.07,4.988,90.483,30.044,35.638,405,541.598,107.104,3672.0,1692.0,376.0,71.314,50.534,1.237,2024.0,1.2e+16,1.23e+17,5.55e+17,3.01e+17,31568.389,102.906,902.0,156,1010.24,36.65,0.21,31,-8.279999999999973,22.84774193548387,False,False,False,wet,H2O,81,10,10_48,none
1.018,20.63,15.081,20.177,200.885,90.126,493.279,4036.82,4963.518,5.1,92.547,29.996,47.284,365,488.697,108.285,3650.0,1513.0,324.0,71.218,50.466,1.005,2077.0,8220000000000000.0,1.44e+17,6.4e+17,3e+17,32672.091,104.144,879.0,152,1024.44,35.64,0.34,32,-2.6499999999999773,21.9578125,False,False,False,dry,O2,80,10,10_49,none
1.789,11.28,14.925,20.099,198.94,89.885,500.973,4013.999,5123.525,4.948,92.258,30.067,27.684,365,509.266,105.65,3657.0,1346.0,392.0,71.202,51.009,1.118,2053.0,7690000000000000.0,1.23e+17,6.92e+17,3.01e+17,32628.744,98.972,919.0,155,1050.7,36.85,0.16,32,-17.840000000000032,22.4325,False,False,False,dry,O2,72,10,10_50,none
1.35,15.211,15.094,20.133,203.192,90.064,501.078,3985.739,5044.906,5.181,92.119,29.947,49.817,436,483.404,108.277,3633.0,1306.0,422.0,71.269,50.626,1.119,2069.0,1.79e+16,8.32e+16,6.34e+17,2.99e+17,31536.877,104.662,912.0,154,1008.37,25.59,0.26,30,3.509999999999991,23.21633333333333,False,False,False,dry,O2,57,10,10_51,none
1.532,12.388,15.132,20.073,202.567,89.952,498.699,4047.695,5090.9,5.11,91.443,29.971,54.209,405,467.543,107.43,3629.0,1495.0,177.0,71.206,52.401,1.08,2083.0,2120000000000000.0,4.49e+16,-6.6e+16,2.99e+17,30765.564,103.135,907.0,153,1192.49,42.4,0.09,32,13.039999999999964,21.4675,False,False,True,dry,O2,52,10,10_52,none
1.376,19.806,14.958,19.926,205.557,90.002,500.77,3955.248,4986.112,5.079,93.174,29.962,44.506,405,522.581,108.499,3655.0,1268.0,288.0,71.641,50.433,0.948,2066.0,1.25e+16,1.11e+17,2.4e+17,3e+17,30855.969,103.921,902.0,155,1269.94,31.29,0.24,32,-9.019999999999982,22.156875,False,False,False,wet,H2O,51,10,10_53,none
0.526,15.99,15.106,19.861,204.54,89.972,501.886,4062.876,5013.858,5.106,90.946,29.993,37.243,365,506.412,106.603,3667.0,1417.0,353.0,72.155,51.257,1.063,2046.0,1.22e+16,9.77e+16,1.12e+18,3.02e+17,30260.998,104.418,893.0,154,919.39,37.17,0.23,32,-13.83000000000004,22.3071875,False,False,False,dry,O2,104,10,10_54,none
1.815,17.637,14.915,20.054,199.328,90.021,499.646,3989.745,4987.194,5.024,92.432,30.007,33.372,365,478.853,106.013,3648.0,1563.0,218.0,71.32,50.225,1.067,2043.0,5920000000000000.0,3846247469.915,180000000000.068,3.01e+17,32337.777,100.579,909.0,151,1294.7,44.53,0.16,24,-13.440000000000056,29.72666666666667,False,False,False,wet,H2O,222,30,30_28,Random
1.789,17.175,15.09,19.952,200.666,89.813,500.671,4014.357,5017.808,4.928,92.36,29.803,29.679,365,473.498,105.905,3655.0,1643.0,177.0,71.507,50.134,1.012,2069.0,7320000000000000.0,2.76e+16,4.29e+17,3.01e+17,32422.879,100.904,908.0,151,1287.92,44.62,0.18,25,-16.299999999999955,28.652,False,False,False,wet,H2O,213,30,30_29,Loc
1.73,11.071,14.95,20.029,200.326,90.074,500.387,4006.368,5008.339,5.038,91.716,29.878,24.745,365,474.639,105.081,3655.0,1490.0,221.0,71.718,50.098,1.044,2086.0,1.99e+16,1.59e+17,1.02e+18,3.01e+17,32255.605,100.644,904.0,151,1297.71,44.69,0.2,25,-19.789999999999964,28.7916,False,False,False,wet,H2O,138,30,30_30,none
0.94,12.512,15.014,19.918,199.019,90.216,499.044,3980.859,4975.904,5.018,91.521,29.924,27.643,365,476.299,104.96,3643.0,1625.0,175.0,71.716,50.156,1.094,2095.0,1.68e+16,3039999999999.944,190000000000000.1,2.98e+17,32597.211,100.349,905.0,150,1286.74,44.65,0.32,22,-17.149999999999977,32.59772727272727,False,False,False,wet,H2O,219,30,30_31,Loc
1.404,15.001,15.053,20.016,198.801,89.945,498.935,3977.059,4971.264,4.881,91.136,29.826,23.288,365,474.15,104.559,3655.0,1381.0,280.0,71.785,50.015,1.057,2082.0,1.08e+16,4.68e+16,3e+17,3.02e+17,32194.518,99.76,901.0,150,1279.29,44.53,0.12,23,-18.299999999999955,31.230434782608693,False,False,False,wet,H2O,135,30,30_32,none
0.896,13.603,14.881,20.17,198.841,90.058,498.983,3979.307,4974.122,4.888,91.88,30.034,25.434,365,470.92,105.576,3645.0,1457.0,239.0,71.189,50.235,0.902,2048.0,1.42e+16,2.7e+16,5.31e+17,3.01e+17,32642.035,100.243,904.0,151,1272.93,44.59,0.12,23,-12.389999999999986,30.97347826086957,False,False,False,wet,H2O,99,30,30_33,none
0.751,17.484,14.988,19.896,199.744,90.108,499.725,3993.608,4992.045,4.882,91.827,30.069,32.422,365,482.638,105.548,3638.0,1324.0,171.0,70.887,50.39,0.982,2093.0,6700000000000000.0,5.63e+16,527000000000000.0,2.98e+17,32640.055,100.577,903.0,151,1290.08,44.54,0.09,24,-8.480000000000018,29.52,False,False,False,wet,H2O,60,30,30_34,none
1.34,12.567,15.105,20.02,199.004,90.021,498.966,3979.66,4974.36,5.041,91.741,30.047,23.051,365,465.515,105.656,3654.0,1436.0,172.0,72.137,50.204,0.93,2055.0,1.66e+16,1.58e+17,9.62e+17,3e+17,32636.287,100.672,904.0,151,1284.45,44.54,0.21,24,-20.870000000000005,30.03625,False,False,False,wet,H2O,96,30,30_35,none
2.086,17.208,15.072,20.03,198.626,90.16,498.466,3971.283,4964.309,5.071,91.458,30.122,26.004,365,472.886,104.968,3643.0,1393.0,257.0,71.528,50.1,0.96,2065.0,6550000000000000.0,6.4e+16,54699999999999.99,2.99e+17,31686.443,100.208,904.0,150,1270.68,44.8,0.13,22,-13.230000000000018,32.41954545454546,False,False,False,wet,H2O,72,30,30_36,none
1.424,10.675,14.815,20.229,198.117,90.097,498.119,3964.164,4955.161,4.953,91.48,30.016,25.167,365,474.578,105.12,3641.0,1375.0,172.0,71.906,50.02,0.956,2078.0,2.07e+16,1010000000000000.0,2750000000000000.0,3e+17,31783.847,100.209,903.0,150,1272.99,44.65,0.29,23,-16.539999999999964,31.15391304347826,False,False,False,wet,H2O,9,30,30_37,none
0.586,20.405,15.112,19.984,198.522,90.02,498.304,3966.192,4957.722,5.134,91.397,30.025,16.709,365,461.264,104.986,3647.0,1382.0,236.0,71.746,49.918,0.777,2065.0,2930000000000000.0,80800000000000.0,1.79e+16,3e+17,31618.789,100.293,904.0,150,1299.08,44.63,0.16,23,-17.100000000000023,31.178260869565214,False,False,False,wet,H2O,72,30,30_38,none
0.646,17.815,14.848,19.975,198.528,89.976,498.488,3970.588,4963.196,5.043,91.885,30.025,33.106,365,478.492,106.017,3641.0,1301.0,151.0,71.625,50.045,1.011,2080.0,5250000000000000.0,5.19e+16,1.15e+16,3.01e+17,31618.204,100.327,908.0,150,1292.04,44.5,0.39,23,-16.399999999999977,31.14782608695652,False,False,False,wet,H2O,30,30,30_39,none
0.864,16.303,14.951,19.89,199.561,89.902,499.766,3993.479,4991.828,5.033,91.915,30.109,27.505,365,470.447,105.764,3638.0,1306.0,200.0,71.199,50.363,0.934,2076.0,8590000000000000.0,1.96e+16,5.11e+17,3e+17,31910.257,101.06,908.0,152,1294.05,44.54,0.17,26,-12.75,27.41346153846154,False,False,False,wet,H2O,54,30,30_40,none
1.545,16.139,15.076,19.82,197.81,89.958,497.615,3954.596,4943.202,4.955,91.633,29.981,24.93,365,468.72,105.131,3647.0,1431.0,181.0,71.769,49.542,1.007,2064.0,1.11e+16,5.59e+16,3.99e+17,3e+17,32178.366,99.147,899.0,149,1291.17,44.56,0.2,22,-16.529999999999973,32.569545454545455,False,False,False,wet,H2O,30,30,30_42,none
1.982,15.655,15.149,19.991,198.698,90.005,503.855,3964.231,5037.619,4.997,91.326,29.96,41.341,405,515.707,107.846,3680.0,1554.0,231.0,70.096,51.694,0.99,2012.0,1.14e+16,1.7e+17,6.04e+17,2.98e+17,31693.026,102.845,931.0,157,1104.68,32.86,0.12,197,-3.57000000000005,3.5714213197969547,False,False,False,dry,O2,124,10,10_17,none
1.244,14.349,15.035,19.921,197.619,89.952,500.109,4021.756,5038.515,4.899,92.7,29.94,41.943,365,546.86,106.085,3675.0,1568.0,408.0,70.267,50.007,1.021,2046.0,1.36e+16,5.92e+16,4.01e+17,2.99e+17,31037.594,101.629,920.0,155,1057.9,26.04,0.3,86,-11.899999999999975,8.277906976744186,False,False,False,dry,O2,142,10,10_18,none
1.145,18.517,14.942,19.907,202.674,89.97,504.949,3929.187,5100.192,5.07,92.951,30.282,49.339,365,509.132,106.572,3664.0,1500.0,317.0,69.487,50.385,1.239,2043.0,2.4e+16,3.6e+16,5.7e+17,2.99e+17,31924.975,102.752,889.0,153,1091.41,33.22,0.32,177,-3.509999999999991,3.974632768361582,False,False,False,dry,O2,88,10,10_19,none
1.082,19.257,14.968,20.09,203.451,89.915,503.366,4068.176,5085.363,5.155,92.848,29.95,26.848,365,474.584,105.534,3638.0,1463.0,143.0,71.569,50.554,1.073,2090.0,3530000000000000.0,2.52e+16,3.8e+16,3e+17,31576.15,101.579,908.0,152,1275.59,44.67,0.22,22,-13.870000000000005,32.44863636363636,False,False,False,wet,H2O,21,30,30_21,none
0.295,13.414,14.993,19.973,201.908,90.262,501.953,4039.078,5048.823,5.126,93.294,30.112,26.571,365,473.439,105.433,3628.0,1351.0,173.0,70.476,50.295,0.966,2092.0,1.52e+16,1.52e+17,9.07e+17,3e+17,31637.489,100.893,908.0,151,1271.38,44.56,0.22,20,-5.669999999999959,35.2835,False,False,False,wet,H2O,6,30,30_22,none
0.934,18.71,15.127,20.179,201.85,89.935,501.879,4037.046,5046.384,5.084,93.371,30.151,33.609,365,485.038,105.518,3633.0,1389.0,140.0,70.736,49.968,1.02,2064.0,3700000000000000.0,1.31e+16,1.55e+17,3e+17,32156.795,99.552,908.0,150,1271.93,44.51,0.22,18,-7.6299999999999955,39.312777777777775,False,False,False,wet,H2O,30,30,30_23,none
1.01,15.167,14.824,19.93,202.795,90.135,502.648,4053.689,5066.968,5.033,93.071,29.989,27.577,365,474.301,105.635,3633.0,1395.0,191.0,70.283,50.178,0.982,2065.0,1.17e+16,1.44e+16,3.37e+16,3.01e+17,32998.662,100.633,909.0,151,1275.05,44.57,0.11,18,-2.419999999999959,39.02333333333333,False,False,False,wet,H2O,87,30,30_24,none
0.496,16.509,14.994,19.972,202.48,89.922,502.756,4051.902,5064.673,5.238,94.617,29.907,39.313,365,471.351,107.884,3633.0,1383.0,138.0,71.146,50.195,1.082,2063.0,9130000000000000.0,8.88e+16,2.72e+17,3e+17,33115.453,100.731,925.0,151,1263.47,44.65,0.14,19,-11.850000000000025,37.46578947368421,False,False,False,wet,H2O,36,30,30_25,none
0.859,16.954,15.144,19.825,205.141,89.925,505.129,4103.029,5128.769,5.054,93.764,30.046,32.542,365,475.872,106.07,3634.0,1472.0,177.0,70.928,50.892,1.321,2094.0,8820000000000000.0,4.11e+16,4.86e+17,3.01e+17,32465.833,101.799,913.0,153,1280.16,44.74,0.18,23,-9.41999999999996,30.84434782608696,False,False,False,wet,H2O,39,30,30_26,none
0.532,17.897,15.068,20.048,203.597,90.07,503.38,4068.262,5085.359,4.964,93.759,29.92,44.285,365,488.784,106.731,3637.0,1445.0,202.0,71.395,50.7,1.084,2098.0,6520000000000000.0,2840000000000000.0,126999999999999.94,3e+17,32576.497,101.382,913.0,152,1279.4,44.83,0.18,19,-15.120000000000005,37.63789473684211,False,False,False,wet,H2O,15,30,30_27,none
0.673,16.559,15.158,20.093,203.046,89.941,507.231,3985.645,5183.609,4.832,92.824,30.23,48.146,365,508.812,105.089,3661.0,1398.0,330.0,69.991,51.957,1.216,2079.0,1.41e+16,1.18e+17,1.23e+18,3e+17,31101.33,104.638,890.0,153,1044.74,32.21,0.53,86,-6.360000000000014,8.213488372093023,False,False,False,dry,O2,84,11,11_29,none
1.128,14.992,14.968,19.968,195.68,90.051,501.126,3978.697,4963.191,5.157,88.79,29.824,47.147,436,506.578,109.091,3654.0,1513.0,324.0,71.192,50.186,1.096,2065.0,1.11e+16,5.08e+16,4.17e+17,3e+17,31101.108,102.105,888.0,154,1075.39,43.16,0.38,101,-7.350000000000023,7.003465346534654,False,False,False,dry,O2,57,11,11_30,none
0.774,16.818,15.097,19.936,196.474,90.149,503.601,4055.944,4992.718,4.982,91.865,30.022,42.509,405,508.769,109.245,3658.0,1274.0,146.0,71.515,51.36,1.079,2056.0,7590000000000000.0,4.08e+16,4.13e+17,2.98e+17,31914.787,103.86,904.0,153,962.41,27.16,0.24,20,-5.340000000000032,35.267,False,False,False,wet,H2O,37,11,11_31,none
1.141,13.461,14.983,20.161,196.691,90.057,501.257,4029.042,4899.659,5.22,89.483,29.922,38.352,436,524.218,108.585,3626.0,1454.0,319.0,72.27,50.892,0.939,2107.0,7100000000000000.0,6.08e+16,5.68e+17,2.99e+17,31281.39,101.166,887.0,155,994.93,33.61,0.14,88,-15.210000000000036,8.127386363636363,False,False,False,wet,H2O,39,11,11_32,none
0.929,16.1,15.107,19.926,197.556,90.051,501.326,3971.166,5056.347,5.037,89.878,29.953,26.068,436,534.791,106.791,3657.0,1442.0,239.0,70.809,51.603,1.185,2061.0,1.48e+16,6.29e+16,5.66e+17,3e+17,32237.975,100.666,901.0,155,1017.31,34.69,0.27,102,8.659999999999968,6.777843137254902,False,False,False,wet,H2O,70,11,11_33,none
1.06,12.258,14.984,20.037,197.952,90.125,501.737,4035.433,5079.055,5.183,91.331,29.958,65.889,436,470.464,106.459,3660.0,1462.0,457.0,71.15,50.978,0.903,2054.0,8370000000000000.0,1.16e+17,5.91e+17,2.99e+17,30611.493,103.699,915.0,151,1094.0,30.32,0.18,69,-10.029999999999973,10.290289855072464,False,False,False,wet,H2O,140,11,11_34,none
1.492,17.173,15.048,20.239,197.145,90.036,497.156,3952.931,4967.76,5.159,91.38,30.143,60.567,365,473.258,107.208,3664.0,1476.0,354.0,71.704,50.423,0.969,2037.0,1.35e+16,-1.68e+16,8.49e+17,3e+17,32930.383,104.178,894.0,153,1214.32,39.19,0.21,122,-15.019999999999982,5.860819672131147,False,False,True,wet,H2O,105,11,11_35,none
1.485,16.427,14.685,19.933,198.002,90.042,500.306,3972.45,5086.799,5.045,94.475,29.875,28.833,436,479.315,109.434,3642.0,1422.0,563.0,72.064,51.487,1.277,2075.0,1.44e+16,1.38e+17,4.48e+17,2.99e+17,32577.795,100.443,913.0,153,1058.87,32.07,0.16,109,2.8899999999999864,6.395504587155964,False,False,False,wet,H2O,118,11,11_36,none
1.512,17.834,15.02,19.954,197.201,89.991,501.526,4017.055,4918.201,4.956,91.019,29.996,36.946,436,472.207,108.944,3658.0,1301.0,176.0,69.573,50.206,0.942,2051.0,1.65e+16,1.01e+17,6.97e+17,2.99e+17,30639.739,101.667,886.0,155,1087.06,30.25,0.27,95,4.330000000000041,7.322842105263158,False,False,False,dry,O2,61,11,11_37,none
1.073,11.876,14.861,19.784,197.528,90.008,496.412,4072.925,5003.175,4.913,93.729,30.174,46.582,436,473.303,109.224,3653.0,1644.0,415.0,70.871,50.281,1.167,2039.0,1.2e+16,1.04e+17,6.86e+17,3.02e+17,32421.425,101.134,884.0,159,1074.03,38.99,0.2,75,-14.220000000000027,9.522933333333334,False,False,False,wet,H2O,113,11,11_38,none
1.383,10.517,15.09,19.933,198.044,89.894,501.6,4084.894,5047.584,4.905,91.743,30.123,43.777,436,482.321,110.902,3622.0,1426.0,495.0,71.256,51.29,1.092,2092.0,1.43e+16,1.23e+17,3.73e+17,3.01e+17,31535.689,102.138,873.0,150,1156.63,31.07,0.16,132,-11.91999999999996,5.393333333333333,False,False,False,dry,O2,85,11,11_39,none
0.936,16.503,15.245,19.904,199.067,90.034,495.695,4045.192,4967.251,4.967,89.161,29.976,58.226,365,470.09,107.96,3650.0,1602.0,269.0,69.866,51.624,1.167,2063.0,7620000000000000.0,6.4e+16,4.37e+17,3.01e+17,31051.44,105.164,891.0,156,1082.95,40.0,0.09,52,-8.039999999999964,13.616153846153846,False,False,False,wet,H2O,80,11,11_40,none
1.268,17.956,14.78,20.18,198.381,90.094,500.519,4010.127,4967.355,5.068,91.645,29.982,45.534,365,480.648,109.049,3651.0,1541.0,413.0,71.752,51.419,1.139,2090.0,1.58e+16,2.12e+17,6.83e+17,2.98e+17,31362.12,102.75,898.0,156,918.69,36.68,0.2,75,-7.019999999999982,9.426933333333332,False,False,False,dry,O2,139,11,11_41,none
1.851,15.587,14.884,19.986,198.752,89.984,502.234,3900.183,5108.708,5.039,91.507,30.118,47.823,405,471.538,109.005,3639.0,1539.0,514.0,70.028,52.067,0.926,2090.0,1.02e+16,6.33e+16,3.52e+17,3.02e+17,31990.962,103.83,915.0,154,1173.48,31.65,0.07,112,-21.100000000000023,6.4383928571428575,False,False,False,dry,O2,54,11,11_42,none
1.131,15.33,14.995,20.002,201.975,89.911,503.362,3966.849,4922.096,5.151,93.463,29.941,39.874,365,469.587,109.174,3620.0,1502.0,391.0,70.11,50.259,1.231,2093.0,1.39e+16,2.27e+16,6.22e+17,2.99e+17,30310.658,101.196,906.0,155,1041.09,36.37,0.15,130,-17.25,5.517307692307693,False,False,False,dry,O2,84,11,11_43,none
0.972,16.162,15.317,19.925,203.319,90.105,498.504,3899.834,5058.896,4.895,91.726,29.959,27.533,405,472.485,110.528,3664.0,1518.0,284.0,70.85,50.692,0.979,2038.0,1.77e+16,1.55e+17,7.54e+17,2.98e+17,31613.27,105.473,913.0,159,1099.95,45.03,0.23,141,-13.720000000000027,5.061843971631206,False,False,False,dry,O2,30,11,11_44,none
0.858,19.87,14.845,19.961,202.919,89.975,503.127,4058.938,5073.825,4.976,93.454,30.18,32.716,365,471.191,106.572,3629.0,1247.0,177.0,70.762,50.522,0.897,2076.0,1.47e+16,246999999999999.9,1420000000000.026,2.99e+17,31260.728,101.34,917.0,152,1272.42,44.69,0.11,23,-7.549999999999954,30.76304347826087,False,False,False,wet,H2O,18,30,30_20,none
0.778,16.646,14.851,20.309,199.781,89.791,499.976,3997.206,4996.571,4.924,92.247,29.835,27.977,365,484.31,104.419,3634.0,1460.0,202.0,70.728,50.055,0.969,2092.0,8040000000000000.0,6.43e+16,4.53e+17,3.01e+17,32175.521,99.852,899.0,150,1271.39,44.43,0.18,18,-7.559999999999945,39.30888888888889,False,False,False,wet,H2O,18,30,30_19,none
1.219,17.047,15.251,20.079,198.709,90.083,498.697,3973.973,4967.866,4.973,92.045,29.918,24.268,365,473.239,104.646,3641.0,1362.0,166.0,71.226,49.968,0.996,2047.0,6700000000000000.0,6.7e+16,4.01e+17,3.01e+17,33322.12,99.547,900.0,150,1273.86,44.68,0.15,20,-11.789999999999964,35.5895,False,False,False,wet,H2O,57,30,30_18,none
1.146,17.735,14.897,20.055,198.637,90.156,498.604,3971.152,4964.001,4.96,91.434,29.964,17.31,365,467.211,104.301,3642.0,1401.0,185.0,71.904,49.783,1.075,2053.0,5100000000000000.0,1.58e+16,3.02e+17,2.99e+17,31618.622,99.819,898.0,150,1278.77,44.6,0.25,20,-17.129999999999995,35.8565,False,False,False,wet,H2O,9,30,30_17,none
0.969,16.682,15.039,20.045,199.271,89.967,502.668,4107.105,5088.034,5.149,93.367,29.937,42.704,436,549.175,108.771,3637.0,1380.0,291.0,70.767,50.372,1.157,2061.0,7890000000000000.0,8.7e+16,5.67e+17,2.98e+17,32001.883,102.18,908.0,154,1138.85,34.43,0.25,160,-1.4500000000000457,4.384062500000001,False,False,False,dry,O2,50,10,10_20,none
1.38,13.06,15.121,19.734,198.322,89.814,494.049,3955.911,5022.988,5.048,90.677,29.949,35.701,405,541.433,107.154,3672.0,1692.0,376.0,68.674,50.516,1.195,2024.0,1.2e+16,1.23e+17,5.55e+17,3.01e+17,31568.452,103.193,902.0,156,1009.19,38.09,0.09,64,-8.330000000000041,11.06765625,False,False,False,wet,H2O,81,10,10_21,none
1.017,15.666,15.02,20.143,200.906,90.073,502.552,3977.096,4963.68,5.117,92.456,30.166,47.208,365,488.345,108.51,3650.0,1513.0,324.0,70.765,50.481,0.895,2077.0,8220000000000000.0,1.44e+17,6.4e+17,3e+17,32672.014,104.187,879.0,152,1011.23,31.4,0.27,168,-2.4600000000000364,4.181309523809524,False,False,False,dry,O2,80,10,10_22,none
1.53,16.736,14.894,19.923,199.199,90.116,500.725,4006.122,5123.523,4.804,92.239,30.011,27.94,365,509.265,105.612,3657.0,1346.0,392.0,71.453,51.182,0.947,2053.0,7690000000000000.0,1.23e+17,6.92e+17,3.01e+17,32628.941,98.871,919.0,155,1040.83,42.78,0.21,89,-17.850000000000023,8.065730337078652,False,False,False,dry,O2,72,10,10_23,none
1.159,14.394,14.835,20.239,203.181,89.918,500.893,4097.503,5044.958,5.144,92.199,30.275,49.642,436,483.35,108.583,3633.0,1306.0,422.0,71.688,50.696,0.745,2069.0,1.79e+16,8.32e+16,6.34e+17,2.99e+17,31536.752,104.606,912.0,154,1005.6,26.52,0.14,70,3.6100000000000136,9.948428571428572,False,False,False,dry,O2,57,10,10_24,none
1.479,15.479,15.061,20.027,202.594,89.922,498.786,3872.888,5090.859,4.973,91.309,30.017,53.971,405,467.652,107.703,3629.0,1495.0,177.0,71.793,52.26,1.018,2083.0,2120000000000000.0,4.49e+16,-6.6e+16,2.99e+17,30765.778,102.96,907.0,153,1188.29,35.01,0.18,147,13.259999999999993,4.671700680272109,False,False,True,dry,O2,52,10,10_25,none
1.384,15.827,15.101,19.865,205.599,89.997,500.956,4022.144,4986.117,5.07,93.23,30.026,44.323,405,522.3,108.668,3655.0,1268.0,288.0,70.256,50.555,1.114,2066.0,1.25e+16,1.11e+17,2.4e+17,3e+17,30855.962,103.854,902.0,155,1267.3,30.99,0.21,52,-8.889999999999986,13.6325,False,False,False,wet,H2O,51,10,10_26,none
0.541,20.44,15.133,20.044,201.136,90.048,502.336,3988.29,5013.772,4.932,90.972,29.835,37.082,365,506.797,106.725,3667.0,1417.0,353.0,71.978,51.307,0.934,2046.0,1.22e+16,9.77e+16,1.12e+18,3.02e+17,30260.999,104.3,893.0,154,918.34,32.27,0.27,116,-13.529999999999973,6.151120689655172,False,False,False,dry,O2,104,10,10_27,none
0.953,17.584,14.917,20.036,199.404,89.952,499.465,3989.905,4987.437,5.009,92.569,29.872,33.271,365,478.699,105.98,3658.0,1563.0,364.0,71.473,50.049,1.119,2033.0,5920000000000000.0,3846247470.082,179999999999.965,3.01e+17,32337.796,100.719,909.0,151,1277.57,44.74,0.25,24,-13.629999999999995,29.734583333333333,False,False,False,wet,H2O,222,30,30_1,Random
0.67,16.971,15.214,20.083,200.528,90.077,500.933,4014.356,5018.082,5.026,92.197,29.941,29.839,365,473.741,105.945,3659.0,1643.0,308.0,71.721,50.363,0.997,2065.0,7320000000000000.0,2.76e+16,4.29e+17,3.01e+17,32422.799,101.083,908.0,151,1269.5,44.46,0.23,25,-16.019999999999982,28.6408,False,False,False,wet,H2O,213,30,30_2,Loc
0.767,11.176,14.925,20.118,200.212,90.001,500.494,4006.609,5008.077,4.922,91.863,30.221,24.745,365,474.61,104.92,3656.0,1490.0,344.0,71.917,50.148,0.991,2085.0,1.99e+16,1.59e+17,1.02e+18,3.01e+17,32255.431,100.688,904.0,151,1282.36,44.48,0.26,25,-19.700000000000045,28.788,False,False,False,wet,H2O,138,30,30_3,none
0.939,17.544,15.114,20.003,202.678,89.932,494.499,4022.639,4859.185,5.069,90.773,29.971,46.067,405,460.65,107.874,3655.0,1564.0,433.0,70.312,50.808,0.999,2048.0,1.8e+16,1.82e+17,5.51e+17,3.01e+17,29986.162,101.363,923.0,155,1047.49,34.91,0.27,167,-12.659999999999968,4.267425149700599,False,False,False,dry,O2,15,11,11_46,none
1.209,12.35,14.956,20.005,199.077,90.013,499.05,3980.672,4976.177,4.949,91.796,29.947,27.99,365,475.982,105.098,3662.0,1625.0,379.0,71.612,50.184,0.944,2076.0,1.68e+16,3039999999999.834,190000000000000.0,2.98e+17,32597.061,100.192,905.0,150,1269.42,44.63,0.23,22,-17.110000000000014,32.59590909090909,False,False,False,wet,H2O,218,30,30_4,Loc
1.157,13.542,15.108,19.903,198.896,89.979,499.005,3979.218,4974.207,5.0,92.055,29.977,25.393,365,470.902,105.537,3645.0,1457.0,239.0,71.322,50.039,0.953,2048.0,1.42e+16,2.7e+16,5.31e+17,3.01e+17,32641.948,100.364,904.0,151,1271.03,44.47,0.35,23,-12.379999999999995,30.97304347826087,False,False,False,wet,H2O,99,30,30_6,none
1.229,17.137,14.875,20.07,199.762,89.996,499.751,3993.739,4992.174,5.11,91.641,30.014,32.448,365,482.489,105.505,3638.0,1324.0,171.0,70.861,50.199,1.087,2093.0,6700000000000000.0,5.63e+16,527000000000000.06,2.98e+17,32640.02,100.683,903.0,151,1277.01,44.8,0.28,24,-8.389999999999986,29.51625,False,False,False,wet,H2O,60,30,30_7,none
1.115,12.591,14.75,20.01,198.947,90.067,498.983,3979.654,4974.481,4.859,91.586,30.097,23.483,365,465.6,105.792,3654.0,1436.0,172.0,72.114,50.285,0.929,2055.0,1.66e+16,1.58e+17,9.62e+17,3e+17,32636.354,100.816,904.0,151,1278.56,44.52,0.24,24,-20.909999999999968,30.037916666666664,False,False,False,wet,H2O,96,30,30_8,none
1.131,17.333,15.073,19.982,198.66,90.085,498.638,3971.221,4964.173,5.024,91.566,29.963,26.087,365,472.881,104.91,3643.0,1393.0,257.0,71.259,50.0,1.148,2065.0,6550000000000000.0,6.4e+16,54700000000000.1,2.99e+17,31686.365,100.009,904.0,150,1268.41,44.56,0.33,22,-13.309999999999944,32.42318181818182,False,False,False,wet,H2O,72,30,30_9,none
1.111,10.472,14.978,20.07,198.234,90.075,498.157,3964.148,4955.147,5.053,91.195,29.963,25.361,365,474.601,105.103,3641.0,1375.0,172.0,71.691,50.075,0.843,2078.0,2.07e+16,1010000000000000.0,2750000000000000.0,3e+17,31783.865,100.195,903.0,150,1271.91,44.43,0.07,23,-16.779999999999973,31.16434782608696,False,False,False,wet,H2O,9,30,30_10,none
1.121,20.395,15.135,20.051,198.207,89.823,498.228,3966.331,4957.859,4.955,91.394,29.765,16.683,365,461.593,105.331,3647.0,1382.0,236.0,71.709,50.129,0.999,2065.0,2930000000000000.0,80800000000000.08,1.79e+16,3e+17,31618.801,100.268,904.0,150,1279.95,44.55,0.14,23,-17.289999999999964,31.186521739130438,False,False,False,wet,H2O,72,30,30_11,none
1.191,17.928,15.06,20.061,198.518,89.921,498.44,3970.601,4963.327,5.025,91.977,30.12,33.288,365,478.406,106.1,3641.0,1301.0,151.0,71.722,50.245,0.943,2080.0,5250000000000000.0,5.19e+16,1.15e+16,3.01e+17,31618.225,100.245,908.0,150,1274.99,44.68,0.14,23,-16.440000000000055,31.149565217391302,False,False,False,wet,H2O,30,30,30_12,none
1.029,16.354,14.985,19.927,199.694,89.987,499.692,3993.291,4991.612,5.027,91.902,30.154,27.304,365,470.445,105.817,3638.0,1306.0,200.0,71.21,50.397,0.913,2076.0,8590000000000000.0,1.96e+16,5.11e+17,3e+17,31910.402,101.046,908.0,152,1274.03,44.65,0.19,26,-12.58000000000004,27.40692307692308,False,False,False,wet,H2O,33,30,30_13,none
0.727,16.278,14.944,20.002,199.722,89.979,499.681,3993.714,4992.44,5.036,91.368,29.932,21.956,365,470.396,105.147,3647.0,1423.0,261.0,71.485,50.296,1.15,2073.0,8990000000000000.0,7.34e+16,5.39e+17,3e+17,32155.366,100.879,900.0,152,1280.68,44.6,0.21,26,-16.92999999999995,27.57423076923077,False,False,False,wet,H2O,57,30,30_14,none
1.45,15.054,14.926,19.954,197.591,90.059,497.658,3954.667,4943.316,4.711,91.469,29.921,25.036,365,468.655,105.242,3647.0,1431.0,181.0,71.698,49.652,1.118,2064.0,1.11e+16,5.59e+16,3.99e+17,3e+17,32178.403,99.064,899.0,149,1274.97,44.56,0.1,22,-16.700000000000045,32.57727272727273,False,False,False,wet,H2O,57,30,30_15,none
0.909,20.104,15.036,19.943,198.371,89.953,498.642,3970.376,4963.2,5.171,91.52,30.255,24.084,365,476.147,104.617,3632.0,1368.0,150.0,70.784,49.981,1.214,2051.0,4330000000000000.0,1.81e+16,1.17e+17,3e+17,32141.895,99.971,900.0,150,1278.65,44.61,0.17,23,-7.149999999999977,30.745652173913044,False,False,False,wet,H2O,15,30,30_16,none
0.914,15.454,15.151,19.913,198.628,90.038,498.97,3977.136,4971.356,4.871,91.054,29.919,23.169,365,474.363,104.765,3655.0,1381.0,280.0,71.792,49.914,1.19,2082.0,1.08e+16,4.68e+16,3e+17,3.02e+17,32194.468,99.605,901.0,150,1265.76,44.5,0.28,23,-18.42999999999995,31.23608695652174,False,False,False,wet,H2O,135,30,30_5,none
1.98,13.134,15.082,20.058,204.549,89.962,501.808,4025.353,5067.11,4.917,91.762,30.043,25.319,436,501.656,109.535,3633.0,1471.0,462.0,72.045,51.05,0.958,2074.0,8430000000000000.0,6.96e+16,4.74e+17,2.99e+17,31741.747,105.225,904.0,157,1038.47,38.6,0.29,109,-18.659999999999968,6.593211009174311,False,False,False,dry,O2,128,8,8_36,none
1.425,17.216,15.051,20.007,198.159,89.897,496.429,4087.981,5054.089,5.031,90.382,29.833,62.186,365,516.195,107.965,3636.0,1345.0,509.0,71.439,51.091,0.993,2062.0,1.27e+16,7620000000000000.0,6.7e+17,2.98e+17,32340.145,104.912,899.0,155,1133.08,34.62,0.34,100,-16.269999999999982,7.1627,False,False,False,wet,H2O,78,8,8_35,none
0.851,12.964,14.972,19.696,197.839,90.322,501.387,3957.08,4997.864,5.344,90.491,30.028,51.442,365,493.88,110.37,3654.0,1432.0,457.0,71.382,52.121,0.987,2039.0,7390000000000000.0,7.22e+16,8.49e+17,3e+17,32162.023,102.165,898.0,156,1177.77,34.42,0.29,64,2.590000000000032,10.89703125,False,False,False,dry,O2,147,8,8_34,none
1.005,18.979,15.003,19.952,202.686,90.044,502.551,4051.672,5064.662,4.799,92.152,29.85,50.036,405,511.938,108.851,3638.0,1337.0,269.0,70.951,51.889,0.875,2090.0,2800000000000000.0,1.49e+17,6020000000000000.0,3e+17,32293.984,104.427,909.0,156,874.44,22.32,0.27,29,-10.860000000000014,24.51241379310345,False,False,False,dry,O2,54,24,24_52,none
1.006,13.788,14.998,19.845,198.907,90.173,498.951,4001.495,4973.1,5.053,90.016,30.005,61.308,405,519.498,107.393,3645.0,1367.0,216.0,72.168,51.233,1.071,2059.0,1.96e+16,1.47e+17,4.11e+17,3e+17,32044.37,103.112,923.0,155,881.47,22.3,0.4,29,-21.75999999999999,24.88827586206897,False,False,False,dry,O2,51,24,24_53,none
1.411,18.619,15.128,20.088,197.399,90.01,497.602,4054.507,4936.584,5.018,89.519,29.888,57.411,405,518.244,107.884,3646.0,1421.0,236.0,72.268,51.178,1.173,2054.0,1.97e+16,2620000000000000.0,6890000000000000.0,3e+17,32057.132,103.149,906.0,155,877.78,22.36,0.07,30,-22.350000000000023,24.078333333333333,False,False,False,dry,O2,15,24,24_54,none
0.974,17.597,15.02,20.095,205.199,89.931,505.07,4103.335,5129.414,5.069,93.033,29.99,52.789,405,503.868,109.557,3652.0,1475.0,367.0,71.154,52.079,1.08,2043.0,1.48e+16,3.7e+16,250000000000000.0,3.01e+17,32298.533,105.289,915.0,158,872.93,22.31,0.35,219,-9.100000000000025,3.237899543378996,False,False,False,dry,O2,219,24,24_1,Edge-Loc
1.102,16.427,14.801,19.93,204.138,90.081,504.063,4083.606,5104.25,4.982,93.055,29.933,49.066,405,516.272,109.072,3637.0,1379.0,228.0,71.013,51.755,1.047,2074.0,1.54e+16,5570000000000000.0,7.82e+17,2.99e+17,32297.74,104.213,911.0,156,873.07,22.32,0.21,219,-9.039999999999964,3.237625570776256,False,False,False,dry,O2,63,24,24_2,none
0.859,17.64,14.851,20.077,204.081,90.128,504.06,4079.466,5099.593,5.167,92.944,30.02,49.3,405,505.005,109.108,3635.0,1386.0,188.0,70.765,51.737,0.938,2057.0,8280000000000000.0,2.36e+16,2740000000000000.0,3e+17,32299.86,104.431,910.0,157,872.6,22.32,0.2,218,-7.549999999999954,3.2456422018348623,False,False,False,dry,O2,57,24,24_3,none
0.883,16.969,15.069,20.077,203.883,90.026,503.778,4074.698,5093.171,5.274,93.02,30.023,53.853,405,502.859,109.193,3635.0,1361.0,185.0,70.903,51.84,1.308,2093.0,5330000000000000.0,2.76e+16,2.9e+16,3e+17,32298.517,104.252,910.0,156,873.27,22.22,0.14,218,-8.529999999999973,3.250137614678899,False,False,False,dry,O2,51,24,24_4,none
0.916,16.527,15.117,19.996,204.075,89.962,504.104,4080.198,5100.319,5.21,93.117,30.142,48.409,405,502.99,109.077,3637.0,1406.0,136.0,70.715,51.799,1.184,2092.0,1.23e+16,1.17e+17,7.12e+17,3e+17,32302.399,104.483,910.0,157,872.56,22.23,0.39,218,-7.899999999999977,3.2472477064220184,False,False,False,dry,O2,81,24,24_5,none
0.734,16.889,15.08,20.005,203.681,89.91,503.818,4077.449,5097.28,5.148,93.226,30.097,53.572,405,498.446,109.001,3634.0,1430.0,114.0,70.712,51.601,1.172,2052.0,4920000000000000.0,3.51e+16,4240000000000000.0,3.02e+17,32300.33,104.311,910.0,157,872.65,22.37,0.17,219,-8.330000000000041,3.234383561643836,False,False,False,dry,O2,33,24,24_6,none
1.098,16.68,14.882,19.941,203.571,90.036,503.533,4072.709,5090.645,5.003,92.717,30.018,48.624,405,510.256,108.945,3636.0,1304.0,168.0,70.704,51.549,1.191,2073.0,2.16e+16,2.02e+17,1.16e+18,3e+17,32300.762,104.383,909.0,157,872.85,22.21,0.24,218,-8.100000000000023,3.248165137614679,False,False,False,dry,O2,66,24,24_7,none
0.61,17.47,15.045,20.181,206.905,89.934,506.86,4140.155,5174.846,5.123,93.656,30.112,55.849,405,509.537,110.228,3640.0,1371.0,189.0,71.409,52.55,1.128,2081.0,6140000000000000.0,17434023166.95,510167093.443,3e+17,32296.296,106.019,909.0,159,873.27,22.16,0.24,224,-13.58000000000004,3.1856250000000004,False,False,False,dry,O2,48,24,24_8,none
1.025,17.426,14.979,20.024,205.174,89.884,505.205,4103.029,5128.872,5.071,93.076,29.92,46.195,405,510.458,109.971,3642.0,1411.0,153.0,71.19,52.344,1.059,2084.0,1.52e+16,697000000000000.1,2539999999999.871,3e+17,32303.861,106.036,910.0,159,873.24,22.25,0.19,222,-11.809999999999944,3.2063513513513517,False,False,False,dry,O2,90,24,24_9,none
1.195,17.484,14.976,19.995,204.141,89.964,504.002,4083.281,5104.013,5.044,93.493,29.921,50.348,405,508.183,110.48,3646.0,1462.0,294.0,71.087,52.201,1.258,2043.0,1.47e+16,9.32e+16,3.76e+17,3.02e+17,32301.985,105.647,909.0,158,872.72,22.1,0.16,222,-11.519999999999982,3.205045045045045,False,False,False,dry,O2,126,24,24_10,none
0.887,17.048,14.903,20.065,205.147,90.184,505.013,4102.236,5128.052,4.942,93.852,30.123,50.829,405,494.829,110.617,3652.0,1471.0,385.0,71.13,52.225,1.064,2053.0,1.27e+16,4.37e+16,1.65e+16,3.01e+17,32301.005,105.586,909.0,158,872.95,22.23,0.18,222,-11.33000000000004,3.204189189189189,False,False,False,dry,O2,192,24,24_11,none
0.968,16.971,14.982,20.053,205.444,90.235,505.426,4108.017,5135.118,5.083,93.067,29.998,47.833,405,514.962,109.151,3640.0,1421.0,203.0,71.081,52.013,1.228,2065.0,1.79e+16,1.41e+17,1e+18,2.99e+17,32299.237,105.121,909.0,158,872.74,22.19,0.15,222,-11.470000000000027,3.20481981981982,False,False,False,dry,O2,72,24,24_12,none
0.556,16.711,14.776,19.924,204.463,90.078,504.344,4090.121,5112.643,5.042,92.831,29.867,54.497,405,508.301,109.272,3637.0,1407.0,133.0,70.974,51.913,0.866,2044.0,1.32e+16,8.06e+16,3.39e+17,2.98e+17,32299.564,105.128,909.0,158,872.64,22.35,0.23,220,-9.66999999999996,3.225772727272727,False,False,False,dry,O2,60,24,24_13,none
0.924,16.396,15.227,20.011,203.26,90.068,503.445,4066.738,5083.598,5.03,92.722,30.062,48.255,405,508.726,108.918,3638.0,1493.0,142.0,70.875,51.937,1.043,2069.0,1.33e+16,8.59e+16,1.18e+17,2.99e+17,32297.775,105.077,909.0,157,872.84,22.22,0.22,220,-10.25,3.228409090909091,False,False,False,dry,O2,63,24,24_14,none
0.815,16.244,15.201,20.136,203.133,89.988,503.333,4063.286,5079.0,4.952,92.857,29.928,48.034,405,499.861,109.12,3647.0,1464.0,342.0,71.043,51.585,1.191,2044.0,1.14e+16,1.1e+17,6.63e+17,3.01e+17,32301.259,104.441,909.0,157,873.39,22.21,0.27,220,-10.16999999999996,3.2280454545454544,False,False,False,dry,O2,150,24,24_15,none
0.773,16.662,15.145,19.839,203.559,90.102,503.333,4067.174,5084.016,5.011,92.546,29.996,56.814,405,507.668,108.599,3638.0,1340.0,228.0,70.901,51.646,1.034,2069.0,1.44e+16,1.99e+16,5.7e+17,3.01e+17,32299.66,104.263,909.0,156,872.68,22.21,0.05,219,-9.340000000000032,3.2389954337899547,False,False,False,dry,O2,72,24,24_16,none
0.809,16.948,14.851,20.067,202.236,90.166,502.162,4044.695,5055.851,5.201,92.523,29.949,47.899,405,501.684,109.114,3642.0,1392.0,268.0,71.139,51.718,1.099,2045.0,1.41e+16,9.51e+16,6.14e+17,3.02e+17,32303.725,104.248,910.0,156,872.8,22.33,0.21,220,-10.090000000000032,3.2276818181818183,False,False,False,dry,O2,102,24,24_17,none
1.059,16.196,15.115,19.976,203.174,89.891,503.262,4063.113,5078.876,5.113,92.307,30.158,57.118,405,508.459,108.589,3643.0,1383.0,225.0,70.941,51.636,1.158,2048.0,1.4e+16,1.11e+17,8.27e+16,3e+17,32296.557,104.154,909.0,156,872.56,22.2,0.27,221,-10.350000000000025,3.2142533936651585,False,False,False,dry,O2,108,24,24_18,none
0.822,16.627,15.154,20.112,202.075,89.991,502.128,4040.329,5050.207,5.124,92.417,29.966,49.434,405,514.824,109.177,3636.0,1472.0,137.0,70.936,51.441,0.957,2068.0,1.09e+16,8490000000000000.0,36000000000000.0,3e+17,32297.289,104.024,909.0,156,871.65,21.99,0.17,219,-8.690000000000055,3.2360273972602744,False,False,False,dry,O2,51,24,24_19,none
0.702,16.996,15.067,20.012,202.187,90.006,502.173,4045.542,5057.133,5.118,92.653,29.874,55.705,405,511.159,108.953,3641.0,1450.0,214.0,70.837,51.648,1.115,2043.0,1.52e+16,7.3e+16,1.69e+17,3e+17,32297.577,104.016,909.0,156,871.59,22.29,0.35,220,-9.519999999999982,3.225090909090909,False,False,False,dry,O2,93,24,24_20,none
1.112,19.186,15.011,20.059,202.53,89.833,502.407,4048.099,5060.06,5.198,92.605,30.088,47.638,405,509.438,109.195,3644.0,1433.0,333.0,71.193,51.83,1.114,2049.0,1.1e+16,9.28e+16,1.04e+18,2.99e+17,32299.619,104.524,910.0,157,873.87,22.07,0.18,29,-11.940000000000056,24.5496551724138,False,False,False,dry,O2,111,24,24_51,none
1.013,17.301,14.954,20.143,201.875,90.143,501.871,4039.682,5049.561,4.759,92.346,30.09,48.898,405,512.949,109.086,3640.0,1588.0,223.0,71.27,51.747,1.052,2072.0,1.27e+16,3.73e+16,1.08e+16,2.99e+17,32301.885,103.903,909.0,156,872.34,22.23,0.25,220,-10.059999999999944,3.2275454545454543,False,False,False,dry,O2,81,24,24_21,none
0.61,16.163,14.966,20.067,203.977,89.985,504.101,4079.064,5099.036,5.052,92.482,29.977,53.901,405,505.865,109.5,3639.0,1339.0,224.0,71.278,51.993,1.047,2093.0,7620000000000000.0,3.84e+16,2270000000000.206,3e+17,32300.054,104.975,909.0,157,892.48,22.37,0.2,28,-11.809999999999944,25.42178571428571,False,False,False,dry,O2,51,24,24_50,none
1.274,17.24,14.941,20.063,201.994,89.866,502.1,4039.529,5049.527,5.217,92.364,30.036,48.97,405,513.049,108.955,3640.0,1588.0,202.0,70.932,51.58,1.118,2072.0,6790000000000000.0,3.73e+16,2.96e+16,2.99e+17,32301.776,103.827,909.0,156,887.78,22.2,0.15,25,-9.759999999999993,28.3904,False,False,False,dry,O2,81,24,24_48,none
0.862,17.084,14.873,20.251,204.612,89.925,504.714,4091.472,5114.544,4.953,93.677,29.954,55.062,405,507.554,110.346,3652.0,1475.0,363.0,70.789,52.101,1.066,2076.0,4540000000000000.0,2.17e+16,1.42e+16,3.01e+17,32300.629,105.423,917.0,158,873.05,22.16,0.11,219,-8.879999999999995,3.2368949771689497,False,False,False,dry,O2,225,23,23_25,Near-full
0.414,16.888,15.036,20.034,205.66,89.924,505.478,4112.748,5140.983,5.351,93.65,30.15,45.437,405,502.48,110.306,3634.0,1361.0,154.0,70.824,52.081,1.074,2089.0,4530000000000000.0,5580000000000000.0,9.75e+16,3.03e+17,32301.352,105.648,916.0,158,873.43,22.21,0.21,219,-8.809999999999945,3.2365753424657533,False,False,False,dry,O2,51,23,23_26,none
0.779,16.675,15.086,19.991,204.723,89.909,504.926,4097.224,5121.669,5.095,93.537,29.902,43.649,405,493.919,110.107,3649.0,1487.0,330.0,71.011,52.222,0.988,2064.0,5900000000000000.0,4670000000000000.0,7690000000000000.0,3.01e+17,32305.15,105.398,916.0,158,873.15,22.15,0.2,220,-9.92999999999995,3.226954545454545,False,False,False,dry,O2,186,23,23_27,none
0.879,17.693,15.011,20.165,205.104,90.048,505.227,4103.595,5129.405,5.086,93.061,29.841,52.882,405,503.935,109.593,3652.0,1441.0,367.0,70.982,52.162,1.108,2043.0,1.48e+16,3.7e+16,250000000000000.0,3.01e+17,32298.682,105.55,915.0,158,888.54,22.12,0.24,32,-8.889999999999986,22.1528125,False,False,False,dry,O2,219,24,24_28,Edge-Loc
1.156,15.957,15.019,20.032,195.62,90.148,504.155,4083.692,5104.52,4.895,93.12,29.917,49.126,405,516.258,108.925,3637.0,1441.0,228.0,70.91,51.742,1.06,2074.0,1.54e+16,5570000000000000.0,7.82e+17,2.99e+17,32297.729,104.306,911.0,156,889.69,22.26,0.16,31,-9.220000000000027,22.878064516129037,False,False,False,dry,O2,63,24,24_29,none
0.824,17.684,14.985,20.119,196.438,90.028,504.088,4079.464,5099.472,4.976,93.216,30.091,49.154,405,505.002,109.022,3635.0,1402.0,188.0,70.743,51.735,1.072,2057.0,8280000000000000.0,2.36e+16,2740000000000000.0,3e+17,32300.015,104.454,910.0,157,884.02,22.26,0.31,32,-7.480000000000018,22.10875,False,False,False,dry,O2,57,24,24_30,none
0.829,17.027,15.042,19.827,196.57,90.007,503.845,4074.622,5093.358,5.185,93.172,29.961,53.648,405,502.65,108.937,3635.0,1361.0,185.0,70.868,51.66,1.006,2093.0,5330000000000000.0,2.76e+16,2.9e+16,3.01e+17,32298.524,104.218,910.0,156,880.95,22.21,0.33,30,-8.330000000000041,23.611,False,False,False,dry,O2,51,24,24_31,none
0.647,16.544,14.963,19.882,197.484,89.829,504.006,4080.344,5100.289,5.093,92.939,29.901,48.198,405,503.07,109.08,3637.0,1406.0,136.0,70.868,51.9,1.003,2092.0,1.23e+16,1.17e+17,7.12e+17,2.99e+17,32302.498,104.317,910.0,157,874.38,32.87,0.34,28,-7.8799999999999955,25.28142857142857,False,False,False,dry,O2,81,24,24_32,none
0.871,16.782,14.762,19.998,198.107,89.885,503.774,4077.638,5097.042,5.231,93.135,30.039,53.396,405,498.371,109.05,3634.0,1430.0,114.0,70.872,51.927,1.076,2052.0,4920000000000000.0,3.51e+16,4240000000000000.0,3e+17,32300.259,104.368,910.0,157,884.75,31.78,0.32,31,-8.67999999999995,22.86064516129032,False,False,False,dry,O2,33,24,24_33,none
1.153,16.852,14.783,20.233,197.046,90.012,503.77,4072.479,5090.697,5.28,92.715,29.894,48.73,405,510.286,109.18,3636.0,1304.0,168.0,70.728,51.867,1.272,2073.0,2.16e+16,2.02e+17,1.16e+18,3e+17,32300.899,104.242,909.0,157,889.83,39.49,0.16,30,4.32000000000005,23.18933333333333,False,False,False,dry,O2,66,24,24_34,none
0.669,17.436,14.98,19.965,197.882,90.061,507.048,4140.185,5175.018,5.103,93.709,30.01,55.854,405,509.474,110.437,3640.0,1371.0,189.0,71.297,52.444,1.015,2081.0,6140000000000000.0,17434023166.882,510167093.47,3e+17,32296.301,106.2,909.0,159,881.3,32.74,0.34,27,-13.41999999999996,26.422962962962963,False,False,False,dry,O2,48,24,24_35,none
0.906,17.197,14.918,20.037,197.201,89.956,505.174,4103.212,5128.999,5.215,93.13,30.028,46.074,405,510.651,109.882,3642.0,1411.0,153.0,71.092,52.525,1.221,2084.0,1.52e+16,696999999999999.9,2540000000000.014,3e+17,32303.547,105.904,910.0,159,873.94,38.12,0.21,27,-11.92999999999995,26.36777777777777,False,False,False,dry,O2,90,24,24_36,none
1.212,17.418,15.167,20.046,197.625,90.038,504.09,4083.483,5104.267,5.162,93.584,30.001,50.57,405,508.094,110.447,3646.0,1462.0,294.0,71.031,52.125,0.896,2043.0,1.47e+16,9.32e+16,3.76e+17,3e+17,32302.063,105.618,909.0,158,880.31,39.85,0.17,27,-11.769999999999982,26.361851851851853,False,False,False,dry,O2,126,24,24_37,none
0.835,16.86,14.839,19.981,197.824,89.788,505.169,4102.2,5127.857,5.205,94.056,29.922,50.847,405,494.5,110.672,3652.0,1471.0,385.0,71.141,52.234,1.075,2053.0,1.27e+16,4.37e+16,1.65e+16,3e+17,32301.011,105.769,909.0,158,879.03,35.55,0.08,24,-11.32000000000005,29.638333333333332,False,False,False,dry,O2,84,24,24_38,none
1.076,16.906,15.021,20.302,199.087,90.014,505.502,4108.037,5135.141,5.09,92.945,29.908,47.824,405,514.538,109.283,3640.0,1421.0,203.0,71.165,52.003,1.188,2065.0,1.79e+16,1.41e+17,1e+18,3.01e+17,32299.329,105.359,909.0,158,884.59,28.65,0.3,23,-11.440000000000056,30.93217391304348,False,False,False,dry,O2,30,24,24_39,none
0.833,16.682,14.94,20.037,198.5,90.068,504.341,4090.028,5112.796,5.153,92.938,30.01,54.483,405,508.318,109.35,3637.0,1407.0,133.0,70.941,52.105,1.022,2044.0,1.32e+16,8.06e+16,3.39e+17,2.98e+17,32299.627,104.973,909.0,158,890.69,34.32,0.31,23,-9.82000000000005,30.861739130434785,False,False,False,dry,O2,48,24,24_40,none
1.08,16.412,14.82,19.986,198.847,89.739,503.338,4066.912,5083.548,5.177,92.608,30.022,48.048,405,508.804,109.091,3638.0,1493.0,142.0,71.021,51.975,0.953,2069.0,1.33e+16,8.59e+16,1.18e+17,2.99e+17,32298.023,104.89,909.0,157,885.55,34.99,0.07,23,-10.009999999999993,30.87,False,False,False,dry,O2,15,24,24_41,none
0.839,16.25,15.031,19.999,203.225,89.865,503.181,4063.13,5078.958,5.172,92.836,29.999,48.233,405,499.9,108.978,3647.0,1464.0,342.0,70.933,51.631,1.086,2044.0,3490000000000000.0,1.1e+17,6.63e+17,3.01e+17,32301.278,104.544,909.0,157,893.2,22.05,0.23,24,-10.17999999999995,29.59083333333333,False,False,False,dry,O2,150,24,24_42,none
0.727,16.706,15.049,19.877,203.348,90.019,503.209,4067.253,5083.958,5.056,92.506,29.926,56.748,405,507.791,108.572,3638.0,1340.0,228.0,71.023,51.685,0.952,2069.0,1.51e+16,1.99e+16,9.43e+16,3.01e+17,32299.694,104.293,909.0,156,885.02,22.3,0.34,25,-9.200000000000044,28.368,False,False,False,dry,O2,72,24,24_43,none
0.975,16.919,14.864,20.019,202.086,89.801,502.244,4044.906,5055.829,5.068,92.782,29.946,48.008,405,501.778,109.144,3642.0,1392.0,268.0,70.793,51.446,0.971,2045.0,4240000000000000.0,9.51e+16,894000000000000.0,3.02e+17,32303.448,104.232,910.0,156,874.81,22.28,0.17,25,-10.059999999999944,28.4024,False,False,False,dry,O2,101,24,24_44,none
1.012,16.184,14.957,19.895,203.173,89.957,503.113,4063.101,5078.777,5.027,92.422,29.994,56.954,405,508.558,108.333,3643.0,1383.0,225.0,71.244,51.644,1.069,2048.0,5950000000000000.0,1.11e+17,1.89e+17,3e+17,32296.646,104.091,909.0,156,875.4,22.21,0.21,25,-10.32000000000005,28.4128,False,False,False,dry,O2,108,24,24_45,none
1.069,16.5,15.027,19.938,202.062,90.088,502.114,4040.184,5050.422,5.091,92.414,30.056,49.582,405,514.932,108.839,3636.0,1472.0,137.0,70.607,51.683,1.102,2068.0,1.14e+16,8490000000000000.0,1.09e+17,3e+17,32297.259,103.978,909.0,156,884.83,22.15,0.29,25,-8.620000000000005,28.3448,False,False,False,dry,O2,51,24,24_46,none
0.772,16.923,15.018,19.871,202.407,89.856,502.397,4045.653,5057.065,5.026,92.554,30.052,55.633,405,511.397,109.109,3641.0,1450.0,175.0,70.977,51.383,1.062,2043.0,1.59e+16,7.3e+16,6.58e+16,3e+17,32297.518,103.924,909.0,156,879.93,22.33,0.26,25,-9.66999999999996,28.3868,False,False,False,dry,O2,93,24,24_47,none
0.973,17.324,14.881,20.073,202.192,90.226,502.352,4046.725,5058.385,4.93,92.928,29.84,48.407,405,513.083,110.01,3638.0,1284.0,313.0,71.079,51.751,1.072,2092.0,1.93e+16,4.12e+16,1.32e+17,3.03e+17,32299.779,104.063,909.0,156,881.5,21.91,0.22,27,-10.649999999999975,26.32037037037037,False,False,False,dry,O2,54,24,24_49,none
0.861,17.358,14.861,19.981,202.491,89.895,502.275,4046.76,5058.426,5.155,93.038,30.021,48.231,405,513.282,109.948,3638.0,1284.0,222.0,70.99,51.643,1.167,2092.0,1.79e+16,4.12e+16,5.38e+16,3.03e+17,32299.613,104.01,909.0,156,871.69,22.1,0.11,221,-10.58000000000004,3.215294117647059,False,False,False,dry,O2,54,24,24_22,none
0.4,16.522,15.096,19.927,203.978,90.028,504.011,4079.073,5099.117,5.224,92.692,29.8,53.61,405,505.973,109.42,3639.0,1339.0,164.0,71.274,51.88,0.944,2093.0,3980000000000000.0,3.84e+16,5.89e+16,3e+17,32299.832,104.922,909.0,157,872.71,22.23,0.2,222,-12.159999999999968,3.207927927927928,False,False,False,dry,O2,51,24,24_23,none
1.079,16.502,15.006,19.996,202.5,90.031,502.359,4048.159,5059.985,5.226,92.475,29.901,47.675,405,509.163,109.049,3644.0,1433.0,243.0,71.171,51.759,0.957,2049.0,1.91e+16,9.28e+16,1.09e+18,2.99e+17,32299.579,104.543,910.0,157,872.32,22.09,0.19,222,-11.899999999999975,3.2067567567567568,False,False,False,dry,O2,111,24,24_24,none
1.949,19.817,15.071,19.925,199.396,89.93,499.484,3988.001,4984.897,4.928,91.028,29.965,45.831,405,509.922,109.767,3659.0,1466.0,170.0,71.925,52.063,1.044,2084.0,2.09e+16,1.52e+16,42100000000000.08,2.99e+17,32468.253,104.951,861.0,158,875.56,22.47,0.14,24,-19.110000000000014,29.96291666666667,False,False,False,dry,O2,66,25,25_53,none
1.698,16.034,15.072,20.066,199.382,90.021,499.478,3988.889,4986.106,4.85,91.076,29.978,55.973,405,513.218,109.572,3666.0,1390.0,239.0,71.859,52.117,1.172,2067.0,2440000000000000.0,4190000000000000.0,1.33e+17,2.99e+17,32469.202,105.355,860.0,158,887.51,22.41,0.08,23,-18.559999999999945,31.24173913043478,False,False,False,dry,O2,138,25,25_54,none
1.96,16.364,15.063,20.084,195.216,90.033,495.339,3906.528,4883.364,4.799,89.65,30.025,57.402,405,512.367,107.983,3645.0,1436.0,224.0,71.796,51.202,1.13,2084.0,1.87e+16,8460000000000000.0,12300000000000.002,2.99e+17,32054.822,102.796,909.0,154,872.87,22.19,0.15,230,-19.360000000000014,3.1276521739130434,False,False,False,dry,O2,42,25,25_1,none
1.297,16.88,14.852,19.96,196.598,89.954,496.784,3935.288,4919.115,5.015,89.341,30.089,69.137,405,504.698,106.589,3650.0,1392.0,187.0,72.17,50.552,1.135,2075.0,3390000000000000.0,1269999999999999.8,2.01e+17,3e+17,32052.101,102.106,915.0,153,874.35,22.5,0.13,233,-22.600000000000023,3.101287553648069,False,False,False,dry,O2,78,25,25_2,none
1.698,16.34,15.138,19.955,195.5,89.959,495.641,3913.095,4891.599,4.912,89.395,29.991,64.849,405,504.33,106.432,3659.0,1517.0,370.0,72.064,51.1,0.94,2040.0,1.36e+16,734000000000000.0,2.31e+17,2.99e+17,32045.605,101.864,915.0,153,873.29,22.22,0.37,230,-19.559999999999945,3.1285217391304347,False,False,False,dry,O2,195,25,25_3,Random
1.645,16.702,14.997,20.037,195.977,89.952,495.776,3915.455,4894.351,4.975,89.451,30.058,67.397,405,504.301,106.644,3678.0,1607.0,236.0,71.867,50.628,0.971,2050.0,4900000000000000.0,205000000000000.2,5.08e+16,3e+17,32045.228,101.929,914.0,153,873.48,22.26,0.22,230,-19.389999999999983,3.127782608695652,False,False,False,dry,O2,390,25,25_4,Edge-Loc
1.894,17.692,15.081,19.966,195.885,89.878,495.874,3918.582,4898.185,4.998,88.845,30.071,71.748,405,506.8,105.494,3689.0,1652.0,598.0,71.941,50.545,1.012,2025.0,2970000000000000.0,946000000000000.0,5.78e+16,2.98e+17,32045.723,101.37,902.0,152,874.24,22.12,0.19,231,-20.19000000000005,3.117705627705628,False,False,False,dry,O2,453,25,25_5,Loc
2.244,16.488,14.919,20.13,194.227,89.9,493.906,3879.701,4849.688,4.751,89.075,29.877,62.632,405,503.427,107.036,3659.0,1435.0,343.0,71.854,50.161,1.032,2046.0,7790000000000000.0,3699999999999.88,36561499.632,3e+17,32059.988,100.622,919.0,151,872.58,22.46,0.14,227,-16.5,3.156387665198238,False,False,False,dry,O2,237,25,25_6,Edge-Loc
2.057,17.271,14.987,20.003,194.56,89.909,494.507,3891.481,4864.489,4.864,88.553,30.194,57.875,405,515.066,108.03,3691.0,1643.0,674.0,72.154,51.441,1.055,2011.0,4190000000000000.0,125000000000000.2,5420000000000.036,3e+17,32050.527,103.28,923.0,155,875.0,22.44,0.15,234,-23.139999999999983,3.0903418803418803,False,False,False,dry,O2,495,25,25_7,Random
2.247,16.507,14.883,19.947,194.151,89.982,494.353,3884.848,4856.297,4.826,89.255,29.97,58.598,405,505.226,108.177,3693.0,1726.0,642.0,72.417,51.46,0.982,2026.0,9040000000000000.0,448999999999.988,2.24e+17,2.98e+17,32053.987,103.393,910.0,155,874.7,22.6,0.16,235,-24.32000000000005,3.082212765957447,False,False,False,dry,O2,477,25,25_8,Edge-Loc
2.106,18.278,15.013,20.097,195.413,90.065,495.494,3907.788,4884.766,4.981,89.349,30.089,54.608,405,514.443,108.222,3692.0,1642.0,220.0,72.564,51.56,0.964,2029.0,1.47e+16,1110000000000000.0,1800000000000000.0,3e+17,32044.823,103.515,906.0,156,875.08,22.25,0.12,236,-25.32000000000005,3.0733898305084746,False,False,False,dry,O2,444,25,25_9,Loc
1.868,17.332,15.007,20.059,195.674,89.925,495.788,3914.467,4892.986,4.734,89.347,29.867,57.427,405,505.556,108.209,3691.0,1591.0,664.0,72.256,51.22,0.961,2009.0,6590000000000000.0,243000000000000.1,176999999999.875,3.01e+17,32040.69,102.769,906.0,154,873.82,22.54,0.12,233,-22.980000000000015,3.1029184549356223,False,False,False,dry,O2,459,25,25_10,Edge-Loc
2.095,16.066,15.117,19.868,195.707,89.874,495.736,3911.494,4889.248,4.98,89.551,29.928,58.145,405,512.697,108.257,3679.0,1611.0,482.0,72.322,51.413,0.97,2030.0,1.15e+16,1.02e+17,421216908.087,3e+17,32043.708,103.331,907.0,155,874.1,22.44,0.31,234,-23.25999999999999,3.0908547008547007,False,False,False,dry,O2,336,25,25_11,Edge-Loc
1.158,16.465,15.053,19.894,196.493,90.12,496.371,3927.681,4909.55,5.115,89.96,30.086,49.934,405,508.947,108.809,3672.0,1534.0,459.0,72.216,51.906,1.086,2069.0,1.69e+16,150000000000000.03,1119999999999.977,3e+17,32055.912,104.38,890.0,156,874.84,22.56,0.21,233,-22.649999999999977,3.1015021459227468,False,False,False,dry,O2,228,25,25_12,Edge-Loc
1.416,17.395,14.943,20.135,196.56,89.944,496.698,3931.939,4914.953,4.897,90.045,30.048,48.181,405,514.767,109.397,3687.0,1624.0,405.0,72.496,51.869,0.972,2057.0,1.11e+16,2.02e+16,4.48e+17,3e+17,32051.087,104.372,861.0,157,875.07,22.36,0.18,234,-24.090000000000032,3.0944017094017093,False,False,False,dry,O2,300,25,25_13,Edge-Loc
1.213,16.232,14.739,19.964,197.675,89.969,497.656,3951.165,4938.852,5.001,90.029,29.892,53.533,405,506.137,109.223,3677.0,1466.0,361.0,72.49,51.974,0.929,2030.0,1.75e+16,1030000000000000.0,1400000000000000.0,3.01e+17,32044.718,104.912,865.0,157,875.33,22.52,0.2,235,-24.590000000000032,3.08336170212766,False,False,False,dry,O2,195,25,25_14,Random
1.09,16.803,14.859,19.949,197.938,90.141,497.91,3959.525,4949.554,4.926,89.811,30.054,50.926,405,517.816,108.727,3676.0,1734.0,360.0,72.229,51.909,1.004,2066.0,1.62e+16,8.15e+16,9.08e+17,3.02e+17,32039.489,104.749,865.0,157,874.76,22.54,0.19,234,-23.730000000000015,3.092863247863248,False,False,False,dry,O2,204,25,25_15,Loc
1.422,16.608,14.911,19.987,197.156,90.063,497.179,3943.711,4929.396,4.935,90.195,29.965,52.523,405,520.333,108.811,3683.0,1547.0,512.0,72.279,51.616,0.885,2043.0,2.12e+16,5.5e+16,7.86e+17,3e+17,32040.995,104.078,865.0,156,874.68,22.39,0.16,233,-22.49000000000001,3.100815450643777,False,False,False,dry,O2,279,25,25_16,Scratch
1.367,16.786,14.92,20.061,197.791,89.957,497.985,3958.189,4947.521,4.827,89.936,29.864,59.382,405,521.377,108.15,3674.0,1509.0,350.0,72.103,51.715,1.068,2076.0,7160000000000000.0,5.16e+16,2.9e+17,3.01e+17,32043.603,104.162,865.0,156,875.36,22.42,0.25,232,-21.32000000000005,3.109137931034483,False,False,False,dry,O2,207,25,25_17,Loc
1.55,16.831,14.821,20.192,197.108,90.026,497.081,3942.765,4928.297,5.01,90.233,29.903,50.806,405,511.754,108.694,3671.0,1514.0,368.0,72.004,51.417,0.87,2036.0,1.41e+16,2960000000000000.0,2940000000000000.0,3e+17,32040.857,103.456,869.0,155,874.46,22.26,0.26,230,-19.92999999999995,3.1301304347826084,False,False,False,dry,O2,198,25,25_18,Random
1.287,17.505,14.988,20.01,197.612,89.838,497.474,3952.397,4940.48,4.963,90.054,30.017,54.015,405,515.139,108.486,3676.0,1512.0,358.0,72.002,51.526,0.944,2059.0,6130000000000000.0,5260000000000000.0,8210000000000000.0,2.98e+17,32047.468,103.934,865.0,156,874.89,22.58,0.28,230,-19.620000000000005,3.1287826086956523,False,False,False,dry,O2,246,25,25_19,Loc
1.373,18.117,15.077,20.051,198.107,90.026,497.787,3958.411,4948.076,5.121,90.794,29.931,57.747,405,517.632,109.677,3668.0,1366.0,351.0,71.963,51.799,1.112,2082.0,9000000000000000.0,1280000000000000.0,1.84e+17,2.99e+17,32043.473,104.811,865.0,157,874.93,22.51,0.17,230,-19.389999999999983,3.127782608695652,False,False,False,dry,O2,165,25,25_20,none
0.995,16.054,15.249,19.822,198.983,90.186,499.21,3980.693,4976.007,5.056,90.884,30.067,49.417,405,506.167,108.833,3664.0,1476.0,287.0,72.07,51.716,0.99,2046.0,6770000000000000.0,6.76e+16,638999999999999.9,2.99e+17,32469.988,104.295,865.0,156,874.76,22.43,0.1,230,-20.07000000000005,3.1307391304347827,False,False,False,dry,O2,113,25,25_21,none
1.812,12.437,15.109,20.141,199.474,89.958,499.428,3989.146,4986.478,5.043,91.065,30.088,56.19,405,513.743,109.614,3660.0,1468.0,190.0,71.725,51.916,1.162,2052.0,1.75e+16,1.74e+17,4.08e+16,2.99e+17,32471.468,105.261,861.0,158,890.08,22.34,0.33,27,-18.620000000000005,26.61555555555556,False,False,False,dry,O2,84,25,25_52,none
0.723,15.322,15.197,20.034,198.741,90.159,498.694,3975.648,4969.678,5.001,90.767,29.885,49.365,405,512.224,108.846,3654.0,1709.0,133.0,71.809,51.913,0.973,2073.0,5880000000000000.0,2.08e+16,2.62e+16,3.01e+17,32472.185,104.679,866.0,157,879.93,33.74,0.35,27,-17.659999999999968,26.58,False,False,False,dry,O2,42,25,25_51,none
0.729,11.314,14.816,20.045,198.904,89.852,498.75,4009.897,4969.254,4.911,90.893,29.995,56.394,405,514.548,108.987,3700.0,1647.0,599.0,71.73,51.817,1.125,2007.0,4770000000000000.0,5100000000000000.0,5.09e+16,3.01e+17,32467.778,104.578,863.0,157,887.93,37.85,0.23,27,-18.139999999999983,26.59777777777778,False,False,False,dry,O2,492,25,25_50,Edge-Loc
1.362,20.789,15.047,19.793,198.412,89.945,498.322,4045.275,4959.923,4.935,90.61,30.141,50.449,405,517.077,108.891,3666.0,1505.0,235.0,71.872,51.844,0.888,2078.0,1.15e+16,2.07e+16,5.88e+17,2.99e+17,32465.923,104.569,866.0,157,878.65,32.42,0.2,30,-17.649999999999977,23.921666666666667,False,False,False,dry,O2,156,25,25_49,none
1.006,17.181,15.073,19.903,202.636,90.109,502.414,4051.702,5064.67,5.221,92.2,30.061,50.033,405,512.107,109.021,3638.0,1337.0,157.0,70.927,51.621,1.039,2090.0,2.17e+16,1.49e+17,1.94e+17,3e+17,32293.819,104.355,909.0,156,872.54,22.16,0.08,221,-10.730000000000018,3.215972850678733,False,False,False,dry,O2,54,24,24_25,none
0.939,15.997,14.861,20.095,199.015,89.926,498.977,3978.382,4972.989,4.949,90.184,30.096,61.515,405,519.684,107.628,3645.0,1367.0,136.0,72.075,51.396,0.993,2059.0,1.58e+16,1.47e+17,1.62e+17,3e+17,32044.246,103.17,923.0,155,873.44,22.16,0.32,232,-21.720000000000027,3.1108620689655173,False,False,False,dry,O2,51,24,24_26,none
1.488,17.378,14.894,20.067,197.413,89.925,497.428,3949.253,4936.765,4.834,89.218,29.936,57.394,405,518.303,107.688,3646.0,1421.0,135.0,72.306,51.2,1.005,2054.0,2280000000000000.0,2620000000000000.0,1.17e+17,3e+17,32057.201,103.136,906.0,155,873.94,22.43,0.14,233,-22.269999999999985,3.0998712446351933,False,False,False,dry,O2,15,24,24_27,none
2.052,20.723,15.289,19.966,195.273,89.925,495.303,3957.075,4883.549,4.909,89.893,29.962,57.244,405,512.154,108.116,3645.0,1436.0,151.0,71.938,51.113,0.975,2084.0,2e+16,8460000000000000.0,9.62e+16,2.99e+17,32054.782,102.953,909.0,154,878.52,22.05,0.15,230,-19.370000000000005,3.127695652173913,False,False,False,dry,O2,54,25,25_28,none
1.552,11.231,14.875,20.056,196.785,89.886,496.549,4087.932,4919.193,4.983,89.408,29.901,68.98,405,504.308,106.425,3650.0,1392.0,207.0,72.354,50.65,1.033,2075.0,1.29e+16,1270000000000000.0,6.58e+17,3e+17,32052.027,102.04,915.0,153,887.2,22.31,0.17,233,-22.58000000000004,3.1012017167381978,False,False,False,dry,O2,84,25,25_29,none
1.697,15.189,14.886,20.0,195.659,89.974,495.797,4025.585,4891.43,4.853,89.386,29.962,64.571,405,504.352,106.743,3659.0,1517.0,212.0,72.039,50.812,1.012,2040.0,7340000000000000.0,734000000000000.1,6.48e+17,2.99e+17,32045.721,102.064,915.0,153,877.36,22.21,0.44,230,-19.519999999999985,3.1283478260869564,False,False,False,dry,O2,30,25,25_30,none
1.541,12.41,14.854,20.041,195.672,89.898,495.787,4036.989,4894.135,4.672,89.406,30.044,67.371,405,504.258,106.563,3678.0,1607.0,218.0,71.97,50.6,0.853,2050.0,7360000000000000.0,205000000000000.0,561000000000000.0,3e+17,32045.096,101.874,914.0,153,874.41,22.2,0.3,32,-19.24000000000001,22.47625,False,False,False,dry,O2,48,25,25_31,none
1.577,19.939,14.925,20.026,195.856,89.82,495.93,4014.046,4898.078,4.946,88.38,30.152,71.628,405,506.635,105.478,3689.0,1652.0,177.0,72.096,50.555,1.001,2025.0,1.19e+16,946000000000000.0,3.01e+17,2.98e+17,32045.78,101.307,902.0,152,874.58,22.31,0.34,32,-20.200000000000045,22.50625,False,False,False,dry,O2,15,25,25_32,none
2.222,15.955,15.026,20.019,194.042,89.937,493.933,3985.683,4849.496,4.801,89.027,29.922,62.794,405,503.184,106.966,3659.0,1435.0,221.0,71.838,50.174,1.009,2046.0,4190000000000000.0,3699999999999.96,36561499.554,3e+17,32059.905,100.426,919.0,151,877.6,22.52,0.46,32,-16.629999999999995,22.3946875,False,False,False,dry,O2,237,25,25_33,Edge-Loc
1.902,17.67,15.005,19.994,194.542,90.153,494.524,4047.404,4864.641,4.863,88.57,29.84,57.811,405,515.086,108.025,3691.0,1643.0,175.0,72.167,51.332,0.961,2011.0,7580000000000000.0,124999999999999.92,5420000000000.086,3e+17,32050.472,103.397,923.0,155,884.05,22.37,0.31,32,-23.220000000000027,22.600625,False,False,False,dry,O2,495,25,25_34,Random
2.385,16.301,14.733,19.904,194.16,90.114,494.242,3955.376,4856.056,4.84,89.386,30.061,58.579,405,505.101,108.188,3693.0,1726.0,642.0,72.213,51.446,1.055,2026.0,1.02e+16,448999999999.999,2.24e+17,2.98e+17,32053.983,103.508,910.0,155,888.35,22.41,0.21,31,-24.08000000000004,23.35741935483871,False,False,False,dry,O2,477,25,25_35,Edge-Loc
0.885,16.819,14.894,20.003,204.887,90.093,504.876,4097.736,5122.427,5.18,93.639,30.18,46.506,405,506.221,109.904,3635.0,1410.0,276.0,70.733,51.961,0.926,2068.0,7250000000000000.0,6.24e+16,1.58e+17,3.01e+17,32302.189,105.272,917.0,158,872.31,22.14,0.24,217,-6.9500000000000455,3.2578341013824885,False,False,False,dry,O2,75,23,23_24,none
1.223,18.35,15.166,19.878,195.333,89.872,495.282,4062.935,4884.764,4.906,89.524,29.942,54.539,405,514.136,108.179,3692.0,1642.0,220.0,72.399,51.566,1.182,2029.0,4080000000000000.0,1110000000000000.0,1800000000000000.0,3e+17,32044.585,103.747,906.0,156,876.92,22.42,0.01,32,-25.25,22.6640625,False,False,False,dry,O2,444,25,25_36,Loc
1.167,15.852,15.364,19.883,195.826,90.03,495.576,3985.731,4889.657,4.816,89.495,30.051,58.105,405,512.678,108.318,3679.0,1611.0,482.0,72.428,51.397,1.081,2030.0,1.61e+16,1.02e+17,421216908.098,3e+17,32043.894,103.496,907.0,155,893.91,22.36,0.28,34,-23.309999999999945,21.273823529411764,False,False,False,dry,O2,336,25,25_38,Edge-Loc
1.227,16.505,15.171,20.012,196.521,90.133,496.424,3978.825,4909.53,4.978,89.959,29.905,50.153,405,509.056,108.705,3672.0,1534.0,459.0,72.232,51.726,0.926,2069.0,5060000000000000.0,149999999999999.78,1119999999999.912,3e+17,32056.01,104.41,890.0,156,886.17,32.87,0.31,33,-22.850000000000023,21.904545454545456,False,False,False,dry,O2,228,25,25_39,Edge-Loc
1.706,17.536,14.841,19.909,196.631,89.908,496.532,4056.178,4914.943,4.916,89.988,29.867,48.101,405,514.582,109.518,3687.0,1624.0,405.0,72.641,51.666,1.093,2057.0,8130000000000000.0,2.02e+16,4.48e+17,3e+17,32051.106,104.394,861.0,157,892.85,31.78,0.26,32,-23.730000000000015,22.6165625,False,False,False,dry,O2,300,25,25_40,Edge-Loc
1.888,16.421,15.062,20.099,197.525,90.051,497.543,4029.096,4938.871,4.866,90.383,29.909,53.43,405,506.148,109.506,3677.0,1466.0,361.0,72.354,51.843,1.043,2030.0,2.06e+16,1030000000000000.0,1400000000000000.0,3.01e+17,32044.516,104.664,865.0,157,880.56,39.55,0.34,32,-24.639999999999983,22.645,False,False,False,dry,O2,195,25,25_41,Random
1.644,16.958,15.002,19.987,197.876,90.051,498.178,3971.165,4949.435,4.916,89.918,29.926,50.973,405,517.779,108.756,3676.0,1734.0,360.0,72.441,51.959,0.921,2066.0,1.21e+16,8.15e+16,9.08e+17,3.02e+17,32039.664,104.787,865.0,157,887.83,32.8,0.16,32,-23.950000000000045,22.6234375,False,False,False,dry,O2,204,25,25_42,Loc
0.953,17.382,15.185,19.984,197.259,89.873,497.189,4035.497,4929.564,4.902,90.208,30.137,52.51,405,520.342,108.66,3683.0,1547.0,512.0,72.307,51.478,1.139,2043.0,1.81e+16,5.5e+16,7.86e+17,3e+17,32041.045,104.176,865.0,156,883.22,38.21,0.36,32,4.259999999999991,21.741875,False,False,False,dry,O2,279,25,25_43,Scratch
1.481,16.159,14.869,19.915,197.779,89.951,497.886,3952.709,4947.706,4.994,89.64,30.138,59.433,405,521.287,108.268,3674.0,1509.0,350.0,72.257,51.857,1.045,2076.0,2440000000000000.0,5.16e+16,2.9e+17,3.01e+17,32043.809,104.177,865.0,156,880.62,39.87,0.28,31,-21.470000000000027,23.273225806451613,False,False,False,dry,O2,207,25,25_44,Loc
1.173,19.112,15.151,19.985,197.073,90.076,497.131,3972.339,4928.289,4.99,90.067,29.801,50.823,405,511.737,108.894,3671.0,1514.0,368.0,71.893,51.632,1.14,2036.0,1.05e+16,2960000000000000.0,2940000000000000.0,3e+17,32040.835,103.448,869.0,155,877.9,35.65,0.17,32,-19.840000000000032,22.495,False,False,False,dry,O2,198,25,25_45,Random
0.871,18.902,15.129,20.065,197.616,90.12,497.694,4016.996,4940.523,4.853,90.148,29.745,53.856,405,515.19,108.538,3676.0,1512.0,358.0,71.949,51.765,1.146,2059.0,6910000000000000.0,5260000000000000.0,8210000000000000.0,2.98e+17,32047.351,104.028,865.0,156,878.27,28.55,0.19,30,-19.83000000000004,23.994333333333334,False,False,False,dry,O2,246,25,25_46,Loc
1.428,13.818,15.045,20.051,198.088,89.812,497.925,4073.04,4947.908,4.986,90.886,30.229,57.57,405,517.641,109.469,3668.0,1366.0,351.0,72.081,51.751,1.05,2082.0,9000000000000000.0,1280000000000000.0,1.84e+17,2.99e+17,32043.591,104.713,865.0,157,880.91,34.59,0.06,28,-19.519999999999985,25.697142857142858,False,False,False,dry,O2,165,25,25_47,none
1.862,18.789,15.175,20.014,199.008,89.949,498.836,4084.93,4976.007,4.744,90.802,30.093,49.454,405,506.19,108.775,3664.0,1476.0,287.0,71.838,51.782,1.15,2046.0,6770000000000000.0,6.76e+16,638999999999999.9,2.99e+17,32469.91,104.157,865.0,156,884.92,34.91,0.31,31,-19.850000000000023,23.220967741935485,False,False,False,dry,O2,114,25,25_48,none
1.56,17.31,14.953,20.07,195.67,90.121,495.589,4071.668,4893.005,4.904,89.449,30.017,57.449,405,505.476,107.903,3691.0,1591.0,664.0,72.336,50.924,1.042,2009.0,4590000000000000.0,243000000000000.2,176999999999.85,3.01e+17,32040.633,102.785,906.0,154,878.49,22.39,0.28,31,-22.66999999999996,23.311935483870965,False,False,False,dry,O2,459,25,25_37,Edge-Loc
1.116,17.631,15.06,20.003,198.266,90.172,498.488,3967.814,4959.944,5.0,90.803,30.014,50.516,405,517.184,109.037,3666.0,1505.0,235.0,71.762,51.968,1.159,2078.0,1.15e+16,2.07e+16,5.88e+17,2.99e+17,32466.06,104.317,866.0,157,874.41,22.59,0.22,228,-17.659999999999968,3.1476315789473683,False,False,False,dry,O2,156,25,25_22,none
1.335,16.981,14.767,20.18,204.444,89.785,504.323,4086.499,5108.45,5.187,93.468,29.994,45.008,405,504.483,109.671,3640.0,1332.0,183.0,70.703,52.16,1.061,2061.0,1.71e+16,7.19e+16,1.27e+17,3.01e+17,32299.579,105.123,913.0,158,872.85,22.13,0.16,219,-8.409999999999968,3.2347488584474884,False,False,False,dry,O2,99,23,23_23,none
0.991,16.772,14.939,20.101,203.405,89.983,503.281,4066.111,5082.449,5.128,93.173,30.059,49.083,405,516.86,109.506,3640.0,1426.0,225.0,70.506,51.839,1.038,2060.0,1.65e+16,5.78e+16,4.74e+17,3.01e+17,32495.945,104.63,909.0,157,872.45,21.98,0.06,216,-5.490000000000009,3.266157407407408,False,False,False,dry,O2,123,23,23_21,none
1.178,16.527,14.826,19.868,198.086,90.01,500.288,3978.665,5011.004,4.915,91.736,30.073,29.442,436,555.344,108.362,3642.0,1346.0,277.0,71.015,51.077,1.06,2084.0,1.05e+16,4790000000000000.0,4.11e+17,3e+17,32501.452,102.774,929.0,154,880.1,39.98,0.21,28,-12.190000000000056,25.435357142857143,False,False,False,dry,O2,120,22,22_51,none
1.792,17.337,14.982,19.857,197.175,90.026,500.722,4055.895,5018.686,4.832,91.857,29.951,25.827,436,559.43,108.254,3643.0,1409.0,221.0,71.427,51.032,1.086,2043.0,6910000000000000.0,1.1e+17,6890000000000000.0,3.01e+17,32501.064,103.184,929.0,155,888.14,35.69,0.21,31,-13.57000000000005,23.018387096774195,False,False,False,dry,O2,114,22,22_52,none
1.871,16.186,15.058,19.988,197.99,89.934,500.63,4029.18,5014.564,5.079,91.472,29.884,28.997,436,553.398,108.05,3640.0,1464.0,203.0,71.25,51.125,0.938,2068.0,2.03e+16,1.45e+17,9.62e+16,3e+17,32498.708,102.844,925.0,154,883.45,28.56,0.51,30,-13.779999999999973,23.792666666666666,False,False,False,dry,O2,54,22,22_53,none
1.707,17.047,14.915,19.94,197.216,89.865,499.663,3971.147,4993.488,5.075,91.42,30.112,20.366,436,552.551,108.033,3639.0,1471.0,161.0,71.287,51.692,1.218,2052.0,1.82e+16,1.82e+17,6.58e+17,3.01e+17,32501.39,103.15,924.0,155,889.94,34.49,0.21,27,-12.809999999999944,26.400370370370368,False,False,False,dry,O2,84,22,22_54,none
0.881,17.165,14.929,20.169,203.274,89.983,503.001,4062.889,5078.581,5.017,92.564,30.1,30.252,436,555.998,108.501,3642.0,1423.0,192.0,71.497,51.647,1.067,2041.0,4050000000000000.0,3.16e+16,9.62e+16,3e+17,32198.046,103.636,919.0,156,871.38,22.1,0.3,223,-12.940000000000056,3.197040358744395,False,False,False,dry,O2,93,22,22_1,none
0.625,17.105,14.917,19.985,202.35,89.836,502.372,4048.395,5060.368,5.088,92.745,30.091,26.87,436,547.658,108.711,3641.0,1397.0,194.0,71.177,51.591,1.018,2073.0,1.44e+16,2.24e+16,6.58e+17,3e+17,32300.13,103.622,921.0,155,871.63,22.16,0.33,222,-11.450000000000044,3.20472972972973,False,False,False,dry,O2,102,22,22_2,none
0.421,16.471,14.902,20.139,202.941,89.969,502.752,4055.713,5069.697,5.139,92.704,29.864,31.187,436,550.564,108.918,3641.0,1500.0,245.0,71.131,51.477,1.148,2078.0,1.21e+16,1.06e+17,6.48e+17,2.99e+17,32297.603,103.776,923.0,156,872.13,22.15,0.25,223,-12.33000000000004,3.194304932735426,False,False,False,dry,O2,108,22,22_3,none
0.977,17.221,15.077,19.945,202.848,89.777,502.837,4057.157,5071.491,4.907,93.03,30.039,37.181,436,553.266,109.046,3640.0,1383.0,204.0,71.265,51.52,1.109,2059.0,2.18e+16,4790000000000000.0,561000000000000.0,3.01e+17,32297.237,103.622,927.0,155,871.29,22.02,0.28,223,-13.100000000000025,3.1977578475336323,False,False,False,dry,O2,99,22,22_4,none
1.006,16.595,14.965,20.067,203.312,90.167,503.201,4065.083,5081.139,5.139,92.874,29.83,30.266,436,553.544,108.811,3638.0,1361.0,192.0,71.318,51.418,1.012,2075.0,1.34e+16,1.1e+17,3.01e+17,3e+17,32300.014,103.856,925.0,156,871.7,22.23,0.35,224,-13.33000000000004,3.1845089285714288,False,False,False,dry,O2,72,22,22_5,none
0.37,16.877,14.992,19.997,202.562,89.96,502.74,4055.743,5069.708,5.07,92.928,29.81,32.742,436,558.459,108.999,3642.0,1597.0,253.0,71.444,51.591,1.026,2088.0,4660000000000000.0,973000000000000.0,11180016283.855,3.01e+17,32199.328,103.804,925.0,156,871.75,22.13,0.27,224,-13.519999999999982,3.1853571428571428,False,False,False,dry,O2,102,22,22_6,none
0.98,16.668,14.914,19.981,203.351,90.084,503.259,4066.578,5083.119,5.15,92.546,30.069,17.219,436,537.15,108.46,3638.0,1382.0,187.0,71.494,51.261,0.953,2060.0,1.1e+16,6.66e+16,5.2e+17,3e+17,32300.106,103.507,920.0,155,871.97,22.12,0.21,224,-14.149999999999975,3.188169642857143,False,False,False,dry,O2,45,22,22_7,none
1.005,16.238,14.822,19.863,201.968,89.889,502.206,4044.101,5055.018,5.204,92.786,30.029,28.573,436,551.244,108.788,3635.0,1351.0,172.0,71.402,51.535,1.043,2088.0,6300000000000000.0,4.31e+16,9.92e+16,3e+17,32299.383,103.329,925.0,155,871.78,22.25,0.26,224,-13.529999999999973,3.185401785714286,False,False,False,dry,O2,39,22,22_8,none
0.582,17.444,15.098,19.894,202.668,90.134,502.688,4053.557,5066.956,5.034,92.611,30.006,29.251,436,551.151,108.089,3641.0,1443.0,213.0,71.464,51.385,0.85,2072.0,8110000000000000.0,1.61e+16,328000000000000.06,2.99e+17,32300.699,103.343,920.0,155,871.8,22.23,0.11,225,-14.42999999999995,3.175244444444444,False,False,False,dry,O2,75,22,22_9,none
0.793,16.294,14.997,20.065,202.466,90.089,502.604,4048.581,5060.763,5.049,92.582,30.009,26.571,436,554.502,108.375,3639.0,1442.0,205.0,71.302,51.323,1.198,2079.0,1.4e+16,1.02e+17,3.07e+17,3.02e+17,32297.177,103.218,920.0,155,871.56,22.29,0.31,223,-12.799999999999956,3.1964125560538115,False,False,False,dry,O2,69,22,22_10,none
0.697,17.641,15.11,20.174,202.709,90.141,502.379,4050.199,5062.952,5.08,93.416,30.059,33.909,436,547.449,109.43,3640.0,1415.0,182.0,71.329,51.455,0.933,2050.0,9230000000000000.0,358000000000000.0,4450000000000000.0,3.01e+17,32300.625,103.821,930.0,156,871.56,22.05,0.23,224,-13.259999999999993,3.1841964285714286,False,False,False,dry,O2,99,22,22_11,none
0.466,17.5,14.954,20.002,202.902,90.18,503.076,4058.784,5073.629,4.957,92.723,30.173,29.912,436,548.855,108.489,3640.0,1363.0,143.0,71.498,51.497,0.808,2075.0,8780000000000000.0,2.11e+16,2.77e+17,3e+17,32301.899,103.773,924.0,155,871.85,22.09,0.29,226,-15.200000000000044,3.1646017699115045,False,False,False,dry,O2,66,22,22_12,none
1.082,16.535,15.112,19.964,203.019,89.921,502.998,4060.331,5075.628,5.195,92.302,29.925,19.79,436,552.522,107.851,3641.0,1401.0,196.0,71.45,51.278,1.058,2070.0,2.13e+16,8.91e+16,1.12e+18,3e+17,32295.497,103.079,917.0,155,872.24,22.18,0.09,225,-14.049999999999956,3.1735555555555552,False,False,False,dry,O2,69,22,22_13,none
0.701,16.063,15.093,20.141,201.798,90.004,501.641,4035.707,5044.736,5.016,92.117,30.042,21.326,436,557.273,107.751,3635.0,1304.0,122.0,71.423,51.209,1.158,2086.0,1.71e+16,1.65e+17,1.19e+17,3e+17,32299.34,103.138,917.0,155,871.61,22.07,0.1,224,-13.529999999999973,3.185401785714286,False,False,False,dry,O2,18,22,22_14,none
0.877,16.683,15.129,19.919,201.443,90.047,501.512,4031.188,5038.872,5.138,92.594,29.869,28.106,436,548.958,107.987,3641.0,1447.0,265.0,71.424,51.098,1.165,2072.0,1.93e+16,1.85e+17,6.74e+17,2.99e+17,32301.865,102.901,918.0,154,871.72,22.27,0.24,224,-13.32000000000005,3.1844642857142857,False,False,False,dry,O2,84,22,22_15,none
0.873,17.871,15.125,19.913,200.227,89.963,500.226,4005.506,5006.729,5.076,91.905,29.786,40.484,436,550.934,109.444,3633.0,1340.0,179.0,71.076,51.882,0.893,2058.0,8670000000000000.0,2410000000000000.0,1050000000000000.0,2.98e+17,32501.331,104.576,927.0,157,872.93,22.15,0.34,221,-10.559999999999944,3.215203619909502,False,False,False,dry,O2,45,22,22_16,none
0.978,15.573,14.929,20.063,201.07,90.062,500.962,4019.664,5024.557,5.02,92.058,30.006,25.526,436,548.858,108.672,3635.0,1472.0,187.0,71.038,51.43,0.828,2060.0,7580000000000000.0,7.07e+16,1.94e+17,3.01e+17,32501.909,103.868,927.0,156,872.32,22.3,0.13,221,-11.049999999999956,3.2174208144796377,False,False,False,dry,O2,57,22,22_17,none
0.903,16.883,14.919,20.031,200.961,89.972,501.023,4019.702,5024.669,4.908,91.823,29.989,29.075,436,549.659,108.213,3634.0,1376.0,192.0,71.06,51.462,1.138,2091.0,9880000000000000.0,5.59e+16,5.93e+17,2.99e+17,32498.623,103.54,927.0,155,872.31,22.22,0.29,221,-10.779999999999973,3.2161990950226245,False,False,False,dry,O2,51,22,22_18,none
0.639,16.798,14.72,20.218,201.167,90.133,501.064,4022.178,5027.824,4.946,92.326,30.013,32.61,436,556.022,108.644,3637.0,1400.0,174.0,71.172,51.218,1.136,2058.0,9500000000000000.0,6.42e+16,3.64e+17,3.01e+17,32500.207,103.171,926.0,155,872.41,22.14,0.07,222,-11.850000000000025,3.206531531531532,False,False,False,dry,O2,66,22,22_19,none
1.167,16.861,14.896,19.974,197.681,90.059,501.284,3985.753,5033.298,5.073,91.59,29.899,28.855,436,551.669,108.098,3641.0,1477.0,213.0,71.406,50.571,1.034,2073.0,2440000000000000.0,1.06e+17,6020000000000000.0,3e+17,32500.445,103.058,926.0,155,888.05,38.23,0.14,30,-13.610000000000014,23.787,False,False,False,dry,O2,87,22,22_50,none
0.509,16.107,14.919,19.95,202.059,90.065,501.937,4041.544,5051.507,4.933,92.247,29.85,24.541,436,545.42,108.519,3639.0,1422.0,206.0,71.13,51.469,0.957,2072.0,9800000000000000.0,8.06e+16,1.27e+16,3e+17,32497.414,103.922,926.0,156,872.2,22.32,0.32,223,-12.75,3.1961883408071747,False,False,False,dry,O2,75,22,22_20,none
1.643,16.955,15.168,20.064,196.626,89.974,500.328,4071.615,5013.121,5.125,91.874,30.029,23.745,436,559.415,108.116,3639.0,1332.0,299.0,71.461,51.903,0.928,2055.0,1.81e+16,2.24e+16,1.04e+18,3.01e+17,32501.496,102.999,925.0,155,874.61,32.93,0.09,32,4.2999999999999545,21.740625,False,False,False,dry,O2,81,22,22_49,none
0.688,16.076,15.119,19.993,195.559,89.898,502.069,3955.387,5051.625,4.993,92.09,29.79,24.513,436,545.527,108.683,3639.0,1422.0,206.0,71.389,53.186,0.992,2072.0,2.06e+16,973000000000000.0,1.32e+17,3e+17,32497.744,103.691,926.0,156,883.75,31.91,0.17,32,-12.600000000000025,22.26875,False,False,False,dry,O2,75,22,22_47,none
0.914,16.566,15.0,19.771,202.593,89.934,502.59,4052.542,5065.588,4.988,92.554,29.99,30.193,436,556.066,108.22,3639.0,1394.0,243.0,71.023,51.568,1.076,2055.0,1.75e+16,1.55e+17,1.04e+18,3.01e+17,32298.314,103.473,918.0,155,871.17,21.91,0.28,220,-9.980000000000018,3.227181818181818,False,False,False,dry,O2,96,21,21_24,none
0.861,17.41,14.975,20.071,202.26,89.818,502.176,4043.991,5055.007,5.028,92.975,30.0,31.757,436,551.253,108.639,3635.0,1420.0,184.0,71.067,51.392,1.051,2063.0,9730000000000000.0,509000000000000.0,6020000000000000.0,3e+17,32299.351,103.17,920.0,155,871.73,22.16,0.11,221,-10.0,3.2126696832579187,False,False,False,dry,O2,57,21,21_25,none
0.771,16.976,14.821,19.922,202.784,89.993,502.848,4058.589,5073.511,5.077,92.475,29.987,24.98,436,550.474,108.47,3643.0,1519.0,219.0,71.011,51.561,1.008,2080.0,2.07e+16,1.22e+17,4.11e+17,3e+17,32301.613,103.633,918.0,155,871.45,22.06,0.3,221,-10.850000000000025,3.2165158371040725,False,False,False,dry,O2,126,21,21_26,none
0.828,16.591,14.887,20.115,202.097,90.186,502.048,4041.207,5051.545,5.003,92.713,30.279,34.142,436,563.342,108.989,3641.0,1382.0,217.0,71.094,51.396,0.896,2085.0,1.08e+16,1.53e+16,6890000000000000.0,3.01e+17,32202.686,103.149,924.0,155,871.45,22.08,0.28,221,-10.620000000000005,3.215475113122172,False,False,False,dry,O2,117,21,21_27,none
1.053,20.641,14.784,19.706,203.225,89.842,503.103,4062.886,5078.728,5.208,92.628,29.934,30.176,436,470.49,108.708,3642.0,1423.0,192.0,71.195,51.404,0.933,2041.0,1.93e+16,3.16e+16,9.62e+16,3e+17,32197.956,103.515,919.0,156,882.51,22.24,0.04,24,-13.110000000000014,29.71291666666667,False,False,False,dry,O2,93,22,22_28,none
1.278,11.213,14.923,19.937,202.317,90.105,502.405,4048.257,5060.37,5.049,92.729,29.989,26.93,436,460.625,108.6,3641.0,1397.0,194.0,71.075,51.638,1.093,2073.0,7620000000000000.0,2.24e+16,6.58e+17,3e+17,32300.224,103.613,921.0,155,881.94,22.17,0.15,23,-11.67999999999995,30.94260869565217,False,False,False,dry,O2,102,22,22_29,none
0.819,15.29,14.935,19.949,202.818,89.971,502.958,4055.789,5069.693,5.072,92.742,29.93,31.494,436,472.575,108.796,3641.0,1709.0,245.0,71.06,51.647,1.128,2078.0,1.1e+16,1.06e+17,6.48e+17,2.99e+17,32297.664,103.71,923.0,156,889.79,22.13,0.23,23,-12.440000000000056,30.975652173913044,False,False,False,dry,O2,108,22,22_30,none
0.661,12.474,15.171,19.953,202.922,90.147,502.799,4057.126,5071.48,5.244,93.153,29.948,37.095,436,473.973,108.968,3640.0,1468.0,204.0,71.284,51.51,1.095,2059.0,2800000000000000.0,4790000000000000.0,561000000000000.06,3.01e+17,32297.119,103.521,927.0,155,884.53,22.04,0.14,23,-12.990000000000007,30.999565217391304,False,False,False,dry,O2,99,22,22_31,none
1.344,19.721,15.113,20.053,203.119,89.982,503.306,4064.952,5081.042,4.908,92.626,29.835,30.122,436,472.304,108.807,3638.0,1466.0,192.0,71.354,51.533,1.03,2075.0,1.96e+16,1.1e+17,3.01e+17,3e+17,32299.882,103.766,925.0,156,885.44,22.09,0.2,24,-13.309999999999944,29.72125,False,False,False,dry,O2,72,22,22_32,none
1.883,16.101,15.198,19.955,202.804,89.865,502.815,4055.868,5069.889,5.191,92.731,29.973,32.864,436,472.867,108.972,3642.0,1390.0,253.0,71.362,51.371,1.029,2088.0,1.97e+16,973000000000000.0,11180016284.021,3.01e+17,32199.167,103.923,925.0,156,886.82,22.28,0.07,25,-13.690000000000056,28.547600000000003,False,False,False,dry,O2,102,22,22_33,none
1.481,17.526,14.971,19.937,203.31,89.987,503.315,4066.691,5083.081,5.288,92.423,29.986,17.229,436,477.917,108.314,3638.0,1561.0,187.0,71.532,51.427,1.083,2060.0,2e+16,5.42e+16,5.2e+17,3e+17,32300.063,103.47,920.0,155,881.34,22.18,0.4,25,-14.17999999999995,28.5672,False,False,False,dry,O2,45,22,22_34,none
0.728,16.428,14.992,19.941,202.202,90.071,502.066,4043.937,5055.094,5.07,92.546,29.839,28.65,436,470.383,108.787,3635.0,1665.0,172.0,71.282,51.28,0.948,2088.0,1.29e+16,1.4e+17,9.92e+16,3e+17,32299.448,103.597,925.0,155,890.57,22.15,0.21,32,-13.440000000000056,22.295,False,False,False,dry,O2,39,22,22_35,none
0.891,17.139,15.04,20.046,202.766,90.048,502.761,4053.69,5067.019,5.135,92.692,30.06,29.185,436,468.86,108.228,3641.0,1573.0,213.0,71.519,51.295,0.998,,7340000000000000.0,5.46e+16,327999999999999.9,2.99e+17,32300.903,103.366,920.0,155,887.89,22.21,0.39,32,-14.509999999999993,22.3284375,False,False,False,dry,O2,75,22,22_36,none
0.871,16.321,15.239,19.939,202.421,89.95,502.443,4048.68,5060.958,5.162,92.655,29.877,26.575,436,469.599,108.28,3639.0,1526.0,205.0,71.387,51.407,1.129,2079.0,7360000000000000.0,2150000000000000.0,3.07e+17,3.02e+17,32297.296,103.227,920.0,155,877.04,22.18,0.37,32,-13.110000000000014,22.2846875,False,False,False,dry,O2,69,22,22_37,none
0.819,17.558,15.103,19.936,202.53,90.091,502.712,4001.362,5063.079,4.978,93.458,29.935,33.865,436,476.462,109.426,3640.0,1481.0,182.0,71.263,51.487,1.176,2050.0,1.19e+16,1.55e+17,4450000000000000.0,3.01e+17,32300.689,103.834,930.0,156,874.02,22.3,0.28,32,-13.309999999999944,22.2909375,False,False,False,dry,O2,99,22,22_38,none
0.448,17.601,14.91,20.038,202.984,89.966,503.028,4054.415,5073.876,5.019,92.691,30.174,29.843,436,477.123,108.575,3640.0,1588.0,143.0,71.472,51.303,1.103,2075.0,4190000000000000.0,509000000000000.1,2.77e+17,3e+17,32301.678,103.548,924.0,155,877.11,22.15,0.2,31,-15.159999999999968,23.06967741935484,False,False,False,dry,O2,66,22,22_39,none
1.2,16.497,15.195,19.986,203.021,89.965,502.978,3957.037,5075.571,4.965,92.144,30.125,19.742,436,552.732,107.997,3641.0,1441.0,196.0,71.348,51.301,0.977,2070.0,7580000000000000.0,1.22e+17,1.12e+18,3e+17,32295.421,103.37,917.0,155,887.88,22.25,0.04,32,-14.230000000000018,22.3196875,False,False,False,dry,O2,69,22,22_40,none
0.603,15.987,15.076,19.874,201.778,90.041,501.724,4087.863,5044.725,4.844,92.167,29.969,21.517,436,557.086,107.742,3635.0,,122.0,71.475,51.051,1.149,2086.0,1.02e+16,1.53e+16,9.43e+16,3e+17,32299.532,102.987,917.0,155,873.42,21.92,0.26,31,-13.700000000000044,23.02258064516129,False,False,False,dry,O2,18,22,22_41,none
0.724,16.823,14.913,20.082,201.681,90.113,501.577,4025.518,5038.827,5.036,92.383,30.126,28.094,436,549.247,107.91,3641.0,1402.0,265.0,71.349,51.05,0.942,2072.0,4080000000000000.0,3.16e+16,894000000000000.0,2.99e+17,32301.666,102.974,918.0,154,887.32,22.16,0.13,34,-13.32000000000005,20.98,False,False,False,dry,O2,84,22,22_42,none
1.027,17.918,14.825,20.016,200.371,90.201,500.461,4036.783,5006.861,4.968,91.702,30.007,40.588,436,551.243,109.202,3633.0,1340.0,179.0,70.922,51.619,0.968,2058.0,4590000000000000.0,2.24e+16,1.89e+17,2.98e+17,32501.27,104.296,927.0,157,890.15,22.18,0.14,33,-10.75,21.53787878787879,False,False,False,dry,O2,45,22,22_43,none
0.958,15.451,14.939,20.083,201.018,90.107,500.985,4013.977,5024.229,5.084,91.971,29.937,25.412,436,548.706,108.588,3635.0,1472.0,187.0,71.123,51.604,1.159,2060.0,1.61e+16,1.06e+17,1.09e+17,3.01e+17,32501.874,103.831,927.0,156,881.95,22.22,0.22,32,-11.019999999999982,22.219375,False,False,False,dry,O2,57,22,22_44,none
0.896,16.823,14.865,20.16,201.063,90.032,500.984,3985.682,5024.859,5.068,92.036,29.924,29.243,436,549.839,108.18,3634.0,1376.0,192.0,71.234,50.924,0.982,2091.0,5060000000000000.0,4790000000000000.0,6.58e+16,2.99e+17,32498.57,103.532,927.0,155,872.91,22.22,0.22,32,-10.659999999999968,22.208125,False,False,False,dry,O2,51,22,22_45,none
0.75,16.965,14.938,19.951,201.224,89.998,501.075,4047.584,5027.578,5.059,92.391,29.933,32.652,436,556.006,108.636,3637.0,1400.0,174.0,71.148,52.034,0.862,2058.0,8130000000000000.0,1.1e+17,2.96e+16,3.01e+17,32500.272,103.168,926.0,155,875.98,32.59,0.21,32,-11.740000000000007,22.241875,False,False,False,dry,O2,66,22,22_46,none
1.156,16.436,15.067,19.893,196.458,89.983,501.446,4062.782,5038.45,5.025,92.141,29.867,31.284,436,565.208,107.917,3640.0,1392.0,170.0,71.288,50.797,1.021,2070.0,1.21e+16,3.16e+16,2269999999999.976,3.01e+17,32501.54,103.563,926.0,155,882.65,39.35,0.21,31,-13.100000000000025,23.003225806451614,False,False,False,dry,O2,81,22,22_48,none
0.895,16.338,15.163,19.802,201.536,89.899,501.707,4030.614,5038.265,5.203,92.09,29.86,31.16,436,564.958,108.056,3640.0,1392.0,170.0,71.337,51.434,1.014,2070.0,2.08e+16,2e+17,1.25e+18,3.01e+17,32501.435,103.665,926.0,155,871.97,22.3,0.14,223,-13.009999999999993,3.197354260089686,False,False,False,dry,O2,81,22,22_21,none
1.393,16.914,15.168,20.243,200.45,90.098,500.449,4010.68,5013.034,5.058,92.12,29.862,23.657,436,559.462,108.092,3639.0,1332.0,299.0,71.228,51.127,1.04,2055.0,1.97e+16,8.13e+16,11899999999999.951,3.01e+17,32501.541,103.116,925.0,155,872.32,22.16,0.37,222,-12.17999999999995,3.208018018018018,False,False,False,dry,O2,81,22,22_22,none
0.823,16.673,14.903,19.933,201.34,90.245,501.303,4026.538,5033.238,5.04,91.596,30.013,28.687,436,551.686,107.841,3641.0,1477.0,213.0,71.295,51.319,1.021,2073.0,1.42e+16,1.18e+17,8.5e+17,3e+17,32500.433,103.04,926.0,155,872.48,22.21,0.24,224,-13.610000000000014,3.1857589285714285,False,False,False,dry,O2,87,22,22_23,none
0.898,17.069,14.809,19.893,204.627,90.114,504.694,4091.395,5114.217,4.974,93.73,30.041,55.158,405,507.498,110.187,3652.0,1526.0,363.0,71.066,52.089,0.958,2076.0,4540000000000000.0,2.17e+16,1.42e+16,3.01e+17,32300.636,105.208,917.0,158,876.0,22.19,-0.03,32,-8.710000000000036,22.1471875,True,False,False,dry,O2,225,23,23_52,Near-full
0.402,16.922,15.086,20.18,205.599,90.041,505.467,4112.722,5140.957,5.24,93.59,30.022,45.459,405,502.58,110.107,3634.0,1481.0,154.0,70.873,52.364,0.797,2089.0,4530000000000000.0,5580000000000000.0,9.75e+16,3.03e+17,32301.082,105.599,916.0,158,889.8,22.23,0.28,32,-8.92999999999995,22.1540625,False,False,False,dry,O2,51,23,23_53,none
0.687,16.633,15.143,20.052,204.894,89.974,504.924,4097.112,5121.572,5.146,93.803,29.882,43.456,405,493.879,110.226,3649.0,1588.0,330.0,71.041,52.192,0.85,2064.0,5900000000000000.0,4670000000000000.0,7690000000000000.0,3.01e+17,32305.291,105.485,916.0,158,878.06,22.25,0.34,32,-10.019999999999982,22.188125,False,False,False,dry,O2,186,23,23_54,none
0.705,16.54,14.884,19.976,199.881,90.057,499.74,3997.878,4997.261,5.049,91.864,29.88,25.806,436,556.554,108.519,3641.0,1439.0,198.0,71.315,51.316,1.155,2044.0,3020000000000000.0,2.16e+16,1.62e+17,2.99e+17,32502.314,103.149,924.0,155,871.69,22.24,-0.05,223,-13.110000000000014,3.1978026905829595,True,False,False,dry,O2,87,23,23_1,none
1.158,16.243,14.95,19.964,200.463,90.062,500.581,4010.068,5012.644,5.086,91.742,29.956,31.473,436,560.483,108.372,3643.0,1465.0,220.0,71.453,51.254,0.863,2077.0,1.71e+16,1.55e+17,6.19e+16,3.01e+17,32499.595,103.582,924.0,155,872.24,21.98,0.28,225,-14.210000000000036,3.174266666666667,False,False,False,dry,O2,96,23,23_2,none
1.122,16.632,15.041,20.025,200.651,90.122,500.687,4012.156,5015.517,5.123,91.65,30.029,29.507,436,548.932,108.419,3636.0,1311.0,102.0,71.468,51.262,1.026,2094.0,2.11e+16,652000000000000.1,1.13e+18,3e+17,32497.452,103.494,924.0,155,872.29,22.36,0.34,225,-14.720000000000027,3.176533333333333,False,False,False,dry,O2,24,23,23_3,none
0.684,16.263,14.912,20.026,200.791,90.074,500.731,4013.866,5017.367,5.057,91.892,30.003,26.779,436,554.704,108.642,3641.0,1407.0,177.0,71.345,51.441,1.007,2063.0,1.76e+16,1.72e+17,3.91e+17,3.01e+17,32499.272,103.705,924.0,156,872.34,22.18,0.14,225,-14.91999999999996,3.177422222222222,False,False,False,dry,O2,75,23,23_4,none
0.834,16.865,15.032,19.931,200.639,89.968,500.672,4013.876,5017.343,4.993,92.002,30.087,29.397,436,543.869,108.554,3648.0,1377.0,306.0,71.703,51.408,1.128,2076.0,1.32e+16,131000000000000.2,3.25e+17,3.01e+17,32499.138,103.457,924.0,155,872.34,22.1,0.16,226,-15.210000000000036,3.164646017699116,False,False,False,dry,O2,138,23,23_5,none
0.964,17.151,14.967,20.071,201.016,90.056,500.822,4019.378,5024.052,5.074,91.855,29.978,30.897,436,546.381,108.67,3652.0,1271.0,270.0,71.525,51.69,1.089,2066.0,4880000000000000.0,534999999999999.9,2.42e+17,3.01e+17,32499.579,103.743,924.0,156,872.67,22.04,0.23,226,-15.309999999999944,3.165088495575221,False,False,False,dry,O2,180,23,23_6,none
0.817,17.045,15.141,20.039,200.89,90.032,501.08,4020.444,5025.366,5.175,92.02,30.026,30.001,436,553.627,108.776,3640.0,1403.0,189.0,71.526,51.638,1.085,2064.0,7670000000000000.0,5640000000000000.0,2.74e+17,3e+17,32501.945,103.538,924.0,156,872.53,22.18,0.14,225,-14.519999999999982,3.1756444444444445,False,False,False,dry,O2,63,23,23_7,none
0.921,16.689,14.938,20.012,201.292,89.947,501.312,4026.933,5033.747,4.974,92.747,30.081,32.814,436,559.478,108.786,3640.0,1445.0,214.0,71.277,51.731,0.951,2069.0,1.43e+16,1.15e+17,8.54e+17,3.01e+17,32497.099,104.269,927.0,156,871.96,22.24,0.19,224,-13.149999999999975,3.183705357142857,False,False,False,dry,O2,93,23,23_8,none
0.891,17.109,14.914,20.161,204.599,89.816,504.513,4092.13,5115.491,4.941,93.95,30.032,49.763,436,542.611,110.354,3631.0,1423.0,160.0,70.651,52.274,1.141,2092.0,1.74e+16,1170000000000000.0,8.2e+16,2.99e+17,32503.382,105.939,932.0,159,873.08,22.27,0.2,218,-8.210000000000036,3.248669724770642,False,False,False,dry,O2,63,23,23_9,none
0.87,16.868,15.041,19.938,205.34,90.058,505.203,4105.68,5132.383,5.06,93.718,29.936,45.402,436,545.445,110.189,3646.0,1515.0,388.0,70.579,52.451,0.901,2039.0,1.79e+16,1.79e+16,9.74e+17,2.99e+17,32498.497,105.866,932.0,159,872.55,22.11,0.25,216,-5.889999999999986,3.268009259259259,False,False,False,dry,O2,228,23,23_10,Edge-Loc
0.704,15.845,15.052,19.811,205.311,89.844,505.145,4103.443,5129.493,5.082,93.859,29.908,42.518,436,547.613,110.446,3645.0,1452.0,373.0,70.63,52.262,1.052,2049.0,1.39e+16,7.44e+16,3.5e+17,3e+17,32500.132,106.09,927.0,159,872.14,22.23,0.05,217,-6.669999999999959,3.256543778801843,False,False,False,dry,O2,201,23,23_11,Edge-Loc
1.035,17.493,15.016,19.893,205.229,90.16,505.026,4104.292,5130.243,5.178,93.279,30.015,49.771,436,548.662,110.174,3650.0,1564.0,354.0,70.684,52.312,0.962,2038.0,1.63e+16,1.25e+16,915000000000000.0,3.01e+17,32498.89,105.776,915.0,159,872.99,22.13,0.16,216,-5.9500000000000455,3.2682870370370374,False,False,False,dry,O2,231,23,23_12,Loc
0.83,17.369,15.094,19.957,204.514,89.954,504.461,4091.231,5113.981,5.232,93.723,30.171,45.668,436,557.716,110.343,3638.0,1473.0,225.0,70.627,52.362,1.065,2051.0,5490000000000000.0,4570000000000.048,7820000000000.023,2.99e+17,32500.06,105.822,915.0,159,872.22,22.18,0.24,215,-4.7000000000000455,3.277674418604652,False,False,False,dry,O2,126,23,23_13,none
0.974,15.942,15.229,19.897,205.312,90.023,504.975,4102.437,5127.966,5.067,93.757,30.032,37.848,436,542.613,109.997,3634.0,1470.0,211.0,70.742,52.094,1.006,2058.0,1.58e+16,1.56e+17,8.55e+17,3e+17,32494.495,105.699,916.0,158,872.94,22.32,0.16,216,-5.7000000000000455,3.26712962962963,False,False,False,dry,O2,75,23,23_14,none
0.886,17.297,14.869,19.92,205.239,90.192,505.057,4102.513,5128.102,4.936,93.041,29.969,38.795,436,543.846,109.255,3637.0,1437.0,147.0,70.682,52.228,0.997,2083.0,1.31e+16,85199999999999.88,7129999999999.939,3e+17,32501.705,105.434,915.0,158,872.91,22.3,0.3,217,-7.0499999999999545,3.258294930875576,False,False,False,dry,O2,84,23,23_15,none
0.949,16.308,15.004,20.12,203.916,90.156,504.022,4078.749,5098.526,5.134,93.233,29.848,35.781,436,552.799,109.214,3650.0,1558.0,334.0,70.686,51.842,1.042,2040.0,1.02e+16,3.38e+16,1.57e+17,3e+17,32500.585,104.793,914.0,157,872.9,22.34,0.07,217,-6.8700000000000045,3.2574654377880186,False,False,False,dry,O2,225,23,23_16,Edge-Loc
0.93,17.123,14.918,19.907,204.365,90.028,504.234,4084.506,5105.485,4.922,93.165,30.019,34.675,436,550.738,109.395,3655.0,1553.0,388.0,70.698,51.986,1.032,2062.0,1.55e+16,6.97e+16,1.91e+16,3e+17,32496.455,104.754,911.0,157,872.09,22.23,0.18,216,-6.440000000000055,3.270555555555556,False,False,False,dry,O2,270,23,23_17,Center
1.15,17.752,15.033,20.052,203.709,89.941,503.654,4072.585,5090.619,5.058,92.798,29.891,37.66,436,559.092,109.255,3637.0,1492.0,242.0,70.523,51.907,1.064,2065.0,5190000000000000.0,9550000000000000.0,9600000000000000.0,3e+17,32502.884,104.758,910.0,157,871.46,22.0,0.16,214,-3.92999999999995,3.289392523364486,False,False,False,dry,O2,105,23,23_18,none
0.462,16.559,14.865,19.932,203.124,90.088,503.238,4065.988,5082.556,5.019,92.855,30.042,54.986,405,510.736,109.332,3636.0,1367.0,212.0,70.598,52.053,1.057,2078.0,1.6e+16,1.39e+17,2.8e+17,3e+17,32498.987,104.514,909.0,157,872.66,22.41,0.22,215,-4.840000000000032,3.278325581395349,False,False,False,dry,O2,87,23,23_19,none
1.033,16.199,15.001,19.995,203.689,90.046,503.589,4073.784,5092.277,5.211,92.951,30.073,47.545,405,503.098,109.174,3637.0,1436.0,248.0,70.352,51.821,1.069,2082.0,2360000000000000.0,2.31e+16,4.25e+16,3.01e+17,32503.085,104.694,909.0,157,872.43,22.08,0.31,214,-3.9500000000000455,3.2894859813084114,False,False,False,dry,O2,105,23,23_20,none
1.068,16.828,15.023,20.126,204.953,89.992,504.768,4097.843,5122.293,5.063,93.361,30.01,46.339,405,506.208,109.99,3635.0,1573.0,276.0,70.782,51.963,1.045,2068.0,7250000000000000.0,6.24e+16,1.58e+17,3.01e+17,32302.052,105.275,917.0,158,886.91,22.13,0.26,33,-7.169999999999959,21.42939393939394,False,False,False,dry,O2,75,23,23_51,none
1.183,17.018,15.08,19.907,204.247,90.042,504.504,4086.677,5108.53,5.065,93.62,29.93,45.08,405,504.532,109.705,3640.0,1665.0,183.0,70.893,52.041,1.162,2061.0,1.71e+16,7.19e+16,1.27e+17,3.01e+17,32299.31,105.158,913.0,158,879.52,22.18,0.31,34,-8.480000000000018,20.83764705882353,False,False,False,dry,O2,99,23,23_50,none
0.977,16.713,15.199,20.019,204.344,89.821,504.219,4084.338,5105.322,5.109,93.083,29.916,53.388,405,505.881,109.825,3635.0,1561.0,136.0,70.631,51.679,1.086,2074.0,1.51e+16,1.18e+17,2.29e+17,3e+17,32298.806,104.741,911.0,157,874.04,22.32,0.16,31,-5.67999999999995,22.763870967741934,False,False,False,dry,O2,72,23,23_49,none
0.654,16.558,15.081,19.988,203.199,89.763,503.271,4065.98,5082.423,5.259,93.205,30.041,48.98,405,516.953,109.296,3640.0,1390.0,225.0,70.631,51.923,0.955,2060.0,1.65e+16,5.78e+16,4.74e+17,3.01e+17,32496.083,104.656,909.0,157,874.92,22.17,0.01,32,-5.669999999999959,22.0521875,False,False,False,dry,O2,123,23,23_48,none
0.593,16.461,14.945,20.046,200.656,90.091,500.325,4008.961,5011.024,4.962,91.78,30.226,29.419,436,555.44,108.431,3642.0,1346.0,277.0,71.142,51.112,1.228,2084.0,1.63e+16,1.39e+17,9.07e+17,3e+17,32501.466,102.826,929.0,154,872.09,22.23,0.36,223,-12.25,3.193946188340808,False,False,False,dry,O2,120,22,22_24,none
0.855,17.513,14.926,20.146,200.697,89.975,500.502,4014.934,5018.686,5.034,91.854,29.843,25.944,436,559.473,108.375,3643.0,1409.0,221.0,71.392,51.216,0.968,2043.0,2690000000000000.0,4590000000000.231,1400000000000000.0,3.01e+17,32501.34,103.273,929.0,155,872.05,22.12,0.3,224,-13.480000000000018,3.185178571428572,False,False,False,dry,O2,114,22,22_25,none
0.889,16.159,15.159,19.984,200.7,89.996,500.671,4011.472,5014.487,5.066,91.495,30.111,29.089,436,553.303,108.002,3640.0,1464.0,203.0,71.431,51.126,0.993,2068.0,2.03e+16,1.45e+17,7.19e+17,3e+17,32498.733,102.933,925.0,154,871.96,21.97,0.21,224,-13.700000000000044,3.1861607142857147,False,False,False,dry,O2,72,22,22_26,none
0.863,16.804,14.965,20.134,199.72,90.064,499.831,3994.816,4993.412,4.997,91.039,29.873,20.342,436,552.431,108.122,3639.0,1471.0,161.0,71.314,51.233,1.09,2052.0,1.82e+16,1.82e+17,3.22e+17,3.01e+17,32501.262,103.156,924.0,155,872.16,22.3,0.26,223,-12.769999999999982,3.196278026905829,False,False,False,dry,O2,78,22,22_27,none
0.883,16.528,15.011,20.047,197.725,89.886,499.981,4035.445,4997.458,5.111,91.786,30.042,25.943,436,556.446,108.351,3641.0,1439.0,198.0,71.042,51.508,1.035,2044.0,3020000000000000.0,2.16e+16,6.48e+17,2.99e+17,32502.209,103.21,924.0,155,891.41,35.05,0.12,27,-13.059999999999944,26.409629629629627,False,False,False,dry,O2,30,23,23_28,none
1.494,16.504,15.121,20.041,197.815,90.001,500.544,3952.491,5012.614,5.021,91.79,30.079,31.493,436,560.357,108.526,3643.0,1465.0,175.0,71.34,51.313,0.989,2077.0,1.71e+16,1.55e+17,560999999999999.9,3.01e+17,32499.622,103.409,924.0,155,877.44,22.1,0.17,27,-14.33000000000004,26.456666666666667,False,False,False,dry,O2,48,23,23_29,none
1.191,16.493,14.965,20.119,199.147,89.868,500.618,3972.482,5015.719,5.071,91.677,30.077,29.367,436,549.117,108.859,3636.0,1311.0,202.0,71.38,50.941,0.935,2094.0,2.11e+16,652000000000000.1,3.01e+17,3e+17,32497.306,103.329,924.0,155,891.51,22.28,0.08,24,-14.870000000000005,29.78625,False,False,False,dry,O2,15,23,23_30,none
0.733,17.467,14.89,20.036,198.374,90.199,500.736,4017.347,5017.524,4.896,91.612,30.007,26.942,436,554.854,108.553,3641.0,1407.0,313.0,71.525,51.412,1.166,2063.0,1.76e+16,1.72e+17,3.91e+17,3.01e+17,32499.285,103.658,924.0,156,888.27,22.25,0.11,23,-14.75,31.07608695652174,False,False,False,dry,O2,75,23,23_31,none
1.343,16.165,14.92,19.833,198.754,89.905,500.544,4072.994,5017.425,5.02,91.875,29.979,29.296,436,543.614,108.518,3648.0,1377.0,224.0,71.278,51.425,0.899,2076.0,1.32e+16,130999999999999.95,3.25e+17,3.01e+17,32498.856,103.467,924.0,155,875.09,22.09,0.22,23,-15.210000000000036,31.09608695652174,False,False,False,dry,O2,138,23,23_32,none
1.903,18.864,15.049,19.853,200.839,90.002,501.076,4085.037,5024.031,4.876,91.933,30.044,30.976,436,546.374,108.656,3652.0,1271.0,333.0,71.615,51.278,1.108,2066.0,4880000000000000.0,535000000000000.2,2.42e+17,3.01e+17,32499.819,103.509,924.0,156,889.76,22.08,0.3,23,-15.269999999999982,31.098695652173912,False,False,False,dry,O2,54,23,23_33,none
1.32,19.036,14.909,20.173,201.13,89.818,500.996,4045.012,5025.517,5.205,92.029,30.163,30.036,436,553.418,108.884,3640.0,1403.0,269.0,71.544,51.529,1.059,2064.0,7670000000000000.0,5640000000000000.0,2.74e+17,3e+17,32501.797,103.75,924.0,156,887.89,22.4,0.31,24,-14.720000000000027,29.78,False,False,False,dry,O2,84,23,23_34,none
0.77,16.767,14.99,19.835,204.276,90.241,504.262,4084.217,5105.149,5.063,93.168,30.028,53.427,405,505.809,109.814,3635.0,1297.0,136.0,70.595,51.935,1.158,2074.0,1.51e+16,1.18e+17,2.29e+17,3e+17,32298.692,104.763,911.0,157,872.45,22.16,0.1,216,-5.710000000000036,3.267175925925926,False,False,False,dry,O2,72,23,23_22,none
0.623,13.865,14.96,20.072,201.205,90.05,501.356,4010.226,5033.44,5.057,92.56,30.147,32.833,436,559.546,108.735,3640.0,1445.0,216.0,71.308,51.66,0.925,2069.0,1.43e+16,1.15e+17,8.54e+17,3.01e+17,32496.98,104.284,927.0,156,888.43,22.22,0.03,25,-13.149999999999975,28.526,False,False,False,dry,O2,30,23,23_35,none
1.729,20.711,14.916,19.95,205.241,90.163,505.142,4105.789,5132.21,5.242,93.493,29.946,45.313,436,545.614,110.498,3646.0,1515.0,151.0,70.649,52.311,0.935,2039.0,1.79e+16,1.79e+16,9.74e+17,2.99e+17,32498.387,105.907,932.0,159,876.51,22.24,0.23,25,-6.019999999999982,28.2408,False,False,False,dry,O2,15,23,23_37,none
1.822,11.081,15.063,20.076,205.279,89.868,505.12,4103.579,5129.505,5.071,94.005,29.948,42.306,436,547.587,110.333,3645.0,1452.0,207.0,70.715,52.417,0.992,2049.0,1.39e+16,7.44e+16,3.5e+17,3e+17,32500.122,105.971,927.0,159,883.17,22.11,0.11,25,-6.32000000000005,28.2528,False,False,False,dry,O2,201,23,23_38,Edge-Loc
1.608,15.34,15.108,19.915,205.329,90.071,505.138,4104.278,5130.135,4.961,93.22,30.028,49.8,436,548.893,110.211,3650.0,1564.0,212.0,70.479,52.367,1.072,2038.0,1.63e+16,1.25e+16,915000000000000.0,3.01e+17,32498.952,105.861,915.0,159,891.52,22.3,0.04,25,-5.850000000000023,28.234,False,False,False,dry,O2,231,23,23_39,Loc
0.982,12.52,15.068,19.871,204.779,89.941,504.605,4091.076,5113.939,5.228,93.666,30.109,45.829,436,557.761,110.194,3658.0,1473.0,218.0,70.415,52.257,1.129,2031.0,5490000000000000.0,4570000000000.005,7819999999999.868,2.99e+17,32499.866,105.706,915.0,159,886.48,22.24,0.24,25,-4.710000000000036,28.1884,False,False,False,dry,O2,126,23,23_40,none
1.488,19.755,15.006,20.016,205.253,90.041,505.035,4102.615,5127.932,5.236,93.314,29.873,37.828,436,542.785,109.736,3645.0,1470.0,177.0,70.607,52.317,1.116,2047.0,1.58e+16,1.56e+17,8.55e+17,3e+17,32494.446,105.71,916.0,158,873.53,22.19,0.27,27,-5.779999999999973,26.14,False,False,False,dry,O2,75,23,23_41,none
0.929,15.898,14.955,20.061,205.122,90.172,505.169,4102.471,5127.966,5.118,93.001,29.887,38.879,436,543.832,109.432,3656.0,1437.0,221.0,70.671,52.102,1.095,2064.0,1.31e+16,85199999999999.86,7130000000000.109,3e+17,32501.645,105.456,915.0,158,886.18,22.25,0.28,28,-7.309999999999945,25.261071428571427,False,False,False,dry,O2,84,23,23_42,none
0.769,17.564,14.976,20.213,203.933,89.926,504.133,4078.696,5098.53,5.164,93.375,29.956,35.844,436,552.777,109.25,3646.0,1558.0,175.0,70.662,51.969,1.065,2044.0,1.02e+16,3.38e+16,1.57e+17,3e+17,32500.384,104.808,914.0,157,887.49,22.14,0.37,32,-6.960000000000036,22.0925,False,False,False,dry,O2,225,23,23_43,Edge-Loc
1.383,16.361,15.11,19.756,204.476,90.023,504.251,4084.492,5105.477,4.963,93.081,30.158,34.658,436,550.768,109.221,3648.0,1553.0,388.0,70.7,51.898,1.092,2069.0,1.55e+16,6.97e+16,1.91e+16,3e+17,32496.505,104.772,911.0,157,881.93,22.25,0.08,32,-6.57000000000005,22.0803125,False,False,False,dry,O2,270,23,23_44,Center
1.952,17.83,14.969,20.07,203.439,89.989,503.624,4072.477,5090.776,5.095,92.802,30.108,37.658,436,559.198,109.421,3655.0,1709.0,242.0,70.451,51.717,1.08,2047.0,5190000000000000.0,9550000000000000.0,9600000000000000.0,3e+17,32502.81,104.811,910.0,157,891.25,22.03,0.13,32,-3.759999999999991,21.9925,False,False,False,dry,O2,105,23,23_45,none
1.473,16.479,15.125,20.008,203.144,90.044,503.257,4065.81,5082.447,5.085,92.906,30.034,54.939,405,510.545,109.366,3655.0,1468.0,212.0,70.61,51.85,1.051,2059.0,1.6e+16,1.39e+17,2.8e+17,3e+17,32498.675,104.869,909.0,157,874.52,22.27,0.3,32,-4.860000000000014,22.026875,False,False,False,dry,O2,87,23,23_46,none
0.512,15.834,14.889,20.081,203.554,90.077,503.753,4073.602,5092.26,5.009,92.832,30.032,47.534,405,503.131,109.116,3643.0,1466.0,248.0,70.341,52.079,0.896,2076.0,2360000000000000.0,2.31e+16,4.25e+16,3.01e+17,32503.019,104.573,909.0,157,884.48,22.07,0.28,31,-3.830000000000041,22.7041935483871,False,False,False,dry,O2,105,23,23_47,none
0.805,18.636,15.005,19.968,204.792,89.994,504.737,4092.215,5115.443,5.113,93.915,30.034,49.834,436,542.366,110.402,3631.0,1423.0,236.0,70.869,52.279,1.074,2092.0,1.74e+16,1170000000000000.0,8.2e+16,2.99e+17,32503.353,105.854,932.0,159,874.29,22.09,0.26,25,-8.049999999999955,28.322,False,False,False,dry,O2,48,23,23_36,none
1.361,14.562,15.033,19.973,199.374,89.985,497.108,3985.661,5047.926,5.033,92.333,29.967,38.687,405,522.093,106.617,3621.0,1498.0,245.0,70.223,50.463,1.104,2122.0,8560000000000000.0,6.81e+16,6.64e+17,3.02e+17,30426.884,104.284,892.0,158,1119.43,32.43,0.24,65,-6.330000000000041,10.866615384615386,False,False,False,dry,O2,15,12,12_47,none
1.141,17.385,15.06,19.868,198.935,90.073,498.855,3975.406,4969.237,4.942,90.868,29.833,56.571,405,514.518,108.816,3700.0,1647.0,599.0,71.995,51.796,1.125,2007.0,4770000000000000.0,5100000000000000.0,5.09e+16,3.01e+17,32467.87,104.411,863.0,157,874.3,22.38,0.28,228,-18.17999999999995,3.1499122807017543,False,False,False,dry,O2,492,25,25_23,Edge-Loc
0.763,16.668,15.087,19.92,199.296,90.119,499.412,3989.226,4986.398,4.936,91.067,29.959,56.195,405,513.645,109.67,3660.0,1381.0,190.0,71.79,51.985,1.119,2052.0,1.75e+16,1.74e+17,4.08e+16,2.99e+17,32471.537,105.207,861.0,158,874.59,22.63,0.4,229,-18.57000000000005,3.1378602620087337,False,False,False,dry,O2,84,25,25_25,none
1.72,18.892,14.927,20.123,197.51,89.927,497.587,3950.684,4938.148,4.966,89.613,30.142,60.562,405,516.392,107.442,3650.0,1452.0,307.0,71.255,51.109,1.094,2036.0,4580000000000000.0,1180000000000000.0,2.65e+17,3e+17,32553.594,102.275,906.0,154,1288.46,44.88,0.19,23,-12.690000000000056,30.98652173913044,False,False,False,wet,H2O,156,27,27_36,none
1.025,18.827,14.898,20.16,197.315,89.936,497.65,3947.476,4934.417,4.898,89.769,29.863,64.954,405,521.577,107.303,3649.0,1417.0,249.0,71.68,50.904,0.96,2077.0,2.07e+16,1870000000000000.0,5.45e+17,3e+17,32542.673,102.487,906.0,154,1294.44,45.16,0.18,23,-17.220000000000027,31.183478260869567,False,False,False,wet,H2O,93,27,27_37,none
1.428,13.786,15.074,20.066,197.358,90.027,497.298,3947.304,4933.931,4.821,89.808,29.989,62.957,405,521.711,107.233,3640.0,1420.0,167.0,71.285,50.97,0.843,2065.0,1.85e+16,6.74e+16,8730000000000000.0,3e+17,32527.064,102.411,906.0,154,1280.22,45.02,0.33,23,-12.129999999999995,30.96217391304348,False,False,False,wet,H2O,60,27,27_38,none
1.207,18.677,14.915,19.92,197.637,90.047,497.84,3953.778,4942.354,5.06,90.328,30.135,60.825,405,521.393,107.328,3643.0,1476.0,252.0,71.247,51.166,1.102,2053.0,9420000000000000.0,2.75e+16,8.2e+16,3.01e+17,32568.376,102.849,907.0,154,1289.28,45.37,0.18,24,-10.539999999999964,29.605833333333333,False,False,False,wet,H2O,102,27,27_39,none
0.923,20.568,14.978,19.825,197.636,90.186,497.576,3949.679,4937.154,5.114,90.382,29.939,54.472,405,509.61,108.469,3647.0,1439.0,238.0,71.47,51.174,1.022,2044.0,6070000000000000.0,1670000000000.024,406999999999.915,2.99e+17,32568.019,102.605,902.0,154,1292.02,45.2,0.02,25,-15.299999999999956,28.612,False,False,False,wet,H2O,84,27,27_40,none
1.321,11.31,14.971,20.038,198.7,90.087,498.699,3971.536,4964.444,4.806,89.967,29.933,58.664,405,520.07,108.332,3639.0,1352.0,136.0,71.12,51.321,1.168,2045.0,9280000000000000.0,3.51e+16,2420000000000000.0,3e+17,32559.339,103.094,902.0,155,1289.37,45.13,-0.0,25,-10.659999999999968,28.4264,True,False,False,wet,H2O,57,27,27_41,none
1.942,15.371,15.129,20.099,198.56,90.006,498.634,3972.578,4965.64,4.949,90.258,30.016,58.078,405,520.849,107.554,3644.0,1362.0,147.0,71.66,51.289,1.182,2089.0,9660000000000000.0,9.2e+16,2.24e+17,3.01e+17,32554.622,102.93,903.0,154,1288.64,45.38,0.31,25,-15.190000000000056,28.6076,False,False,False,wet,H2O,54,27,27_42,none
1.349,12.571,15.102,19.896,198.226,89.87,498.298,3964.408,4955.848,4.976,90.495,30.079,61.032,405,521.222,107.748,3645.0,1329.0,149.0,71.731,51.073,1.115,2087.0,2160000000000000.0,1.26e+16,1.59e+16,2.99e+17,32552.811,103.096,902.0,154,1286.38,45.08,0.17,25,-17.340000000000032,28.6936,False,False,False,wet,H2O,51,27,27_43,none
0.771,19.726,15.054,19.897,198.219,90.001,498.103,3964.856,4956.166,4.967,89.806,30.133,62.679,405,507.87,107.065,3641.0,1362.0,186.0,70.98,50.644,1.114,2084.0,4730000000000000.0,1.47e+16,40400000000000.016,3.02e+17,32545.159,102.201,894.0,153,1294.01,45.11,0.39,25,-10.82000000000005,28.4328,False,False,False,wet,H2O,54,27,27_44,none
0.552,16.236,15.028,20.061,197.57,90.086,497.458,3952.637,4940.862,5.017,89.778,30.011,55.113,405,509.432,108.24,3655.0,1361.0,316.0,71.907,50.986,1.117,2055.0,6170000000000000.0,4.01e+16,194242040.497,3.02e+17,32551.709,102.291,903.0,153,1277.22,45.2,0.28,25,-18.91999999999996,28.7568,False,False,False,wet,H2O,132,27,27_45,none
1.801,17.577,15.245,19.914,197.694,89.898,497.611,3951.952,4939.894,4.82,89.979,30.013,57.986,405,516.102,107.677,3656.0,1542.0,228.0,71.784,51.187,1.031,2085.0,1.11e+16,1.04e+17,3.33e+16,2.99e+17,32445.95,102.633,903.0,154,1281.16,32.79,0.11,27,-18.71000000000004,26.61888888888889,False,False,False,wet,H2O,147,27,27_46,none
1.89,16.488,14.966,19.922,197.856,90.142,497.754,3954.959,4943.75,5.095,89.864,29.86,60.303,405,520.181,107.692,3653.0,1495.0,227.0,71.889,51.048,1.09,2053.0,1.04e+16,9.81e+16,6.21e+17,3e+17,32439.018,102.904,903.0,154,1292.64,31.82,0.22,28,-19.649999999999977,25.701785714285712,False,False,False,wet,H2O,99,27,27_47,none
1.737,14.368,14.899,19.888,197.766,90.03,497.673,3953.391,4941.515,4.861,89.823,29.817,53.272,405,508.8,108.291,3655.0,1378.0,231.0,72.27,51.202,0.93,2051.0,1.29e+16,1.22e+17,7.34e+16,3.02e+17,32451.219,102.989,903.0,154,1294.61,39.49,0.27,29,-21.059999999999945,24.86413793103448,False,False,False,wet,H2O,108,27,27_48,none
0.771,16.694,14.799,19.979,197.235,90.163,497.095,3943.663,4929.33,4.897,89.47,29.987,60.567,405,520.562,107.835,3650.0,1366.0,242.0,71.772,51.267,1.204,2089.0,8020000000000000.0,2.42e+16,4.68e+17,2.99e+17,32459.03,102.836,903.0,154,1288.18,32.84,0.35,29,-17.870000000000005,24.75413793103448,False,False,False,wet,H2O,96,27,27_49,none
1.298,11.377,15.097,20.016,196.999,89.791,497.159,3940.945,4926.309,4.867,89.679,30.016,60.883,405,470.666,107.64,3650.0,1465.0,221.0,71.825,51.248,0.925,2043.0,1.92e+16,1530000000000000.0,8.97e+17,3e+17,32453.155,102.685,903.0,154,1290.38,38.28,0.32,29,-19.08000000000004,24.79586206896552,False,False,False,wet,H2O,81,27,27_50,none
0.878,17.363,14.942,20.06,197.376,89.934,497.373,3948.294,4935.227,4.906,89.484,29.949,56.735,405,473.166,107.981,3647.0,1431.0,176.0,71.83,51.227,0.976,2049.0,6180000000000000.0,5980000000000000.0,106999999999999.98,3.01e+17,32456.964,102.804,903.0,154,1295.42,39.99,0.26,30,-18.610000000000014,23.953666666666667,False,False,False,wet,H2O,57,27,27_51,none
0.734,20.402,15.078,19.836,197.284,89.985,497.304,3944.052,4930.162,4.955,89.775,30.033,61.015,405,479.42,107.751,3661.0,1420.0,361.0,72.594,51.073,0.955,2065.0,5250000000000000.0,471000000000000.0,26099999999999.883,3.01e+17,32552.948,102.89,903.0,154,1280.09,35.65,0.1,30,-24.049999999999955,24.135,False,False,False,wet,H2O,54,27,27_52,none
1.271,19.565,14.83,20.038,197.282,90.084,497.343,3946.358,4932.751,4.928,89.688,30.016,60.938,405,472.156,107.632,3656.0,1434.0,275.0,71.952,51.175,1.029,2046.0,1.41e+16,1.1e+17,2.31e+17,3.01e+17,32658.82,102.887,903.0,154,1276.3,28.76,0.15,30,-19.46000000000004,23.982000000000003,False,False,False,wet,H2O,84,27,27_53,none
2.036,19.865,14.82,20.096,197.214,89.976,497.243,3945.07,4931.478,4.999,89.9,29.973,54.144,405,473.547,108.249,3644.0,1374.0,140.0,71.687,51.44,0.989,2087.0,1.56e+16,4060000000000000.0,7.31e+16,2.99e+17,32771.256,103.353,902.0,155,1290.23,34.43,0.17,30,-16.92999999999995,23.897666666666662,False,False,False,wet,H2O,30,27,27_54,none
0.672,12.328,15.043,20.262,199.52,89.947,497.341,4023.333,5091.119,4.862,92.082,29.865,36.875,405,517.742,105.381,3658.0,1555.0,362.0,72.249,51.114,1.075,2026.0,9270000000000000.0,8.88e+16,8.1e+17,3.01e+17,31617.629,104.382,891.0,152,936.0,33.45,0.16,66,-2.509999999999991,10.64409090909091,False,False,False,wet,H2O,96,7,7_1,none
1.325,18.427,15.126,20.127,195.977,90.083,498.143,4067.971,4863.063,5.004,91.283,29.93,51.261,365,483.842,106.836,3638.0,1438.0,180.0,72.42,50.498,0.894,2082.0,1.45e+16,1.71e+17,6.85e+17,3.01e+17,31073.289,104.112,894.0,155,1057.96,32.66,0.2,95,-2.909999999999968,7.399052631578947,False,False,False,wet,H2O,79,7,7_2,none
0.725,14.923,15.091,19.844,200.448,90.016,496.877,4107.989,4993.701,5.019,92.199,30.021,41.198,436,516.901,106.708,3655.0,1530.0,397.0,71.381,51.132,0.962,2058.0,8320000000000000.0,1.34e+17,8.38e+17,3.03e+17,30527.008,105.158,914.0,153,1033.41,35.49,-0.03,121,-10.940000000000056,5.875537190082645,True,False,False,wet,H2O,61,7,7_3,none
1.879,17.604,14.845,19.813,201.651,90.015,500.049,3956.627,4867.413,5.134,93.614,30.074,35.822,405,489.733,105.777,3666.0,1479.0,228.0,68.969,51.143,0.952,2031.0,1.96e+16,9.82e+16,6.89e+17,3e+17,31488.869,101.44,919.0,155,1176.97,41.16,0.24,65,-2.67999999999995,10.81046153846154,False,False,False,wet,H2O,60,7,7_4,none
1.786,16.252,14.996,19.896,197.86,89.977,497.943,3956.373,4945.502,5.022,89.891,30.034,62.968,405,523.647,107.14,3649.0,1523.0,262.0,71.179,51.164,0.946,2060.0,1.85e+16,708000000000000.0,4.44e+16,3e+17,32547.022,103.12,906.0,154,1286.41,44.97,0.24,24,-11.590000000000032,29.649583333333336,False,False,False,wet,H2O,15,27,27_35,none
0.96,12.548,14.919,20.097,200.336,89.783,506.217,3959.699,5028.847,5.074,92.398,29.875,41.881,405,523.859,105.576,3657.0,1483.0,256.0,69.7,51.539,1.0,2046.0,6850000000000000.0,1.39e+17,5.96e+17,3e+17,32340.526,102.595,920.0,154,1060.96,42.7,0.26,83,-8.42999999999995,8.535301204819277,False,False,False,dry,O2,105,7,7_5,none
1.61,17.332,15.092,20.146,198.98,89.979,499.015,3979.221,4973.982,4.989,90.171,30.035,58.597,405,506.533,107.903,3646.0,1439.0,248.0,71.151,50.892,0.934,2087.0,1.76e+16,414000000000000.2,2610000000000.031,3.01e+17,32556.534,102.369,906.0,153,1284.83,44.79,0.31,27,4.279999999999973,25.767407407407408,False,False,False,wet,H2O,48,27,27_34,none
1.188,18.603,15.201,20.006,199.43,90.055,499.46,3988.854,4985.938,4.986,90.62,30.02,58.511,405,507.922,108.107,3655.0,1584.0,266.0,71.679,51.218,1.032,2077.0,4320000000000000.0,2070000000000000.0,88400000000000.06,3.02e+17,32546.555,102.952,913.0,155,1287.8,44.93,0.11,27,-18.21000000000004,26.60037037037037,False,False,False,wet,H2O,84,27,27_32,none
0.745,17.45,15.027,20.096,198.257,89.932,498.564,4010.341,4814.461,5.198,91.795,30.001,56.294,405,542.202,107.604,3698.0,1411.0,287.0,70.572,52.025,1.03,2011.0,6910000000000000.0,1.18e+17,7.9e+17,3e+17,31613.324,103.193,867.0,154,1151.16,28.26,0.24,166,-15.279999999999973,4.308915662650603,False,False,False,dry,O2,180,7,7_35,none
1.213,16.568,15.285,20.12,200.552,90.039,495.485,3971.478,4982.533,4.935,91.916,29.935,42.521,365,483.143,111.4,3644.0,1442.0,230.0,70.801,51.377,1.049,2072.0,2e+16,1.35e+17,6.04e+17,2.99e+17,31933.303,100.908,891.0,153,992.51,39.94,0.23,156,0.1299999999999954,4.486346153846154,False,False,False,wet,H2O,71,7,7_36,none
0.754,16.332,15.261,20.003,204.529,89.886,494.436,3989.677,5046.792,5.175,93.828,30.039,46.745,405,529.479,107.382,3666.0,1493.0,521.0,70.543,51.191,1.08,2080.0,1.21e+16,1.46e+17,9.9e+17,3.01e+17,32573.069,102.486,884.0,153,970.68,32.54,0.18,44,-14.399999999999975,16.236363636363635,False,False,False,dry,O2,97,7,7_37,none
0.487,14.225,14.989,20.139,200.575,89.939,498.29,4093.871,4975.665,5.062,91.887,29.88,33.568,405,500.116,107.687,3645.0,1586.0,378.0,71.461,50.763,0.906,2060.0,1.28e+16,1.39e+17,5.17e+17,2.98e+17,30988.831,103.537,882.0,155,1193.74,32.47,0.22,148,-12.139999999999986,4.811756756756757,False,False,False,wet,H2O,91,7,7_38,none
1.123,11.206,15.235,20.096,193.778,90.166,505.889,3972.97,5021.796,5.019,91.907,29.984,39.457,365,504.586,108.524,3653.0,1598.0,333.0,71.505,51.17,0.981,2063.0,1.24e+16,1.66e+17,9.27e+16,2.99e+17,31246.789,104.065,891.0,153,1087.79,22.73,0.22,109,6.1200000000000045,6.365871559633027,False,False,False,wet,H2O,92,7,7_39,none
0.794,15.959,14.92,20.064,198.963,89.946,502.479,3990.679,4893.254,5.057,92.594,30.099,35.946,365,481.704,106.187,3663.0,1421.0,409.0,70.666,51.723,0.836,2063.0,2.33e+16,1.27e+17,6.36e+17,3e+17,31441.808,101.254,914.0,152,1097.83,35.08,0.23,94,4.740000000000009,7.3963829787234046,False,False,False,dry,O2,56,7,7_40,none
1.44,14.293,15.012,20.03,195.025,90.035,502.602,4011.34,5027.288,5.179,92.656,29.987,44.533,405,533.461,107.435,3654.0,1339.0,359.0,69.711,51.533,1.032,2062.0,1.56e+16,1.38e+17,3.54e+17,3.01e+17,31784.559,98.691,879.0,155,1030.88,33.69,0.15,145,-37.38999999999999,5.085448275862069,False,False,False,dry,O2,112,7,7_41,none
2.362,15.67,15.07,20.112,198.537,90.154,501.916,3985.604,4931.436,4.908,91.338,30.063,42.26,436,513.962,106.981,3660.0,1312.0,171.0,69.969,50.468,0.973,2061.0,1.55e+16,6.93e+16,5.6e+17,3e+17,32590.43,100.704,887.0,154,1119.34,34.17,0.11,147,10.720000000000027,4.688979591836734,False,False,False,wet,H2O,92,7,7_42,none
2.188,15.96,14.906,19.988,205.718,90.012,499.488,4022.269,4957.137,4.777,93.897,30.066,58.427,405,490.139,107.985,3642.0,1428.0,265.0,70.573,51.119,1.018,2050.0,1.08e+16,2.16e+16,7.04e+16,3e+17,30585.359,102.818,915.0,155,1173.9,41.65,0.26,173,-8.970000000000027,4.098092485549133,False,False,False,wet,H2O,72,7,7_43,none
2.022,18.254,15.084,19.891,201.237,89.768,505.561,4012.983,4970.112,5.093,91.526,29.843,40.7,365,512.475,109.547,3652.0,1284.0,366.0,69.737,52.154,1.118,2072.0,1.17e+16,6.61e+16,3.31e+17,3.01e+17,31756.452,104.699,922.0,151,1169.38,44.42,0.14,203,-13.779999999999973,3.51615763546798,False,False,False,dry,O2,81,7,7_44,none
0.479,14.364,14.722,20.042,197.833,90.241,504.233,4074.759,5024.163,4.942,95.334,29.997,39.466,365,498.177,107.086,3654.0,1562.0,417.0,71.196,51.778,0.877,2069.0,1.1e+16,1.68e+17,5.63e+17,3.01e+17,31410.592,104.378,905.0,154,1041.69,40.86,0.22,114,-4.600000000000023,6.180701754385965,False,False,False,dry,O2,136,7,7_46,none
0.901,15.113,14.853,20.034,197.423,89.866,500.116,3975.891,4944.313,4.627,90.558,29.915,39.916,405,486.923,108.241,3677.0,1482.0,357.0,69.474,51.102,0.964,2063.0,9310000000000000.0,7.49e+16,3.28e+17,3.01e+17,32178.904,102.672,909.0,157,1190.13,30.47,0.13,24,-21.019999999999985,30.0425,False,False,False,dry,O2,123,7,7_47,none
1.673,9.523,15.031,19.912,204.168,89.984,500.484,4040.827,4900.184,5.05,92.857,29.937,48.356,436,479.012,108.082,3644.0,1520.0,315.0,71.054,51.459,1.044,2055.0,1.68e+16,7.88e+16,6.86e+17,3.01e+17,33085.215,101.101,858.0,153,1114.18,31.11,0.23,187,-13.58000000000004,3.8159358288770058,False,False,False,wet,H2O,112,7,7_48,none
1.285,13.993,14.689,19.914,201.183,89.987,495.004,3957.037,5065.16,4.904,90.247,29.873,60.988,365,524.836,108.732,3690.0,1284.0,369.0,71.247,50.664,1.021,2039.0,1.45e+16,1.32e+17,1.1e+17,3.03e+17,30972.56,104.662,904.0,155,1010.68,36.93,0.07,80,-12.539999999999964,8.906749999999999,False,False,False,wet,H2O,101,7,7_49,none
1.13,15.18,15.001,20.081,199.17,89.948,499.273,4070.513,4894.738,4.91,91.639,30.004,46.879,365,504.726,108.2,3641.0,1511.0,496.0,71.198,50.741,0.913,2096.0,9390000000000000.0,1.77e+17,6.66e+17,3.01e+17,31807.676,102.364,932.0,155,1049.39,35.5,0.14,32,-14.33000000000004,22.3228125,False,False,False,dry,O2,78,7,7_50,none
1.282,18.178,14.905,20.037,204.162,89.886,501.227,4152.784,5084.513,4.88,93.445,29.984,41.342,365,548.746,107.639,3639.0,1429.0,348.0,71.171,50.611,0.975,2071.0,5630000000000000.0,1.28e+17,9.87e+17,3e+17,30912.666,103.033,928.0,156,1015.96,38.4,0.33,148,-15.340000000000032,4.833378378378379,False,False,False,dry,O2,71,7,7_51,none
1.565,15.569,15.032,19.894,200.642,90.2,493.288,4022.813,5047.535,4.869,92.541,30.115,38.473,405,512.539,107.763,3672.0,1516.0,182.0,71.202,51.01,1.025,2026.0,1.47e+16,1.69e+17,7.68e+17,3.03e+17,32605.103,104.051,891.0,152,1183.76,28.42,0.23,173,-13.269999999999982,4.122947976878613,False,False,False,wet,H2O,66,7,7_52,none
1.284,15.133,15.018,20.078,200.713,89.834,507.388,4003.622,5053.992,5.022,91.388,30.048,34.403,365,539.45,106.879,3660.0,1449.0,596.0,71.162,50.645,0.99,2083.0,8720000000000000.0,3.87e+16,7.66e+17,2.98e+17,31458.028,103.172,904.0,156,1078.2,43.13,0.04,116,-14.450000000000044,6.159051724137932,False,False,False,wet,H2O,163,7,7_53,none
1.142,19.536,15.072,20.019,201.669,89.992,501.324,3963.492,5128.65,4.977,92.742,30.078,42.142,365,494.403,109.029,3693.0,1598.0,491.0,71.159,51.291,1.219,2047.0,1.32e+16,5.76e+16,5.47e+17,2.99e+17,32346.36,100.345,913.0,151,1114.18,37.91,0.3,122,-10.350000000000025,5.822540983606557,False,False,False,dry,O2,187,7,7_54,none
1.0,18.022,15.154,19.909,201.713,89.881,501.567,4033.686,5042.079,5.098,92.089,30.042,,405,,,,,,72.336,51.818,1.114,,,,,3e+17,32437.917,104.472,,157,1289.65,44.86,0.15,30,-22.94000000000005,24.098000000000003,False,False,False,wet,H2O,666,27,27_28,Loc
0.738,15.902,14.781,20.011,203.084,89.9,503.042,4060.334,5075.412,5.015,92.769,29.883,50.679,405,495.879,109.767,3659.0,1360.0,172.0,71.728,51.867,1.007,2049.0,1.12e+16,4.36e+16,72150123624.008,3.01e+17,32456.444,104.474,861.0,157,1292.12,44.93,0.33,28,-18.090000000000032,25.646071428571428,False,False,False,wet,H2O,72,27,27_29,none
1.168,20.062,14.822,19.949,204.487,90.0,504.267,4084.789,5106.146,5.163,93.131,30.075,45.914,405,501.559,110.133,3658.0,1435.0,288.0,71.845,51.957,1.048,2047.0,2.15e+16,1.05e+17,6.25e+16,3.01e+17,32452.827,105.1,860.0,158,1282.59,44.99,0.36,31,-18.149999999999977,23.166129032258063,False,False,False,wet,H2O,66,27,27_30,none
1.52,20.239,15.19,20.129,203.439,89.953,503.546,4070.302,5087.812,5.033,92.721,30.04,46.563,405,508.491,109.745,3665.0,1407.0,243.0,72.189,51.893,0.961,2063.0,1.53e+16,23700000000000.008,235000000000000.1,3e+17,32423.266,104.911,860.0,157,1293.69,44.83,0.28,30,-21.769999999999985,24.059,False,False,False,wet,H2O,54,27,27_31,none
1.177,17.33,15.042,20.276,199.441,90.033,499.566,3990.176,4987.835,5.026,90.577,30.139,53.992,405,511.298,108.248,3645.0,1511.0,213.0,71.381,51.381,0.888,2070.0,6660000000000000.0,5580000000000000.0,1.9e+16,3e+17,32555.825,103.46,910.0,155,1285.42,44.83,0.12,27,-13.480000000000018,26.425185185185185,False,False,False,wet,H2O,30,27,27_33,none
1.536,18.507,14.962,20.041,204.875,90.085,495.477,3998.264,5002.173,5.141,93.196,30.031,35.568,405,490.899,109.492,3649.0,1546.0,372.0,71.107,51.962,0.953,2070.0,9300000000000000.0,1.24e+17,1.11e+18,3.02e+17,31485.287,103.908,914.0,153,951.97,36.18,0.24,106,-5.269999999999982,6.653490566037736,False,False,False,dry,O2,118,7,7_6,none
1.238,17.45,14.883,20.173,197.839,89.917,504.957,3985.931,5126.783,5.079,92.667,29.981,32.386,365,547.037,109.569,3624.0,1518.0,374.0,70.557,51.727,1.117,2062.0,1.28e+16,3.26e+16,7.46e+17,3e+17,32281.273,103.732,899.0,157,1059.93,34.9,0.52,178,-11.759999999999993,3.9986516853932574,False,False,False,dry,O2,112,7,7_7,none
0.736,17.461,15.038,20.057,198.278,89.981,500.845,3926.7,4814.673,5.03,91.851,30.235,56.387,405,541.946,107.509,3698.0,1411.0,287.0,70.296,52.03,0.985,2011.0,6910000000000000.0,1.18e+17,7.9e+17,3e+17,31613.25,103.049,867.0,154,1148.82,28.22,0.03,166,-15.33000000000004,4.30921686746988,False,False,False,dry,O2,180,7,7_8,none
1.696,19.506,14.981,20.121,197.375,89.889,497.402,3947.134,4933.984,5.039,89.983,29.892,62.769,405,521.724,107.279,3640.0,1420.0,167.0,71.197,50.981,0.963,2065.0,1.85e+16,6.74e+16,8730000000000000.0,3e+17,32527.066,102.465,906.0,154,1278.22,45.17,0.31,23,-12.289999999999964,30.96913043478261,False,False,False,wet,H2O,60,27,27_11,none
1.478,19.699,14.846,20.149,197.645,89.938,497.737,3953.922,4942.405,4.919,90.242,29.808,60.79,405,521.267,107.133,3643.0,1476.0,252.0,70.974,51.129,1.198,2053.0,9420000000000000.0,2.75e+16,8.2e+16,3.01e+17,32568.552,102.971,907.0,154,1279.03,45.34,0.34,24,-10.149999999999975,29.589583333333334,False,False,False,wet,H2O,102,27,27_12,none
1.532,17.522,15.152,19.945,197.487,90.12,497.544,3949.861,4937.15,5.031,90.327,29.939,54.416,405,509.493,108.525,3647.0,1439.0,238.0,71.597,51.205,1.126,2044.0,6070000000000000.0,1670000000000.107,406999999999.911,2.99e+17,32567.841,102.83,902.0,154,1281.37,45.17,0.36,25,-15.450000000000044,28.618,False,False,False,wet,H2O,84,27,27_13,none
1.048,19.976,14.977,19.941,198.553,89.925,498.423,3971.63,4964.395,5.017,89.94,29.965,58.889,405,520.019,108.289,3639.0,1352.0,136.0,71.053,51.368,1.133,2045.0,9280000000000000.0,3.51e+16,2420000000000000.0,3e+17,32559.208,103.268,902.0,155,1276.51,45.2,0.13,25,-10.639999999999986,28.4256,False,False,False,wet,H2O,57,27,27_14,none
0.785,19.914,15.178,20.027,198.519,90.106,498.619,3972.284,4965.454,5.047,90.319,30.072,58.1,405,520.945,107.631,3644.0,1362.0,147.0,71.552,51.112,1.028,2089.0,9660000000000000.0,9.2e+16,2.24e+17,3.01e+17,32554.62,102.888,903.0,154,1274.28,45.11,0.34,25,-15.360000000000014,28.6144,False,False,False,wet,H2O,54,27,27_15,none
1.129,19.501,14.899,19.965,198.293,90.26,498.324,3964.413,4955.533,5.032,90.285,30.151,61.078,405,521.391,107.618,3645.0,1329.0,149.0,71.737,51.087,0.943,2087.0,2160000000000000.0,1.26e+16,1.59e+16,2.99e+17,32552.78,102.776,902.0,154,1269.66,44.97,0.12,25,-17.25,28.69,False,False,False,wet,H2O,51,27,27_16,none
1.065,18.045,15.107,20.013,198.22,90.07,498.206,3964.99,4955.984,4.86,89.7,30.01,62.875,405,507.794,106.97,3641.0,1362.0,186.0,70.95,50.777,1.127,2084.0,4730000000000000.0,1.47e+16,40400000000000.05,3.02e+17,32545.334,102.136,894.0,153,1278.9,45.26,0.4,25,-10.840000000000032,28.4336,False,False,False,wet,H2O,55,27,27_17,none
1.262,17.457,14.954,19.955,197.794,89.996,497.519,3952.756,4940.815,5.06,90.144,29.903,55.223,405,509.336,108.383,3655.0,1361.0,316.0,71.818,50.959,0.982,2055.0,6170000000000000.0,4.01e+16,194242040.538,3.02e+17,32551.828,102.141,903.0,153,1272.14,45.1,0.14,25,-18.66999999999996,28.7468,False,False,False,wet,H2O,132,27,27_18,none
1.518,15.15,15.134,20.065,197.57,90.078,497.411,3951.873,4939.701,5.052,89.905,29.963,57.683,405,516.149,107.717,3656.0,1542.0,228.0,71.702,50.847,1.092,2085.0,1.11e+16,1.04e+17,3.33e+16,2.99e+17,32445.9,102.83,903.0,154,1277.18,45.06,0.18,27,-18.559999999999945,26.61333333333333,False,False,False,wet,H2O,147,27,27_19,none
1.093,15.444,14.996,19.907,197.655,89.922,497.77,3955.05,4943.754,4.888,90.029,30.039,60.358,405,520.107,107.735,3653.0,1495.0,227.0,71.955,51.093,0.989,2053.0,1.04e+16,9.81e+16,6.21e+17,3e+17,32439.102,102.889,903.0,154,1276.94,45.16,0.33,28,-19.83000000000004,25.708214285714288,False,False,False,wet,H2O,99,27,27_20,none
1.072,14.258,15.025,19.908,197.531,89.94,497.5,3953.07,4941.463,4.846,89.856,30.243,53.27,405,508.855,108.226,3655.0,1378.0,231.0,72.274,51.213,1.166,2051.0,1.29e+16,1.22e+17,7.34e+16,3.02e+17,32451.202,102.846,903.0,154,1275.61,45.32,0.2,29,-21.110000000000014,24.86586206896552,False,False,False,wet,H2O,108,27,27_21,none
1.339,16.638,14.921,19.977,197.231,89.764,497.312,3943.433,4929.26,4.814,89.664,29.883,60.507,405,520.654,107.678,3650.0,1366.0,242.0,71.597,50.913,0.961,2089.0,8020000000000000.0,2.42e+16,4.68e+17,2.99e+17,32458.977,102.948,903.0,154,1277.39,45.36,0.11,29,-17.99000000000001,24.758275862068967,False,False,False,wet,H2O,96,27,27_22,none
1.491,11.493,15.093,20.129,196.991,89.865,497.03,3940.879,4926.227,5.124,89.758,30.029,60.896,405,516.408,107.749,3650.0,1465.0,221.0,71.806,51.274,0.948,2043.0,1.92e+16,1530000000000000.0,8.97e+17,3e+17,32453.391,102.977,903.0,154,1277.94,45.07,0.4,29,-18.850000000000023,24.78793103448276,False,False,False,wet,H2O,81,27,27_23,none
1.14,17.422,14.961,19.931,197.485,89.79,497.347,3948.435,4935.381,4.883,89.579,30.016,57.129,405,505.558,107.847,3647.0,1431.0,176.0,71.88,51.132,1.215,2049.0,6180000000000000.0,5980000000000000.0,107000000000000.12,3.01e+17,32456.977,102.633,903.0,154,1277.19,45.02,0.18,30,-18.559999999999945,23.952,False,False,False,wet,H2O,57,27,27_24,none
1.612,20.315,15.201,19.931,197.341,89.973,497.153,3944.143,4929.944,4.973,89.685,29.87,61.132,405,520.193,107.844,3661.0,1420.0,361.0,72.375,51.123,1.045,2065.0,5250000000000000.0,471000000000000.0,26099999999999.875,3.01e+17,32553.071,102.823,903.0,154,1270.19,45.2,0.12,30,-24.0,24.133333333333333,False,False,False,wet,H2O,144,27,27_25,none
1.225,19.652,14.918,20.081,197.403,89.973,497.236,3946.257,4932.984,4.874,89.726,29.967,60.802,405,518.923,107.548,3656.0,1434.0,275.0,72.038,51.028,1.053,2046.0,1.41e+16,1.1e+17,2.31e+17,3.01e+17,32658.897,103.081,903.0,154,1273.87,45.08,0.08,30,-19.549999999999955,23.985,False,False,False,wet,H2O,132,27,27_26,none
1.269,19.687,14.767,19.967,197.227,90.027,497.19,3945.133,4931.305,4.928,90.057,30.046,54.222,405,513.104,108.235,3644.0,1374.0,140.0,71.521,51.324,1.121,2087.0,1.56e+16,4060000000000000.0,7.31e+16,2.99e+17,32771.333,103.352,902.0,155,1271.23,45.14,0.43,30,-16.889999999999986,23.89633333333333,False,False,False,wet,H2O,42,27,27_27,none
1.574,12.975,14.836,20.157,199.633,90.163,503.307,4019.235,5089.972,4.848,96.274,29.907,47.1,436,561.791,107.63,3690.0,1531.0,362.0,71.07,51.846,1.097,2028.0,1.44e+16,1.21e+17,5.28e+17,3.03e+17,33280.626,100.754,904.0,152,1185.3,37.47,0.12,84,-10.610000000000014,8.459642857142857,False,False,False,dry,O2,110,8,8_28,none
1.804,15.074,14.847,19.885,199.425,89.936,501.338,4083.342,5069.67,4.952,94.741,30.018,33.442,365,517.591,109.352,3644.0,1373.0,363.0,71.211,51.679,1.045,2082.0,1.55e+16,1.4e+17,5.78e+17,3e+17,31912.783,102.186,895.0,156,1172.91,23.02,0.31,67,-11.539999999999964,10.62,False,False,False,dry,O2,93,8,8_29,none
1.827,17.138,15.043,19.964,200.099,90.03,500.933,4037.25,5027.604,5.023,91.671,30.071,41.18,365,501.942,106.026,3642.0,1429.0,430.0,71.178,50.991,0.971,2071.0,8080000000000000.0,1.89e+17,4.87e+17,2.99e+17,32777.961,102.964,879.0,150,1029.39,27.23,0.16,146,-10.009999999999993,4.863082191780822,False,False,False,wet,H2O,106,8,8_30,none
1.114,14.765,15.2,19.934,200.979,89.9,501.578,3927.436,5002.891,4.923,91.579,30.114,17.68,405,496.201,107.083,3667.0,1474.0,208.0,71.123,51.867,0.88,2050.0,1.53e+16,7.16e+16,1.24e+18,3.02e+17,31290.524,107.046,870.0,157,1170.63,33.08,0.31,28,-6.419999999999959,25.229285714285712,False,False,False,dry,O2,106,8,8_31,none
1.38,16.278,14.924,20.036,197.144,90.06,497.065,4001.427,5040.109,5.146,94.159,30.051,32.656,405,502.795,108.07,3662.0,1549.0,213.0,71.059,51.043,1.206,2050.0,1.13e+16,4.06e+16,8.23e+17,3.01e+17,31298.491,101.143,894.0,157,1140.07,28.8,0.24,123,6.610000000000014,5.637317073170731,False,False,False,dry,O2,53,8,8_32,none
0.921,18.636,15.147,19.881,200.944,89.986,500.097,4054.605,4958.405,4.951,92.496,29.941,38.21,405,515.048,108.35,3656.0,1510.0,447.0,71.164,51.611,1.04,2058.0,1.24e+16,5.16e+16,5.18e+17,3.01e+17,30209.716,102.231,923.0,157,1023.71,31.52,0.17,90,3.0499999999999545,7.74388888888889,False,False,False,wet,H2O,111,8,8_33,none
1.119,10.632,14.868,19.976,197.371,89.993,497.439,3947.54,4934.339,4.889,89.784,30.139,64.922,405,521.547,107.274,3649.0,1417.0,249.0,71.854,50.864,1.121,2077.0,2.07e+16,1870000000000000.0,5.45e+17,3e+17,32543.021,102.384,906.0,154,1279.34,45.13,0.1,23,-16.83000000000004,31.16652173913044,False,False,False,wet,H2O,93,27,27_10,none
1.359,20.273,15.223,20.069,197.678,89.977,497.635,3950.884,4938.347,4.962,89.761,30.008,60.46,405,516.355,107.322,3650.0,1452.0,307.0,71.163,50.902,1.094,2036.0,4580000000000000.0,1180000000000000.0,2.65e+17,3e+17,32553.487,102.267,906.0,154,1269.35,45.06,0.08,23,-12.809999999999944,30.99173913043478,False,False,False,wet,H2O,156,27,27_9,none
1.286,11.764,14.828,20.206,197.793,90.138,497.927,3956.369,4945.439,4.886,89.897,29.993,62.899,405,523.291,107.368,3649.0,1523.0,262.0,71.286,51.267,1.13,2060.0,1.85e+16,708000000000000.0,4.44e+16,3e+17,32546.94,102.921,906.0,154,1271.91,44.97,0.09,24,-11.529999999999973,29.64708333333333,False,False,False,wet,H2O,150,27,27_8,none
0.96,20.292,15.095,20.089,199.035,90.171,499.114,3979.345,4974.182,4.712,90.248,30.072,58.486,405,506.873,107.951,3646.0,1439.0,248.0,71.316,50.894,0.868,2087.0,1.76e+16,414000000000000.0,2609999999999.98,3.01e+17,32556.52,102.008,906.0,153,1268.51,44.86,0.29,27,-11.259999999999993,26.34296296296296,False,False,False,wet,H2O,126,27,27_7,none
0.895,16.531,15.338,20.087,200.559,90.177,500.552,3971.426,4982.471,4.795,91.885,30.044,42.638,365,483.253,111.154,3644.0,1442.0,230.0,70.938,51.359,1.075,2072.0,2e+16,1.35e+17,6.04e+17,2.99e+17,31933.226,100.833,891.0,153,973.33,39.87,0.28,156,-0.0900000000000318,4.48775641025641,False,False,False,wet,H2O,71,7,7_9,none
0.7,16.546,15.129,19.99,204.521,89.972,504.094,3989.58,5046.767,4.979,93.683,30.007,46.865,405,529.58,107.56,3666.0,1493.0,521.0,70.573,51.054,0.985,2080.0,1.21e+16,1.46e+17,9.9e+17,3.01e+17,32573.133,102.377,884.0,153,959.99,32.31,0.14,44,-14.67999999999995,16.242727272727272,False,False,False,dry,O2,97,7,7_10,none
0.571,14.004,14.906,19.903,200.573,90.066,501.178,4093.701,4975.536,4.869,91.692,29.957,33.742,405,500.326,107.953,3645.0,1586.0,378.0,71.591,50.861,1.069,2060.0,1.28e+16,1.39e+17,5.17e+17,2.98e+17,30988.99,103.774,882.0,155,1186.14,32.64,0.26,148,-11.970000000000027,4.8106081081081085,False,False,False,wet,H2O,91,7,7_11,none
1.242,11.522,14.992,19.958,193.867,89.916,502.855,3972.89,5021.736,5.131,91.955,29.962,39.56,365,504.535,108.527,3653.0,1598.0,333.0,71.582,51.291,1.062,2063.0,1.24e+16,1.66e+17,9.27e+16,2.99e+17,31246.665,103.963,891.0,153,1082.19,22.72,0.34,109,6.1200000000000045,6.365871559633027,False,False,False,wet,H2O,92,7,7_12,none
0.767,16.081,14.936,19.93,198.947,90.007,501.198,3990.59,4893.382,5.014,92.491,29.974,35.919,365,481.878,106.152,3663.0,1421.0,409.0,70.655,51.801,0.997,2063.0,2.33e+16,1.27e+17,6.36e+17,3e+17,31441.611,101.223,914.0,152,1085.91,35.11,0.28,94,4.580000000000041,7.398085106382978,False,False,False,dry,O2,56,7,7_13,none
1.293,14.558,15.051,19.856,195.125,89.942,499.002,4011.428,5027.406,5.083,92.625,30.076,44.612,405,533.391,107.433,3654.0,1339.0,359.0,69.79,51.577,1.162,2062.0,1.56e+16,1.38e+17,3.54e+17,3.01e+17,31784.526,98.759,879.0,155,1011.37,33.87,0.32,145,-37.370000000000005,5.085310344827586,False,False,False,dry,O2,112,7,7_14,none
2.402,15.617,15.104,20.036,198.55,90.101,495.98,3985.685,4931.287,5.111,91.172,29.965,42.202,436,513.784,106.844,3660.0,1312.0,171.0,69.821,50.601,1.008,2061.0,1.55e+16,6.93e+16,5.6e+17,3e+17,32590.349,100.721,887.0,154,1110.53,34.02,0.25,147,10.58000000000004,4.689931972789116,False,False,False,wet,H2O,92,7,7_15,none
2.033,16.328,15.08,20.038,205.797,90.082,502.836,4022.407,4957.103,4.948,93.943,30.082,58.335,405,490.109,107.75,3642.0,1428.0,265.0,70.423,51.027,1.304,2050.0,1.08e+16,2.16e+16,7.04e+16,3e+17,30585.361,102.749,915.0,155,1165.36,41.47,0.12,173,-8.92999999999995,4.0978612716763,False,False,False,wet,H2O,72,7,7_16,none
2.034,18.132,15.245,19.931,201.408,89.886,500.158,4012.88,4970.164,5.158,91.309,30.103,40.815,365,512.436,109.623,3652.0,1284.0,366.0,69.683,51.943,1.014,2072.0,1.17e+16,6.61e+16,3.31e+17,3.01e+17,31756.452,104.654,922.0,151,1152.73,44.52,0.27,203,-13.960000000000036,3.517044334975369,False,False,False,dry,O2,81,7,7_17,none
0.451,14.58,14.936,20.111,197.984,89.885,503.203,4074.762,5024.193,4.957,95.229,29.902,39.488,365,498.059,107.167,3654.0,1562.0,417.0,71.2,51.779,1.161,2069.0,1.1e+16,1.68e+17,5.63e+17,3.01e+17,31410.456,104.399,905.0,154,1032.64,40.94,0.08,114,-4.399999999999977,6.178947368421053,False,False,False,dry,O2,136,7,7_19,none
1.008,15.143,15.01,20.101,197.205,90.028,499.919,3976.045,4944.285,4.842,90.342,29.926,40.226,405,486.906,108.204,3677.0,1482.0,357.0,69.413,51.158,0.833,2063.0,9310000000000000.0,7.49e+16,3.28e+17,3.01e+17,32178.631,102.663,909.0,157,1178.68,30.65,0.14,24,-21.019999999999985,30.0425,False,False,False,dry,O2,123,7,7_20,none
1.086,17.336,14.998,20.022,197.84,90.163,503.345,4045.101,5126.634,5.141,92.585,30.093,32.548,365,547.068,109.502,3624.0,1518.0,374.0,70.387,51.769,1.047,2062.0,1.28e+16,3.26e+16,7.46e+17,3e+17,32281.2,103.872,899.0,157,1065.23,34.87,0.15,178,-11.769999999999982,3.998707865168539,False,False,False,dry,O2,112,7,7_34,none
1.886,9.577,15.226,19.991,204.156,89.982,499.064,4040.883,4900.178,4.892,92.993,29.875,48.601,436,478.889,108.157,3644.0,1520.0,315.0,71.004,51.461,1.144,2055.0,1.68e+16,7.88e+16,6.86e+17,3.01e+17,33085.332,101.234,858.0,153,1102.41,31.06,0.18,187,-4.629999999999996,3.76807486631016,False,False,False,wet,H2O,112,7,7_21,none
1.158,15.042,14.872,19.906,199.107,90.053,497.315,4070.535,4894.814,5.189,91.547,30.15,46.831,365,504.641,108.207,3641.0,1511.0,496.0,69.135,50.971,1.033,2096.0,9390000000000000.0,1.77e+17,6.66e+17,3.01e+17,31807.66,102.338,932.0,155,1048.44,35.45,0.05,32,-11.279999999999973,22.2275,False,False,False,dry,O2,78,7,7_23,none
1.503,18.095,14.988,20.047,204.224,89.966,500.594,4153.004,5084.234,4.851,93.685,30.11,41.768,365,548.844,107.745,3639.0,1429.0,348.0,69.696,50.476,1.211,2071.0,5630000000000000.0,1.28e+17,9.87e+17,3e+17,30912.411,103.072,928.0,156,1013.6,38.36,0.12,148,-15.33000000000004,4.833310810810811,False,False,False,dry,O2,71,7,7_24,none
1.53,15.528,14.79,19.774,200.355,90.152,498.122,4022.745,5047.825,4.897,92.56,29.99,38.671,405,512.502,107.714,3672.0,1516.0,182.0,70.926,51.055,1.053,2026.0,1.47e+16,1.69e+17,7.68e+17,3.03e+17,32605.266,104.225,891.0,152,1169.9,28.5,0.14,173,-18.529999999999973,4.153352601156069,False,False,False,wet,H2O,66,7,7_25,none
1.769,14.983,14.988,20.005,200.808,90.064,503.669,4003.386,5054.083,5.12,91.446,30.201,34.379,365,539.621,106.905,3660.0,1449.0,596.0,71.428,50.972,0.934,2083.0,8720000000000000.0,3.87e+16,7.66e+17,2.98e+17,31457.994,102.974,904.0,156,1070.85,43.13,0.26,116,-11.899999999999975,6.1370689655172415,False,False,False,wet,H2O,163,7,7_26,none
0.986,19.507,15.029,20.11,201.599,90.039,502.073,3963.553,5128.597,5.272,92.582,29.998,41.886,365,494.24,109.088,3693.0,1598.0,491.0,69.125,51.213,1.041,2047.0,1.32e+16,5.76e+16,5.47e+17,2.99e+17,32346.493,100.243,913.0,151,1102.86,38.14,0.36,122,-6.190000000000055,5.78844262295082,False,False,False,dry,O2,187,7,7_27,none
0.879,17.812,15.007,19.802,201.568,89.927,501.5,4033.548,5041.959,5.069,92.06,30.074,,405,,,,,,72.29,51.746,1.088,,,,,3e+17,32437.971,104.441,,157,1277.51,44.91,0.21,30,-22.92999999999995,24.097666666666665,False,False,False,wet,H2O,666,27,27_1,Loc
0.835,15.893,15.025,19.88,202.829,89.997,502.935,4060.168,5075.263,5.078,92.777,30.096,50.714,405,495.906,109.634,3659.0,1360.0,172.0,71.808,51.759,0.838,2049.0,1.12e+16,4.36e+16,72150123624.081,3.01e+17,32456.307,104.513,861.0,157,1273.96,45.08,0.3,28,-17.91999999999996,25.64,False,False,False,wet,H2O,72,27,27_2,none
0.785,20.081,15.088,19.989,204.335,89.978,504.223,4084.787,5106.278,5.175,93.236,29.919,45.827,405,501.331,110.316,3658.0,1435.0,288.0,71.731,52.151,1.171,2047.0,2.15e+16,1.05e+17,6.25e+16,3.01e+17,32453.042,104.929,860.0,158,1274.58,45.1,0.23,31,-18.049999999999955,23.16290322580645,False,False,False,wet,H2O,66,27,27_3,none
0.939,20.248,15.011,19.984,203.552,89.989,503.503,4070.028,5087.579,4.958,92.681,30.062,46.405,405,508.571,109.885,3665.0,1407.0,243.0,72.185,52.014,0.862,2063.0,1.53e+16,23700000000000.098,235000000000000.1,3e+17,32423.132,104.934,860.0,157,1276.39,44.62,0.18,30,-22.08000000000004,24.069333333333336,False,False,False,wet,H2O,93,27,27_4,none
0.843,18.515,15.268,19.887,199.375,89.832,499.25,3988.94,4985.99,5.009,90.685,30.006,58.802,405,508.057,108.041,3655.0,1584.0,266.0,71.838,51.186,1.096,2077.0,4320000000000000.0,2070000000000000.0,88399999999999.92,3.02e+17,32546.567,103.018,913.0,155,1277.65,44.94,0.14,27,-18.25999999999999,26.60222222222222,False,False,False,wet,H2O,165,27,27_5,none
0.855,17.419,14.992,19.998,199.689,89.959,499.518,3990.24,4987.775,4.762,90.713,29.924,53.845,405,511.159,108.36,3645.0,1511.0,213.0,71.36,51.439,1.076,2070.0,6660000000000000.0,5580000000000000.0,1.9e+16,3e+17,32556.082,103.117,910.0,155,1285.06,44.94,0.22,27,-13.57000000000005,26.42851851851852,False,False,False,wet,H2O,105,27,27_6,none
1.206,14.032,14.781,19.845,201.218,90.009,503.511,3957.075,5065.258,5.001,90.531,29.888,60.901,365,524.695,108.743,3690.0,1284.0,369.0,72.49,50.873,0.988,2039.0,1.45e+16,1.32e+17,1.1e+17,3.03e+17,30972.576,104.654,904.0,155,993.36,36.81,0.23,80,-15.590000000000032,8.944875,False,False,False,wet,H2O,101,7,7_22,none
0.925,15.88,15.157,19.96,198.875,89.835,498.934,3975.652,4969.721,5.075,90.906,29.923,49.544,405,512.323,108.906,3654.0,1326.0,133.0,71.676,51.732,0.922,2073.0,5880000000000000.0,2.08e+16,2.62e+16,3.01e+17,32472.158,104.732,866.0,157,874.04,22.37,0.22,228,-17.730000000000018,3.1479385964912283,False,False,False,dry,O2,42,25,25_24,none
1.39,18.548,14.945,20.281,205.113,89.881,502.114,4084.79,5002.028,5.32,93.054,30.085,35.787,405,490.942,109.578,3649.0,1546.0,372.0,71.256,52.118,0.967,2070.0,9300000000000000.0,1.24e+17,1.11e+18,3.02e+17,31485.179,104.038,914.0,153,958.7,36.27,0.36,106,-5.220000000000027,6.653018867924528,False,False,False,dry,O2,118,7,7_33,none
1.691,17.441,14.957,19.994,201.971,90.012,495.976,4017.205,4867.181,4.951,93.641,29.751,35.907,405,489.745,105.845,3666.0,1479.0,228.0,68.964,50.934,0.998,2031.0,1.96e+16,9.82e+16,6.89e+17,3e+17,31488.989,101.531,919.0,155,1191.72,41.2,0.1,65,-2.6000000000000227,10.80923076923077,False,False,False,wet,H2O,60,7,7_31,none
1.007,18.804,14.86,19.919,200.625,89.875,500.255,4008.084,5010.082,5.047,91.384,30.19,51.155,405,518.144,110.318,3668.0,1573.0,272.0,71.992,52.436,0.925,2036.0,3880000000000000.0,29600000000000.004,3.9e+16,3e+17,32479.381,105.828,861.0,159,883.84,22.24,0.3,24,-20.25999999999999,30.01083333333333,False,False,False,dry,O2,147,26,26_30,none
0.7,17.158,15.121,19.903,200.577,90.191,500.578,4010.689,5013.175,5.125,91.481,29.957,48.553,405,508.635,110.169,3667.0,1526.0,175.0,71.978,52.218,0.958,2085.0,1.53e+16,8.62e+16,9.2e+17,3e+17,32475.94,105.908,860.0,159,880.87,22.4,0.37,25,-20.059999999999945,28.8024,False,False,False,dry,O2,129,26,26_31,none
1.432,16.468,14.958,19.933,200.534,89.897,500.495,4010.504,5013.219,4.905,91.468,29.787,57.104,405,511.994,110.463,3663.0,1481.0,202.0,72.079,52.378,0.951,2082.0,4100000000000000.0,1.67e+16,1.77e+16,2.98e+17,32473.221,105.936,861.0,159,884.64,22.53,0.22,25,-19.899999999999977,28.796,False,False,False,dry,O2,93,26,26_32,none
1.893,16.621,14.987,19.901,200.412,89.929,500.399,4009.666,5012.064,5.003,91.828,30.118,54.17,405,513.56,111.011,3665.0,1588.0,313.0,71.844,52.385,1.064,2064.0,1.98e+16,9.28e+16,1.18e+18,3.01e+17,32492.557,106.157,860.0,159,894.23,22.5,0.15,25,-19.799999999999955,28.792,False,False,False,dry,O2,120,26,26_33,none
1.457,16.668,14.838,20.131,200.854,89.828,501.024,4021.078,5026.359,5.196,91.775,29.867,56.337,405,513.106,110.802,3664.0,1441.0,224.0,72.265,52.536,1.142,2089.0,1.69e+16,1.6e+17,7.44e+17,3e+17,32486.092,106.484,861.0,160,887.83,22.43,0.22,25,-21.970000000000027,28.8788,False,False,False,dry,O2,54,26,26_34,none
0.891,17.388,15.047,19.933,201.127,89.974,501.363,4024.302,5030.205,5.116,91.676,30.121,58.753,405,512.43,110.728,3664.0,1441.0,333.0,72.348,52.628,1.235,2068.0,1.49e+16,1.49e+17,3.5e+16,3.01e+17,32477.256,106.52,861.0,160,880.95,22.52,0.21,232,-21.450000000000045,3.109698275862069,False,False,False,dry,O2,84,26,26_35,none
0.715,16.068,14.792,19.928,201.199,89.975,501.139,4024.296,5030.438,4.972,91.796,30.017,52.46,405,508.87,110.85,3669.0,1402.0,269.0,72.217,52.554,1.186,2078.0,1.61e+16,2.89e+16,4.6e+17,3e+17,32475.214,106.389,861.0,160,891.61,22.53,0.27,232,-21.559999999999945,3.1101724137931037,False,False,False,dry,O2,30,26,26_36,none
0.929,18.951,15.159,20.062,200.96,90.007,501.075,4020.144,5025.161,5.068,91.601,30.115,52.592,405,506.464,110.884,3668.0,1485.0,216.0,72.169,52.425,0.936,2076.0,1.48e+16,8060000000000000.0,161000000000.213,2.99e+17,32474.698,106.551,860.0,160,887.92,22.47,0.18,232,4.279999999999973,2.998793103448276,False,False,False,dry,O2,48,26,26_37,none
0.733,18.893,15.009,20.078,201.129,89.727,501.251,4023.414,5029.127,4.988,91.853,29.83,56.982,405,509.009,110.736,3672.0,1492.0,236.0,72.918,52.751,0.875,2056.0,1.6e+16,6670000000000000.0,1.65e+17,3e+17,32474.767,106.472,860.0,160,1280.79,44.86,0.25,32,-27.970000000000027,22.7490625,False,False,False,wet,H2O,15,26,26_38,none
0.949,13.729,14.943,20.049,201.15,89.892,500.985,4022.444,5028.048,5.047,91.575,30.065,54.236,405,514.969,110.752,3673.0,1445.0,322.0,72.73,52.329,1.085,2079.0,1.52e+16,1.01e+17,7.62e+17,2.99e+17,32484.133,105.685,861.0,159,1291.29,45.02,0.0,32,-25.42999999999995,22.6696875,True,False,False,wet,H2O,141,26,26_39,none
0.78,18.87,14.83,20.023,200.99,90.001,500.746,4018.402,5022.83,4.961,91.533,29.931,56.372,405,515.095,110.719,3672.0,1545.0,437.0,71.434,52.733,0.992,2049.0,1.29e+16,9.99e+16,1.56e+16,3.01e+17,32482.622,106.309,861.0,160,1292.85,45.01,0.17,32,-14.32000000000005,22.3225,False,False,False,wet,H2O,240,26,26_40,Loc
0.533,20.678,14.95,20.071,201.087,90.071,501.093,4021.647,5027.135,4.863,91.76,29.947,57.225,405,509.634,110.633,3675.0,1520.0,356.0,72.507,52.605,0.853,2035.0,1.37e+16,116999999999.99,146815735.875,3.01e+17,32478.441,106.048,861.0,159,1275.66,45.05,0.3,32,-25.25999999999999,22.664375,False,False,False,wet,H2O,165,26,26_41,none
0.796,11.268,14.915,20.003,200.997,89.922,501.147,4023.166,5028.967,5.051,91.85,30.127,49.967,405,508.198,110.66,3678.0,1562.0,321.0,72.817,52.458,1.031,2042.0,1.65e+16,1.65e+17,8.14e+17,3.03e+17,32471.311,106.065,860.0,159,1284.41,44.91,0.2,32,-27.529999999999973,22.7353125,False,False,False,wet,H2O,168,26,26_42,none
0.934,15.247,14.884,20.081,201.162,89.993,501.245,4024.982,5031.228,5.078,91.917,29.949,50.881,405,509.859,110.338,3682.0,1501.0,365.0,72.811,52.28,0.909,2032.0,2.05e+16,1.7e+17,7.4e+17,3e+17,32474.898,106.146,860.0,159,1286.78,32.79,0.18,32,-29.639999999999983,22.80125,False,False,False,wet,H2O,186,26,26_43,none
0.938,12.256,15.16,19.925,201.488,89.919,501.576,4028.183,5034.947,5.133,91.831,29.973,59.093,405,516.178,110.361,3668.0,1449.0,339.0,71.645,52.503,1.203,2057.0,1.98e+16,1.05e+16,4e+17,3e+17,32470.776,106.063,860.0,159,1290.22,31.78,0.31,31,-18.67999999999995,23.18322580645161,False,False,False,wet,H2O,159,26,26_44,none
0.882,19.73,15.009,20.052,201.203,90.042,501.267,4022.542,5028.295,5.037,92.051,29.873,50.621,405,514.271,110.357,3658.0,1518.0,315.0,71.191,52.357,1.126,2056.0,1.56e+16,1.12e+17,2.05e+16,3e+17,32470.405,105.924,860.0,159,1278.11,39.68,0.1,32,-11.090000000000032,22.2215625,False,False,False,wet,H2O,126,26,26_45,none
0.645,16.071,14.974,19.991,201.315,90.139,501.433,4027.04,5033.527,4.95,92.532,30.019,61.035,405,513.699,111.511,3645.0,1437.0,308.0,72.547,52.478,1.001,2090.0,2.07e+16,1.79e+16,1.24e+18,3.01e+17,32479.603,105.9,860.0,159,1282.87,32.87,0.16,31,-25.32000000000005,23.39741935483871,False,False,False,wet,H2O,150,26,26_46,none
0.259,17.535,15.03,20.109,202.94,90.072,503.214,4062.311,5078.089,4.96,92.159,29.787,52.908,405,499.752,110.488,3656.0,1543.0,282.0,72.612,52.77,1.054,2060.0,1.8e+16,8.75e+16,11461295709.083,3.02e+17,32473.954,106.798,860.0,160,1289.73,38.27,0.29,34,-26.07000000000005,21.355,False,False,False,wet,H2O,84,26,26_47,none
1.384,16.398,14.907,19.953,202.065,89.895,502.037,4039.311,5049.013,5.146,92.267,29.972,48.753,405,507.797,110.318,3646.0,1459.0,288.0,72.157,52.467,1.021,2096.0,1.53e+16,2.33e+16,6.91e+17,3e+17,32454.98,106.183,860.0,159,1292.18,39.99,0.19,33,-22.44000000000005,21.89212121212121,False,False,False,wet,H2O,150,26,26_48,none
1.145,12.293,15.047,20.008,202.269,89.987,502.276,4043.852,5054.929,4.968,92.141,29.901,46.811,405,503.226,110.145,3648.0,1457.0,170.0,71.664,52.409,0.982,2057.0,1.86e+16,1.83e+17,2.23e+16,2.99e+17,32442.617,105.823,860.0,159,1286.99,35.43,0.21,32,-16.5,22.390625,False,False,False,wet,H2O,81,26,26_49,none
0.785,13.474,15.155,19.939,202.214,90.193,502.27,4042.842,5053.741,5.151,92.262,29.979,52.937,405,503.01,110.184,3655.0,1436.0,163.0,71.398,52.341,1.108,2089.0,1.59e+16,1.3e+17,3.35e+17,2.99e+17,32423.528,105.459,860.0,159,1285.92,28.57,0.22,32,-12.389999999999986,22.2621875,False,False,False,wet,H2O,96,26,26_50,none
0.868,20.788,14.99,20.079,202.482,89.932,502.416,4048.054,5059.837,5.169,92.181,30.167,47.148,405,512.698,110.103,3655.0,1431.0,333.0,72.215,52.115,0.914,2092.0,1.02e+16,3250000000000000.0,2.44e+17,3e+17,32413.541,105.571,860.0,158,1297.38,45.06,0.27,32,-21.399999999999977,22.54375,False,False,False,wet,H2O,105,26,26_51,none
0.96,11.559,15.268,20.008,202.282,89.874,502.176,4045.899,5057.231,4.833,92.357,29.919,46.176,405,505.287,109.993,3643.0,1517.0,299.0,72.465,52.059,1.07,2066.0,2.02e+16,1.88e+17,1.2e+18,3.01e+17,32415.975,104.89,860.0,158,1287.68,44.88,0.35,32,-25.360000000000014,22.6675,False,False,False,wet,H2O,150,26,26_52,none
1.332,16.473,14.965,20.044,200.008,90.007,500.039,3997.899,4997.227,5.062,91.351,30.132,55.278,405,508.197,110.274,3663.0,1665.0,283.0,71.967,52.316,0.969,2075.0,1.26e+16,9.82e+16,7.23e+17,3.01e+17,32478.676,105.983,860.0,159,886.89,22.51,0.22,23,-19.019999999999985,31.261739130434783,False,False,False,dry,O2,102,26,26_29,none
1.006,20.64,14.93,20.08,202.662,90.066,502.366,4050.487,5063.092,4.923,92.445,29.995,53.796,405,505.407,109.224,3665.0,1397.0,292.0,71.443,51.95,1.004,2039.0,2950000000000000.0,3270000000000000.0,1310000000000000.2,3.01e+17,32428.162,105.0,860.0,158,1295.71,45.02,0.26,31,-15.889999999999986,23.093225806451613,False,False,False,wet,H2O,156,26,26_53,none
0.912,17.81,15.032,19.939,199.551,89.941,499.384,3989.132,4986.466,5.021,91.117,30.097,46.563,405,513.309,109.625,3668.0,1561.0,306.0,71.896,52.074,1.216,2039.0,5910000000000000.0,2.54e+16,2.64e+17,3.01e+17,32473.297,105.187,861.0,158,893.61,22.53,0.18,23,-18.860000000000014,31.254782608695653,False,False,False,dry,O2,156,26,26_28,none
1.37,11.061,15.046,19.951,201.426,89.877,496.969,4029.089,4919.359,4.933,90.482,29.905,26.255,405,526.651,109.188,3657.0,1575.0,330.0,71.354,51.499,1.159,2044.0,1.45e+16,9.28e+16,5.7e+17,2.98e+17,31061.978,100.611,908.0,153,1024.75,31.12,0.16,158,-11.539999999999964,4.5034177215189874,False,False,False,wet,H2O,135,6,6_53,none
0.906,16.292,15.028,20.063,199.519,90.129,499.487,3988.009,4985.011,5.166,90.95,29.989,45.949,405,509.883,109.673,3659.0,1410.0,170.0,71.868,51.991,1.121,2084.0,2.09e+16,1.52e+16,42099999999999.96,2.99e+17,32468.166,105.196,861.0,158,874.25,22.42,0.18,229,-19.149999999999977,3.1403930131004367,False,False,False,dry,O2,66,25,25_26,none
1.138,16.863,15.082,20.101,199.459,89.882,499.401,3988.675,4986.01,5.023,91.053,29.908,56.155,405,513.054,109.453,3666.0,1526.0,239.0,71.823,52.054,0.976,2067.0,2440000000000000.0,4190000000000000.0,1.33e+17,2.99e+17,32469.242,105.007,860.0,158,874.68,22.36,0.3,229,-18.639999999999983,3.1381659388646286,False,False,False,dry,O2,138,25,25_27,none
0.659,16.043,14.946,19.93,198.309,90.016,502.553,3905.11,4980.26,5.192,92.5,29.818,40.614,436,507.503,104.641,3660.0,1522.0,359.0,70.423,51.727,0.95,2055.0,7360000000000000.0,9.35e+16,6.66e+17,3.02e+17,32290.402,104.802,907.0,161,1208.61,36.09,0.24,74,3.789999999999964,9.408243243243245,False,False,False,dry,O2,99,6,6_32,none
0.86,18.897,15.035,19.961,198.717,90.087,502.022,4027.779,5083.923,5.004,92.038,30.153,47.914,436,517.526,107.688,3663.0,1477.0,434.0,71.323,50.963,1.049,2055.0,5580000000000000.0,8.8e+16,3.94e+17,2.99e+17,32537.026,102.854,899.0,156,1118.35,30.36,0.23,97,-8.17999999999995,7.30082474226804,False,False,False,wet,H2O,131,6,6_33,none
1.677,18.987,14.837,19.784,202.207,89.942,499.352,4061.262,4899.735,4.865,91.416,29.904,57.063,436,521.224,108.06,3659.0,1448.0,450.0,72.132,50.562,0.873,2076.0,1.17e+16,1.05e+17,2.54e+17,2.99e+17,30799.797,103.061,882.0,152,1094.27,32.52,0.13,148,-9.42999999999995,4.793445945945946,False,False,False,dry,O2,147,6,6_34,none
1.697,13.864,14.99,19.929,203.088,89.885,505.699,3942.814,4932.695,4.961,89.924,30.028,39.251,365,522.105,107.025,3643.0,1519.0,363.0,70.275,52.267,1.123,2046.0,1.14e+16,1.22e+17,4.95e+17,2.99e+17,30537.4,104.669,880.0,159,1102.06,34.36,0.11,148,-20.620000000000005,4.869054054054054,False,False,False,wet,H2O,94,6,6_35,none
1.636,18.842,15.187,19.905,202.5,89.988,494.855,4031.327,4989.189,4.975,92.55,30.088,46.04,436,483.319,108.261,3659.0,1470.0,147.0,70.493,51.271,1.091,2055.0,7620000000000000.0,1.17e+17,9.12e+17,2.98e+17,33255.083,104.41,909.0,156,1112.91,42.19,0.19,98,-23.590000000000032,7.383571428571429,False,False,False,dry,O2,70,6,6_36,none
0.898,20.814,15.042,19.935,203.105,90.343,504.146,3961.797,5075.628,5.225,91.855,29.908,51.222,405,529.956,110.061,3666.0,1489.0,353.0,70.741,51.045,0.854,2057.0,1.51e+16,8.7e+16,8.44e+17,3.02e+17,32529.3,103.324,920.0,150,1014.41,24.58,0.19,97,-17.019999999999982,7.391958762886598,False,False,False,dry,O2,103,6,6_37,none
1.401,11.134,14.907,19.954,202.989,90.103,499.881,4001.244,5047.209,5.113,91.405,30.015,46.702,436,529.029,104.811,3669.0,1537.0,289.0,72.379,50.75,0.778,2038.0,1.08e+16,1.26e+17,3.85e+17,3.01e+17,31724.098,103.102,913.0,159,1135.31,26.15,0.14,46,-1.2999999999999543,15.245652173913042,False,False,False,wet,H2O,116,6,6_38,none
0.961,15.205,14.943,19.859,197.652,90.205,500.512,4054.584,4956.741,4.99,91.497,29.892,50.676,405,454.383,107.496,3673.0,1636.0,204.0,71.449,51.028,1.053,1996.0,1.18e+16,6.74e+16,7.6e+17,3e+17,32187.919,102.551,892.0,148,948.08,34.08,0.15,186,-19.909999999999968,3.8704838709677416,False,False,False,dry,O2,104,6,6_39,none
1.042,12.359,15.074,19.931,202.925,89.92,494.823,3957.016,4939.466,5.124,93.158,30.043,6.045,405,490.449,109.432,3650.0,1635.0,415.0,70.075,51.806,1.08,2048.0,1.53e+16,1.38e+17,5.63e+17,3e+17,32481.966,103.319,879.0,154,1046.87,37.58,0.14,153,-4.4500000000000455,4.604248366013072,False,False,False,dry,O2,76,6,6_40,none
1.36,19.827,15.204,19.997,198.545,89.951,499.233,4087.93,4926.145,5.105,92.325,29.932,53.76,436,528.607,110.236,3635.0,1495.0,343.0,69.705,53.21,0.982,2083.0,1.14e+16,1.45e+17,4.62e+17,3.01e+17,32373.133,100.872,921.0,152,1117.24,26.75,0.27,82,10.029999999999973,8.414268292682927,False,False,False,wet,H2O,82,6,6_41,none
1.84,15.9,14.812,20.023,197.498,89.759,501.177,4025.561,4941.834,4.997,92.2,29.964,45.689,365,509.816,108.94,3671.0,1402.0,313.0,71.64,50.551,0.922,2021.0,1.27e+16,1.48e+17,3.75e+17,2.99e+17,31400.382,100.912,882.0,155,1091.93,43.06,0.21,121,-4.730000000000018,5.824214876033058,False,False,False,wet,H2O,106,6,6_42,none
1.432,17.605,15.072,20.06,198.849,90.106,493.282,4037.02,4982.257,5.201,91.847,29.944,37.375,436,509.403,107.442,3642.0,1343.0,157.0,70.792,52.082,0.96,2069.0,1.52e+16,1.76e+17,5.12e+17,3.02e+17,30763.876,99.376,895.0,156,1083.33,33.6,0.22,124,-3.8099999999999454,5.6758870967741935,False,False,False,dry,O2,68,6,6_43,none
0.875,16.567,14.714,19.933,201.317,90.077,500.697,4014.148,4970.27,5.06,92.895,29.898,47.126,405,516.993,109.31,3634.0,1487.0,362.0,70.403,50.858,0.99,2103.0,1.73e+16,8.09e+16,5.51e+17,2.99e+17,32021.905,102.761,909.0,153,1050.26,36.94,0.13,59,-15.460000000000036,12.126440677966102,False,False,False,dry,O2,83,6,6_44,none
0.658,14.004,14.927,19.931,201.171,90.124,501.882,3985.657,5001.692,5.003,90.553,29.955,33.964,436,537.756,109.395,3672.0,1242.0,386.0,69.731,50.913,0.865,2047.0,1.18e+16,1.88e+17,1.02e+18,3.02e+17,30633.475,104.635,905.0,154,1083.07,31.99,0.32,164,4.440000000000055,4.241219512195122,False,False,False,wet,H2O,68,6,6_45,none
0.913,17.485,15.158,20.049,204.387,90.062,502.464,4047.405,5139.701,5.002,91.784,30.06,31.541,436,528.67,107.529,3644.0,1520.0,470.0,68.838,51.198,0.916,2074.0,1.04e+16,7.74e+16,9.51e+16,3.01e+17,30605.82,102.52,886.0,156,1155.75,29.99,0.3,115,-8.870000000000005,6.164086956521739,False,False,False,wet,H2O,69,6,6_46,none
0.754,16.012,14.729,20.07,198.62,89.932,507.116,3955.285,5050.37,4.944,92.446,30.006,33.6,436,524.521,109.581,3635.0,1524.0,418.0,71.237,51.205,1.115,2075.0,1.23e+16,7.14e+16,3.83e+17,2.99e+17,32150.567,102.758,898.0,154,1241.89,29.88,0.39,8,-2.289999999999964,87.78625,False,False,False,dry,O2,107,6,6_47,none
0.996,19.006,15.016,19.938,201.166,90.064,501.34,4062.662,5081.475,5.039,89.839,30.082,33.08,405,553.969,106.541,3653.0,1570.0,99.0,72.182,51.726,0.963,2062.0,1.29e+16,1.37e+17,3.09e+17,2.99e+17,33009.171,101.757,915.0,154,1252.73,28.09,0.02,167,-8.32000000000005,4.241437125748504,False,False,False,dry,O2,75,6,6_48,none
1.98,18.903,14.915,20.076,198.998,90.021,503.331,4071.642,4954.018,5.18,90.768,30.052,47.652,405,504.934,107.31,3641.0,1271.0,280.0,70.479,51.498,1.114,2062.0,1.35e+16,6.67e+16,6.27e+17,2.98e+17,31843.778,100.645,912.0,152,1119.83,33.64,0.15,114,3.740000000000009,6.107543859649123,False,False,False,dry,O2,31,6,6_49,none
1.638,13.805,14.799,19.933,201.482,90.123,501.534,3985.623,5046.378,5.193,93.13,30.026,56.411,436,511.94,108.582,3651.0,1436.0,195.0,71.435,51.746,1.081,2053.0,2.21e+16,1.51e+17,4.07e+17,3.01e+17,31872.387,104.584,898.0,152,1170.5,32.17,0.08,104,-8.120000000000005,6.8088461538461535,False,False,False,wet,H2O,71,6,6_50,none
1.579,18.762,15.068,20.089,202.398,90.22,500.982,3978.891,5011.348,5.199,91.988,29.859,67.927,436,500.85,107.235,3633.0,1398.0,49.0,71.612,50.951,0.872,2091.0,9310000000000000.0,4.15e+16,8.62e+17,2.99e+17,31336.315,102.489,895.0,156,1054.37,35.07,0.26,122,-9.559999999999944,5.816065573770492,False,False,False,dry,O2,61,6,6_51,none
1.399,20.712,15.135,19.957,195.051,89.982,501.429,4056.099,4859.725,5.243,90.894,30.061,43.115,405,542.536,108.536,3682.0,1406.0,548.0,71.55,51.6,0.869,2038.0,1.36e+16,1.18e+17,5.84e+17,3.01e+17,33259.578,103.546,866.0,157,1072.54,38.48,0.16,130,-20.539999999999964,5.5426153846153845,False,False,False,wet,H2O,120,6,6_52,none
1.743,15.203,15.072,20.076,203.111,89.955,500.15,3971.1,5012.34,5.181,93.147,29.938,55.818,405,518.084,107.333,3659.0,1591.0,307.0,70.908,51.729,1.082,2028.0,1.18e+16,1.38e+17,1.13e+17,2.98e+17,32412.642,100.794,905.0,150,1155.0,33.99,0.34,68,-7.940000000000055,10.410882352941178,False,False,False,wet,H2O,135,6,6_54,none
0.912,10.797,15.061,19.993,202.374,90.116,502.231,4046.713,5058.358,5.173,92.147,30.048,46.458,405,507.292,109.509,3663.0,1375.0,249.0,72.366,51.767,0.958,2083.0,2.17e+16,2.17e+17,3.82e+17,3.01e+17,32424.489,104.151,860.0,156,1290.5,44.88,0.16,32,-24.279999999999973,22.63375,False,False,False,wet,H2O,57,26,26_54,none
1.783,15.203,14.97,20.08,194.477,89.804,497.869,3905.036,4980.11,5.054,92.624,30.045,40.841,436,507.724,104.68,3660.0,1522.0,359.0,70.356,51.548,1.069,2055.0,7360000000000000.0,9.35e+16,6.66e+17,3.02e+17,32290.7,104.574,907.0,161,1191.09,35.96,0.33,74,-13.110000000000014,9.636621621621622,False,False,False,dry,O2,99,6,6_5,none
1.853,11.59,14.995,19.928,201.781,90.097,497.416,4027.848,5083.957,4.974,91.996,30.056,47.824,436,517.546,107.589,3663.0,1477.0,434.0,71.098,50.912,1.221,2055.0,5580000000000000.0,8.8e+16,3.94e+17,2.99e+17,32536.841,102.785,899.0,156,1104.27,30.2,0.39,97,-5.629999999999996,7.274536082474227,False,False,False,wet,H2O,131,6,6_6,none
0.86,15.997,15.177,20.035,201.166,90.007,501.108,4024.083,5030.383,5.049,91.723,29.966,58.76,405,512.431,110.866,3664.0,1420.0,245.0,72.376,52.629,1.016,2068.0,1.49e+16,1.49e+17,3.5e+16,3.01e+17,32477.142,106.503,861.0,160,874.93,22.4,0.14,232,-21.50999999999999,3.109956896551724,False,False,False,dry,O2,96,26,26_8,none
0.808,17.024,14.874,19.981,201.154,89.869,501.156,4024.368,5030.105,4.969,91.663,29.999,52.415,405,508.87,110.694,3669.0,1423.0,341.0,72.166,52.667,1.098,2078.0,1.61e+16,2.89e+16,4.6e+17,3e+17,32475.027,106.345,861.0,160,875.07,22.48,0.26,232,-21.649999999999977,3.110560344827586,False,False,False,dry,O2,141,26,26_9,none
0.536,16.472,15.057,19.926,201.147,89.961,500.713,4020.14,5024.954,4.944,91.846,29.996,52.606,405,506.627,111.002,3668.0,1485.0,251.0,71.931,52.616,1.196,2076.0,1.48e+16,8060000000000000.0,161000000000.125,2.99e+17,32474.807,106.632,860.0,160,874.96,22.28,0.19,232,-21.659999999999968,3.110603448275862,False,False,False,dry,O2,129,26,26_10,none
1.005,13.374,14.761,20.102,201.082,89.943,501.175,4023.341,5029.201,4.9,91.591,29.843,57.13,405,508.945,110.808,3672.0,1492.0,301.0,72.798,52.786,0.913,2056.0,1.6e+16,6670000000000000.0,1.65e+17,3e+17,32474.873,106.368,860.0,160,1272.73,45.07,0.21,32,-27.899999999999977,22.746875,False,False,False,wet,H2O,111,26,26_11,none
0.86,13.816,15.002,20.009,201.189,89.947,501.063,4022.476,5028.05,4.937,91.72,30.089,54.236,405,514.974,110.768,3673.0,1445.0,322.0,72.528,52.275,1.042,2079.0,1.52e+16,1.01e+17,7.62e+17,2.99e+17,32484.096,105.754,861.0,159,1279.61,45.2,0.23,32,-25.629999999999995,22.6759375,False,False,False,wet,H2O,141,26,26_12,none
0.862,14.937,14.934,20.072,200.726,90.051,500.905,4018.377,5023.104,5.074,91.472,29.875,56.311,405,515.271,110.846,3672.0,1545.0,437.0,71.445,52.57,1.148,2049.0,1.29e+16,9.99e+16,1.56e+16,3.01e+17,32482.521,106.398,861.0,160,1278.25,44.88,0.21,32,-14.360000000000014,22.32375,False,False,False,wet,H2O,240,26,26_13,Loc
0.636,20.165,15.21,19.961,200.987,90.023,501.018,4021.659,5027.207,4.991,91.754,30.01,57.415,405,509.637,110.524,3675.0,1520.0,356.0,72.515,52.449,1.009,2035.0,1.37e+16,117000000000.146,146815735.795,3.01e+17,32478.62,106.133,861.0,159,1271.95,44.98,0.17,32,-25.120000000000005,22.66,False,False,False,wet,H2O,165,26,26_14,none
0.71,13.219,14.862,20.016,201.073,89.891,501.076,4023.402,5028.98,5.02,91.922,30.052,49.792,405,508.347,110.659,3678.0,1562.0,321.0,72.721,52.429,0.973,2042.0,1.65e+16,1.65e+17,8.14e+17,3.03e+17,32471.487,106.016,860.0,159,1273.7,45.13,0.36,32,-27.519999999999985,22.735,False,False,False,wet,H2O,168,26,26_15,none
1.012,11.345,15.301,20.166,201.279,89.935,501.363,4025.207,5031.33,5.074,91.877,29.786,51.145,405,509.819,110.49,3682.0,1501.0,365.0,72.982,52.433,1.043,2032.0,2.05e+16,1.7e+17,7.4e+17,3e+17,32474.785,106.04,860.0,159,1274.3,45.16,0.35,32,-29.67999999999995,22.8025,False,False,False,wet,H2O,186,26,26_16,none
0.945,11.721,15.005,20.017,201.458,89.998,501.458,4028.057,5035.228,5.08,91.867,29.979,59.127,405,516.341,110.461,3668.0,1449.0,339.0,71.869,52.23,0.869,2057.0,1.98e+16,1.05e+16,4e+17,3e+17,32470.866,106.03,860.0,159,1275.53,45.06,0.14,31,-18.629999999999995,23.181612903225805,False,False,False,wet,H2O,159,26,26_17,none
0.883,13.538,15.194,19.888,201.306,90.06,501.076,4022.732,5028.314,4.849,92.022,29.907,50.654,405,514.101,110.508,3657.0,1518.0,315.0,71.249,52.483,0.924,2057.0,1.56e+16,1.12e+17,2.05e+16,3e+17,32470.744,105.971,860.0,159,1269.88,45.01,0.32,32,-11.039999999999964,22.22,False,False,False,wet,H2O,126,26,26_18,none
0.612,20.734,14.665,19.79,201.295,90.123,501.375,4026.928,5033.482,5.059,92.404,30.083,61.127,405,513.933,111.564,3674.0,1437.0,308.0,72.493,52.434,0.885,2061.0,2.07e+16,1.79e+16,1.24e+18,3.01e+17,32479.622,105.865,860.0,159,1268.52,44.99,0.24,31,-25.33000000000004,23.39774193548387,False,False,False,wet,H2O,150,26,26_19,none
0.446,12.854,14.916,19.983,202.973,89.871,503.198,4062.49,5078.214,5.2,92.0,29.912,52.646,405,499.515,110.459,3668.0,1543.0,282.0,72.609,52.728,1.157,2048.0,1.8e+16,8.75e+16,11461295709.067,3.02e+17,32473.939,106.728,860.0,160,1272.11,45.02,0.28,34,-25.94000000000005,21.35117647058824,False,False,False,wet,H2O,84,26,26_20,none
1.141,13.791,14.913,19.934,201.952,89.963,501.948,4039.284,5048.946,5.015,92.355,29.978,48.883,405,507.804,110.469,3671.0,1459.0,288.0,72.339,52.515,1.144,2071.0,1.53e+16,2.33e+16,6.91e+17,3e+17,32455.044,105.892,860.0,159,1281.74,44.99,0.26,33,-22.610000000000014,21.89727272727273,False,False,False,wet,H2O,150,26,26_21,none
0.918,12.336,15.028,20.04,202.191,89.918,502.159,4043.823,5054.948,5.234,92.457,30.076,46.949,405,503.063,110.389,3658.0,1457.0,170.0,71.637,52.395,1.087,2047.0,1.86e+16,1.83e+17,2.23e+16,2.99e+17,32442.77,105.677,860.0,159,1278.62,45.06,0.19,32,-16.49000000000001,22.3903125,False,False,False,wet,H2O,81,26,26_22,none
0.793,13.729,15.044,19.984,202.07,89.813,502.016,4043.065,5053.837,5.111,92.314,29.984,52.708,405,502.89,110.281,3656.0,1436.0,163.0,71.135,52.352,1.129,2088.0,1.59e+16,1.3e+17,3.35e+17,2.99e+17,32423.724,105.786,860.0,159,1272.36,45.01,0.09,32,-12.559999999999944,22.2675,False,False,False,wet,H2O,96,26,26_23,none
0.932,20.93,14.827,19.838,202.462,90.09,502.442,4047.875,5059.918,5.083,92.276,30.061,47.136,405,512.631,109.994,3665.0,1431.0,333.0,71.921,52.272,1.104,2082.0,1.02e+16,3250000000000000.0,2.44e+17,3e+17,32413.466,105.427,860.0,158,1277.81,45.1,0.26,32,-21.58000000000004,22.549375,False,False,False,wet,H2O,105,26,26_24,none
0.771,11.579,15.057,19.929,202.252,89.967,502.405,4045.876,5057.375,4.986,92.182,30.131,45.992,405,505.346,109.942,3674.0,1517.0,299.0,72.501,51.848,0.886,2035.0,2.02e+16,1.88e+17,1.2e+18,3.01e+17,32415.961,105.042,860.0,158,1282.64,45.1,0.26,32,-25.590000000000032,22.6746875,False,False,False,wet,H2O,150,26,26_25,none
0.911,20.639,14.811,20.058,202.4,90.1,502.511,4050.486,5063.004,4.995,92.392,29.981,53.76,405,505.433,109.179,3665.0,1397.0,292.0,71.716,52.013,0.99,2039.0,2950000000000000.0,3270000000000000.0,1309999999999999.8,3.01e+17,32428.101,105.212,860.0,158,1276.48,44.9,0.05,31,-15.860000000000014,23.09225806451613,False,False,False,wet,H2O,156,26,26_26,none
0.766,10.638,14.992,20.107,202.275,89.914,502.243,4046.494,5058.349,4.946,91.939,30.063,46.366,405,507.163,109.359,3663.0,1375.0,249.0,72.304,51.801,1.178,2083.0,2.17e+16,2.17e+17,3.82e+17,3.01e+17,32424.692,104.188,860.0,156,1281.08,44.89,0.19,32,-24.389999999999983,22.6371875,False,False,False,wet,H2O,57,26,26_27,none
0.531,12.578,15.046,19.923,199.533,89.924,501.386,4035.576,5090.889,5.111,92.03,29.89,36.815,405,517.914,105.331,3658.0,1555.0,362.0,72.451,51.271,0.993,2026.0,9270000000000000.0,8.88e+16,8.1e+17,3.01e+17,31617.811,104.286,891.0,152,936.38,33.49,0.18,66,-2.4400000000000546,10.643030303030304,False,False,False,wet,H2O,96,7,7_28,none
1.297,19.744,15.251,20.062,195.908,89.947,496.518,3952.697,4862.876,4.818,91.299,29.923,51.331,365,483.842,107.079,3638.0,1438.0,180.0,72.552,50.45,0.878,2082.0,1.45e+16,1.71e+17,6.85e+17,3.01e+17,31073.244,104.141,894.0,155,1070.51,32.62,0.23,95,-2.7799999999999727,7.397684210526315,False,False,False,wet,H2O,79,7,7_29,none
0.978,16.116,15.142,19.878,200.348,89.925,501.627,3972.263,4993.616,5.044,92.2,29.91,41.066,436,517.081,106.774,3655.0,1530.0,397.0,71.549,50.967,0.969,2058.0,8320000000000000.0,1.34e+17,8.38e+17,3.03e+17,30527.029,105.007,914.0,153,1039.94,35.36,0.29,121,-10.860000000000014,5.874876033057851,False,False,False,wet,H2O,61,7,7_30,none
1.001,16.672,15.023,19.944,201.18,89.994,501.048,4020.992,5026.403,4.924,91.811,30.043,56.238,405,512.923,110.905,3664.0,1436.0,233.0,72.112,52.418,1.07,2089.0,1.69e+16,1.6e+17,7.44e+17,3e+17,32486.05,106.33,861.0,160,875.35,22.67,0.21,232,-22.039999999999964,3.1122413793103445,False,False,False,dry,O2,90,26,26_7,none
1.01,16.806,14.923,19.949,200.468,89.998,500.496,4009.846,5012.106,4.887,91.865,29.953,54.204,405,513.58,110.83,3665.0,1404.0,306.0,71.943,52.317,1.112,2064.0,1.98e+16,9.28e+16,1.18e+18,3.01e+17,32492.619,106.028,860.0,159,874.8,22.61,0.36,230,-19.879999999999995,3.1299130434782607,False,False,False,dry,O2,120,26,26_6,none
0.638,16.564,14.934,20.163,200.528,89.928,500.546,4010.469,5013.075,5.054,91.55,30.061,57.175,405,511.777,110.211,3663.0,1485.0,201.0,72.055,52.404,1.059,2082.0,4100000000000000.0,1.67e+16,1.77e+16,2.98e+17,32473.079,105.843,861.0,159,874.56,22.43,0.14,230,-19.879999999999995,3.1299130434782607,False,False,False,dry,O2,93,26,26_5,none
0.997,17.021,14.94,20.059,200.726,89.924,500.416,4010.583,5013.164,4.934,91.406,29.941,48.737,405,508.707,110.201,3667.0,1427.0,285.0,71.974,52.144,1.157,2085.0,1.53e+16,8.62e+16,9.2e+17,3e+17,32476.007,105.819,860.0,159,874.41,22.45,0.3,230,-20.230000000000015,3.131434782608696,False,False,False,dry,O2,129,26,26_4,none
1.234,14.882,15.012,20.041,200.501,89.995,500.195,4061.224,4899.641,5.009,91.506,30.039,57.102,436,521.62,108.172,3659.0,1448.0,450.0,72.192,50.722,1.184,2076.0,1.17e+16,1.05e+17,2.54e+17,2.99e+17,30799.939,103.016,882.0,152,1092.79,32.55,0.11,148,0.4900000000000091,4.726418918918919,False,False,False,dry,O2,147,6,6_7,none
1.251,17.738,14.965,20.025,201.95,89.993,499.892,3942.74,4932.433,5.187,90.094,30.211,39.385,365,522.263,106.966,3643.0,1519.0,363.0,70.32,52.235,1.086,2046.0,1.14e+16,1.22e+17,4.95e+17,2.99e+17,30537.273,104.429,880.0,159,1094.87,34.53,0.22,148,-7.899999999999977,4.783108108108108,False,False,False,wet,H2O,94,6,6_8,none
1.555,15.845,15.03,19.906,202.177,90.011,502.366,4031.304,4989.023,4.818,92.65,29.97,45.992,436,483.336,108.215,3659.0,1470.0,147.0,70.532,51.052,0.943,2055.0,7620000000000000.0,1.17e+17,9.12e+17,2.98e+17,33254.877,104.15,909.0,156,1105.66,42.42,0.39,98,-23.82000000000005,7.385918367346939,False,False,False,dry,O2,70,6,6_9,none
0.979,17.491,15.186,19.984,199.429,89.787,496.999,3961.728,5075.795,4.908,91.987,29.99,51.085,405,530.041,110.175,3666.0,1489.0,353.0,70.549,50.961,0.88,2057.0,1.51e+16,8.7e+16,8.44e+17,3.02e+17,32529.14,103.325,920.0,150,999.88,24.52,0.23,97,-16.950000000000045,7.391237113402062,False,False,False,dry,O2,103,6,6_10,none
1.503,14.675,14.837,20.111,203.378,89.75,496.91,3911.806,5047.363,4.84,91.354,30.081,46.698,436,528.755,104.863,3669.0,1537.0,289.0,72.27,50.858,0.88,2038.0,1.08e+16,1.26e+17,3.85e+17,3.01e+17,31724.04,103.075,913.0,159,1123.96,26.23,0.22,46,-1.509999999999991,15.250217391304348,False,False,False,wet,H2O,116,6,6_11,none
0.697,14.361,15.035,20.017,197.755,90.003,504.941,3944.099,4956.985,4.755,91.464,29.806,50.689,405,454.316,107.677,3673.0,1636.0,204.0,71.35,51.368,1.198,1996.0,1.18e+16,6.74e+16,7.6e+17,3e+17,32188.017,102.389,892.0,148,934.36,34.17,0.3,186,-19.980000000000015,3.870860215053764,False,False,False,dry,O2,104,6,6_12,none
2.026,14.779,15.003,19.852,202.887,90.202,497.073,4002.404,4939.449,5.133,93.175,30.014,6.133,405,490.313,109.512,3650.0,1635.0,415.0,69.908,50.553,1.012,2048.0,1.53e+16,1.38e+17,5.63e+17,3e+17,32482.038,103.55,879.0,154,1034.37,37.59,0.3,153,-4.600000000000023,4.605228758169935,False,False,False,dry,O2,76,6,6_13,none
0.858,16.439,14.992,19.928,198.391,89.927,500.386,3957.03,4925.944,5.122,92.133,30.076,53.749,436,528.822,110.349,3635.0,1495.0,343.0,69.53,51.25,0.907,2083.0,1.14e+16,1.45e+17,4.62e+17,3.01e+17,32373.222,100.614,921.0,152,1099.6,26.69,0.02,82,10.090000000000032,8.413536585365854,False,False,False,wet,H2O,82,6,6_14,none
1.119,14.784,15.094,20.157,197.52,89.918,502.495,4056.583,4941.816,5.056,92.015,30.07,45.656,365,509.864,108.957,3671.0,1402.0,313.0,71.912,50.648,0.954,2021.0,1.27e+16,1.48e+17,3.75e+17,2.99e+17,31400.492,100.894,882.0,155,1071.93,43.1,0.37,121,-4.809999999999945,5.82487603305785,False,False,False,wet,H2O,106,6,6_15,none
2.14,16.903,14.878,20.073,198.94,89.911,500.035,4042.891,4982.176,4.972,91.895,29.874,37.193,436,509.435,107.492,3642.0,1343.0,157.0,70.94,51.264,0.937,2069.0,1.52e+16,1.76e+17,5.12e+17,3.02e+17,30763.695,99.712,895.0,156,1075.62,33.5,0.07,124,-3.6000000000000227,5.674193548387097,False,False,False,dry,O2,68,6,6_16,none
1.025,15.853,14.711,20.025,201.147,90.139,501.013,3987.256,4970.114,5.027,92.89,29.839,47.149,405,516.731,108.958,3634.0,1487.0,362.0,70.423,51.064,1.032,2103.0,1.73e+16,8.09e+16,5.51e+17,2.99e+17,32021.87,102.742,909.0,153,1039.38,36.87,0.04,59,-15.470000000000027,12.126610169491526,False,False,False,dry,O2,83,6,6_17,none
0.846,16.594,14.974,20.047,200.307,89.923,500.411,4072.992,5029.108,5.277,92.368,30.021,42.062,405,523.789,105.624,3657.0,1483.0,256.0,69.746,51.648,0.829,2046.0,6850000000000000.0,1.39e+17,5.96e+17,3e+17,32340.642,102.649,920.0,154,1074.64,42.68,0.12,83,-8.120000000000005,8.53156626506024,False,False,False,dry,O2,105,7,7_32,none
1.339,14.027,15.017,20.002,201.132,90.047,501.046,3955.876,5001.921,4.987,90.631,29.882,34.075,436,537.884,109.213,3672.0,1242.0,386.0,69.734,52.019,1.08,2047.0,1.18e+16,1.88e+17,1.02e+18,3.02e+17,30633.558,104.76,905.0,154,1073.75,32.0,0.1,164,4.330000000000041,4.241890243902438,False,False,False,wet,H2O,68,6,6_18,none
0.931,15.142,14.851,20.051,198.59,89.982,500.841,4070.694,5050.577,4.802,92.294,29.901,33.764,436,524.606,109.759,3635.0,1524.0,418.0,71.226,51.252,1.181,2075.0,1.23e+16,7.14e+16,3.83e+17,2.99e+17,32150.593,102.717,898.0,154,1224.76,29.93,0.27,8,-2.2100000000000364,87.77625,False,False,False,dry,O2,107,6,6_20,none
0.921,12.92,15.069,20.164,201.196,90.086,497.33,4073.737,5081.319,4.941,89.755,30.083,33.251,405,554.15,106.63,3653.0,1570.0,99.0,72.419,50.96,0.998,2062.0,1.29e+16,1.37e+17,3.09e+17,2.99e+17,33008.954,101.671,915.0,154,1236.95,28.07,0.03,167,-8.340000000000032,4.241556886227545,False,False,False,dry,O2,75,6,6_21,none
2.101,15.753,14.957,19.999,198.925,90.083,498.725,4109.333,4953.978,5.024,90.655,30.054,47.656,405,505.025,107.261,3641.0,1271.0,280.0,70.474,50.345,0.933,2062.0,1.35e+16,6.67e+16,6.27e+17,2.98e+17,31843.82,100.651,912.0,152,1102.82,33.61,0.06,114,3.730000000000018,6.107631578947368,False,False,False,dry,O2,31,6,6_22,none
1.832,13.195,15.031,20.159,201.36,90.052,497.006,4017.458,5046.325,4.977,93.195,30.139,56.431,436,511.911,108.293,3651.0,1436.0,195.0,71.58,50.773,1.078,2053.0,2.21e+16,1.51e+17,4.07e+17,3.01e+17,31872.13,104.563,898.0,152,1151.38,32.35,0.14,104,-8.039999999999964,6.808076923076923,False,False,False,wet,H2O,71,6,6_23,none
1.844,13.833,15.144,19.799,202.392,89.975,501.939,4079.251,5011.375,5.082,91.863,29.903,67.916,436,500.98,107.263,3633.0,1398.0,49.0,71.599,50.476,1.14,2091.0,9310000000000000.0,4.15e+16,8.62e+17,2.99e+17,31336.123,102.746,895.0,156,1047.16,35.07,0.21,122,-9.240000000000007,5.81344262295082,False,False,False,dry,O2,61,6,6_24,none
1.699,17.577,15.148,20.024,194.992,90.106,498.474,4208.817,4859.718,4.853,90.864,30.241,43.517,405,542.48,108.412,3682.0,1406.0,548.0,71.549,50.764,1.056,2038.0,1.36e+16,1.18e+17,5.84e+17,3.01e+17,33259.536,103.424,866.0,157,1053.5,38.62,-0.08,130,-20.450000000000045,5.541923076923077,True,False,False,wet,H2O,120,6,6_25,none
1.448,16.215,15.002,20.111,201.687,90.029,498.484,4075.879,4919.551,4.814,90.61,30.237,26.338,405,526.712,109.424,3657.0,1575.0,330.0,71.209,51.23,1.098,2044.0,1.45e+16,9.28e+16,5.7e+17,2.98e+17,31061.596,100.601,908.0,153,1012.67,30.99,0.25,158,-11.809999999999944,4.50512658227848,False,False,False,wet,H2O,135,6,6_26,none
1.417,14.726,15.113,20.099,203.166,89.98,498.735,3995.802,5012.116,5.195,92.883,30.157,55.901,405,517.786,107.349,3659.0,1591.0,307.0,70.895,51.614,1.163,2028.0,1.18e+16,1.38e+17,1.13e+17,2.98e+17,32412.65,100.917,905.0,150,1136.4,34.05,0.37,68,-7.960000000000036,10.411176470588236,False,False,False,wet,H2O,135,6,6_27,none
0.747,16.657,14.901,20.117,199.434,89.875,499.547,3989.38,4986.557,4.855,91.088,29.875,46.514,405,513.153,109.758,3668.0,1507.0,306.0,71.861,51.996,1.026,2039.0,5910000000000000.0,2.54e+16,2.64e+17,3.01e+17,32473.276,105.253,861.0,158,874.88,22.64,0.16,229,-18.99000000000001,3.139694323144105,False,False,False,dry,O2,156,26,26_1,none
0.605,16.726,14.867,19.93,199.695,90.026,499.752,3997.9,4997.398,5.1,91.394,29.997,55.409,405,508.128,110.214,3663.0,1397.0,283.0,71.961,52.231,1.095,2075.0,1.26e+16,9.82e+16,7.23e+17,3.01e+17,32478.678,105.875,860.0,159,874.94,22.58,0.16,229,-19.07000000000005,3.1400436681222708,False,False,False,dry,O2,102,26,26_2,none
0.898,18.971,14.84,19.968,200.53,89.948,500.302,4008.181,5009.996,5.03,91.543,29.768,51.281,405,518.17,110.189,3668.0,1579.0,272.0,72.035,52.155,1.047,2036.0,3880000000000000.0,29599999999999.93,3.9e+16,3e+17,32479.545,105.922,861.0,159,874.8,22.53,0.12,231,-20.299999999999955,3.118181818181818,False,False,False,dry,O2,147,26,26_3,none
1.188,13.065,15.086,20.018,204.4,90.12,497.888,3908.853,5139.621,5.19,91.709,30.037,31.371,436,528.841,107.356,3644.0,1520.0,470.0,68.901,50.673,1.097,2074.0,1.04e+16,7.74e+16,9.51e+16,3.01e+17,30605.753,102.467,886.0,156,1145.12,30.05,0.18,115,-8.899999999999977,6.164347826086956,False,False,False,wet,H2O,69,6,6_19,none
0.505,16.555,15.07,20.013,202.12,90.034,502.062,4042.213,5052.805,5.063,92.599,30.006,26.635,436,551.234,108.76,3645.0,1466.0,233.0,71.059,51.351,1.215,2076.0,5250000000000000.0,2150000000000000.0,2270000000000.056,3e+17,32299.105,103.479,919.0,155,871.44,22.0,0.28,220,-10.009999999999993,3.2273181818181818,False,False,False,dry,O2,159,21,21_23,none
1.939,13.256,15.362,19.989,201.62,89.946,500.871,3978.803,4968.188,5.258,91.871,30.084,35.131,436,536.509,106.355,3629.0,1497.0,300.0,70.752,50.951,0.941,2058.0,8270000000000000.0,9.34e+16,5.31e+17,3.01e+17,31076.658,102.361,918.0,152,1255.79,32.95,0.11,231,-11.07000000000005,3.0782251082251086,False,False,False,dry,O2,50,12,12_48,none
0.77,12.249,14.889,20.043,197.799,90.117,503.113,4028.979,4981.16,5.049,91.973,29.894,30.581,436,551.743,108.533,3664.0,1467.0,425.0,70.424,51.612,0.92,2083.0,1.46e+16,1.03e+17,6.53e+17,3e+17,31621.404,101.558,889.0,153,1192.82,35.43,0.23,104,-1.42999999999995,6.74451923076923,False,False,False,dry,O2,102,12,12_50,none
0.725,16.628,14.85,20.065,203.969,90.095,503.973,4077.814,5097.11,5.276,93.643,30.013,37.427,436,544.718,109.824,3636.0,1441.0,190.0,71.22,51.819,1.052,2086.0,6430000000000000.0,6.43e+16,2.93e+17,3e+17,32299.641,104.416,931.0,157,884.99,22.12,0.33,25,-12.480000000000018,28.4992,False,False,False,dry,O2,66,20,20_53,none
1.1,17.294,14.856,20.053,205.305,90.115,504.97,4101.211,5126.275,5.287,93.558,30.047,43.533,436,543.276,109.7,3641.0,1402.0,204.0,71.374,52.033,1.023,2087.0,1.7e+16,4.15e+16,9200000000000000.0,3e+17,32301.959,104.532,929.0,157,876.3,22.16,0.19,25,-13.92999999999995,28.5572,False,False,False,dry,O2,102,20,20_54,none
0.773,16.271,15.08,20.085,202.342,90.161,502.518,4046.99,5058.673,5.006,92.635,30.138,30.217,436,565.612,107.108,3639.0,1441.0,256.0,70.705,50.872,1.149,2081.0,1.85e+16,6.32e+16,44099999999999.8,3e+17,32300.961,102.388,907.0,153,871.81,22.18,0.18,217,-6.649999999999977,3.2564516129032257,False,False,False,dry,O2,96,20,20_1,none
0.921,16.015,15.033,20.04,201.864,89.842,501.825,4036.056,5044.869,5.041,92.799,30.015,23.164,436,562.575,107.716,3636.0,1328.0,191.0,70.589,50.869,0.951,2078.0,2.14e+16,1.91e+17,8.69e+17,3e+17,32301.723,102.212,912.0,153,871.3,22.08,0.32,216,-5.990000000000009,3.2684722222222224,False,False,False,dry,O2,87,20,20_2,none
1.031,16.85,14.922,20.087,203.191,89.93,502.946,4061.539,5076.837,5.289,92.317,29.939,16.871,436,547.847,107.128,3639.0,1418.0,224.0,70.855,51.322,1.117,2063.0,2810000000000000.0,1.87e+16,6.39e+16,3e+17,32299.411,103.155,907.0,155,871.91,22.22,0.21,218,-7.5,3.2454128440366974,False,False,False,dry,O2,93,20,20_3,none
0.684,16.324,14.955,19.907,202.081,90.154,502.075,4041.589,5052.061,5.054,93.361,30.055,32.685,436,549.11,109.228,3630.0,1408.0,122.0,70.673,50.887,0.772,2087.0,7680000000000000.0,7.68e+16,1620000000000000.0,2.98e+17,32297.557,102.422,923.0,154,871.25,22.22,0.34,217,-6.960000000000036,3.257880184331797,False,False,False,dry,O2,45,20,20_4,none
0.844,16.358,14.906,19.926,204.392,89.848,504.606,4090.333,5113.04,5.173,93.37,30.175,30.661,436,552.659,108.617,3636.0,1391.0,236.0,71.083,51.784,1.093,2078.0,1.35e+16,1.47e+16,4.321,3.01e+17,32298.919,104.261,919.0,156,871.66,22.23,0.28,220,-9.850000000000025,3.226590909090909,False,False,False,dry,O2,69,20,20_5,none
0.91,16.255,15.279,19.892,202.958,89.943,502.931,4059.971,5074.608,4.982,93.232,29.997,25.175,436,549.399,108.489,3635.0,1349.0,286.0,70.903,51.567,1.138,2045.0,1.04e+16,1.67e+16,3.09e+17,3e+17,32298.175,103.652,919.0,155,872.13,22.14,0.22,219,-9.120000000000005,3.2379908675799087,False,False,False,dry,O2,69,20,20_6,none
1.091,17.047,14.731,19.98,203.768,89.888,503.872,4074.526,5093.235,5.082,92.898,30.029,32.075,436,563.07,108.507,3635.0,1432.0,174.0,70.864,51.365,1.105,2094.0,4510000000000000.0,292999999999999.9,2289999999999.892,2.99e+17,32301.701,103.526,917.0,155,871.44,22.12,0.19,220,-9.850000000000025,3.226590909090909,False,False,False,dry,O2,48,20,20_7,none
1.156,16.567,15.041,19.939,203.224,90.031,503.474,4066.175,5082.686,5.182,93.255,30.048,28.172,436,543.253,108.896,3630.0,1331.0,136.0,70.823,51.597,0.967,2087.0,6350000000000000.0,3.42e+16,3.37e+17,2.98e+17,32300.224,103.9,921.0,156,871.6,22.06,0.24,220,-9.110000000000014,3.223227272727273,False,False,False,dry,O2,24,20,20_8,none
0.918,16.982,15.066,19.956,203.859,90.112,503.878,4077.744,5097.112,5.022,93.096,29.826,29.817,436,549.032,108.563,3632.0,1350.0,208.0,70.779,51.926,0.992,2087.0,5820000000000000.0,4.18e+16,3.27e+17,3.01e+17,32296.35,104.361,920.0,157,872.26,22.35,0.08,220,-9.340000000000032,3.2242727272727274,False,False,False,dry,O2,39,20,20_9,none
1.164,17.939,15.067,20.069,204.027,89.99,503.755,4078.439,5097.878,4.966,93.681,30.013,38.324,436,542.491,109.435,3649.0,1460.0,404.0,70.998,51.569,1.01,2038.0,3920000000000000.0,3060000000000000.0,614999999999999.9,2.99e+17,32299.1,103.817,926.0,156,872.14,22.33,0.36,221,-10.57000000000005,3.2152488687782808,False,False,False,dry,O2,204,20,20_10,Center
1.023,16.221,14.98,20.034,204.268,89.878,504.454,4087.851,5109.93,5.314,93.541,30.087,32.34,436,546.209,109.2,3631.0,1260.0,111.0,71.107,51.922,0.983,2050.0,1.32e+16,6.51e+16,6.63e+17,2.99e+17,32301.161,104.285,926.0,156,871.73,22.18,0.19,221,-11.110000000000014,3.217692307692308,False,False,False,dry,O2,18,20,20_11,none
1.0,16.999,15.057,19.903,204.022,89.793,503.98,4079.949,5099.582,5.17,92.886,29.837,30.142,436,560.907,108.089,3638.0,1337.0,217.0,71.128,51.566,1.107,2082.0,8590000000000000.0,703000000000000.0,3469999999999.934,3e+17,32299.87,103.979,917.0,156,872.16,22.17,0.22,222,-11.470000000000027,3.20481981981982,False,False,False,dry,O2,66,20,20_12,none
0.993,15.79,15.216,20.117,203.216,90.1,503.292,4065.829,5082.454,5.114,93.483,30.022,37.515,436,551.276,108.973,3633.0,1323.0,177.0,71.026,51.294,1.104,2076.0,9400000000000000.0,2.13e+16,5.53e+17,3.01e+17,32299.471,103.855,923.0,155,872.47,22.16,0.32,220,-9.470000000000027,3.2248636363636365,False,False,False,dry,O2,51,20,20_13,none
1.137,16.137,15.001,20.051,204.017,89.97,504.116,4080.16,5100.595,5.025,93.539,29.99,32.236,436,547.514,108.954,3637.0,1511.0,193.0,70.977,51.776,1.104,2059.0,9460000000000000.0,7.49e+16,5.67e+17,3e+17,32300.333,103.945,925.0,156,871.85,22.17,0.27,221,-10.409999999999968,3.214524886877828,False,False,False,dry,O2,93,20,20_14,none
0.893,16.523,15.081,20.02,204.623,89.938,504.55,4089.982,5112.462,5.022,93.638,30.026,35.815,436,546.547,109.587,3641.0,1488.0,237.0,71.139,51.702,1.053,2050.0,1.68e+16,1.67e+17,9.99e+17,3.02e+17,32298.132,104.326,928.0,156,871.8,22.26,0.03,222,-11.370000000000005,3.2043693693693696,False,False,False,dry,O2,126,20,20_15,none
0.893,17.587,15.009,20.011,205.364,89.943,505.307,4104.597,5130.622,5.136,93.572,29.989,46.545,436,553.311,109.626,3641.0,1482.0,255.0,71.454,51.706,1.056,2088.0,8590000000000000.0,1.98e+16,4.29e+16,2.99e+17,32298.735,104.591,928.0,157,872.29,22.23,0.18,223,-12.450000000000044,3.1948430493273543,False,False,False,dry,O2,114,20,20_16,none
0.812,17.658,14.814,20.016,204.536,90.01,504.436,4089.509,5111.902,5.209,93.425,30.058,34.879,436,547.65,109.407,3643.0,1482.0,256.0,71.167,51.898,1.229,2066.0,1.54e+16,5.11e+16,1.43e+16,2.99e+17,32298.473,104.353,927.0,157,871.77,22.17,0.29,223,-12.58000000000004,3.19542600896861,False,False,False,dry,O2,135,20,20_17,none
0.842,17.328,15.141,20.014,204.048,90.004,504.054,4078.283,5097.867,5.139,93.565,29.929,34.277,436,547.829,109.369,3634.0,1386.0,151.0,71.029,51.766,1.023,2077.0,5080000000000000.0,5320000000000000.0,7.89e+16,2.97e+17,32299.322,104.201,927.0,156,872.02,22.08,0.32,222,-11.700000000000044,3.205855855855856,False,False,False,dry,O2,54,20,20_18,none
1.085,16.48,15.163,20.032,204.505,90.127,504.779,4092.014,5115.036,5.007,93.497,29.876,42.31,436,557.009,109.289,3641.0,1519.0,206.0,71.182,51.769,0.846,2084.0,1.63e+16,13500000000000.006,2800000000000000.0,2.99e+17,32296.955,104.388,926.0,157,871.7,22.35,0.22,222,-11.600000000000025,3.205405405405405,False,False,False,dry,O2,117,20,20_19,none
0.996,16.647,14.991,19.913,203.972,90.121,503.915,4075.744,5094.563,5.18,93.314,29.947,32.684,436,542.257,109.188,3637.0,1394.0,158.0,71.047,51.63,0.979,2056.0,1.23e+16,1.06e+17,7.11e+17,3e+17,32300.527,104.448,925.0,156,872.52,22.16,0.33,222,-11.92999999999995,3.206891891891892,False,False,False,dry,O2,75,20,20_20,none
0.843,16.496,14.962,19.966,204.649,90.013,504.501,4089.054,5110.949,5.112,93.708,30.089,36.135,436,542.985,109.837,3641.0,1446.0,278.0,71.275,51.774,0.973,2048.0,1.68e+16,1.6e+17,8.38e+17,3e+17,32302.489,104.019,929.0,156,871.56,22.1,0.19,222,-11.82000000000005,3.206396396396397,False,False,False,dry,O2,120,20,20_21,none
0.858,16.565,15.029,20.096,203.185,89.878,503.487,4069.385,5086.561,5.077,93.226,30.15,33.163,436,548.649,109.184,3640.0,1441.0,177.0,71.147,51.778,1.006,2047.0,1.46e+16,2.46e+16,551000000000000.0,3.01e+17,32299.483,103.881,926.0,156,884.6,22.17,0.26,25,-11.259999999999993,28.4504,False,False,False,dry,O2,117,20,20_52,none
0.856,16.195,15.017,19.895,204.622,90.042,504.417,4090.46,5112.841,5.04,93.326,30.094,36.518,436,545.747,109.227,3656.0,1519.0,381.0,71.159,51.862,1.227,2057.0,1.8e+16,1.49e+17,6.07e+17,3e+17,32302.638,104.267,925.0,157,871.81,22.15,0.32,223,-12.899999999999975,3.196860986547085,False,False,False,dry,O2,258,20,20_22,Scratch
1.07,16.903,14.991,20.045,204.106,90.236,504.016,4081.788,5102.002,5.198,92.843,29.797,30.201,436,548.216,108.676,3639.0,1588.0,212.0,71.117,51.782,1.075,2059.0,1.25e+16,158000000000000.03,131373194.565,2.99e+17,32298.397,104.192,922.0,156,884.85,21.99,0.23,25,-11.57000000000005,28.4628,False,False,False,dry,O2,90,20,20_51,none
0.772,16.101,15.098,20.008,204.606,89.881,504.557,4090.258,5112.926,5.071,93.189,29.968,36.609,436,545.525,109.013,3656.0,1526.0,381.0,71.3,51.825,0.982,2057.0,1.8e+16,1.49e+17,6.07e+17,3e+17,32302.7,104.403,925.0,157,886.57,22.11,0.31,23,-12.870000000000005,30.99434782608696,False,False,False,dry,O2,258,20,20_49,Scratch
1.223,16.551,14.873,20.057,204.485,90.011,504.733,4091.791,5115.118,5.236,93.165,30.052,14.669,436,546.893,107.747,3638.0,1388.0,188.0,70.988,51.159,1.129,2089.0,2.14e+16,1.67e+17,1.21e+18,3e+17,32302.134,103.086,913.0,155,872.19,22.25,0.25,221,-10.769999999999982,3.216153846153846,False,False,False,dry,O2,72,19,19_26,none
0.803,16.961,15.099,19.995,202.526,90.014,502.807,4054.603,5068.171,4.987,92.852,30.163,17.87,436,549.976,107.125,3635.0,1378.0,221.0,70.669,50.875,1.08,2051.0,8620000000000000.0,8170000000000000.0,4.53e+17,3e+17,32299.61,102.597,910.0,154,871.6,22.01,0.31,217,-6.8700000000000045,3.2574654377880186,False,False,False,dry,O2,66,19,19_27,none
0.652,16.255,14.916,19.98,202.282,89.966,502.311,4036.981,5058.754,5.144,92.304,30.018,30.275,436,565.463,106.981,3639.0,1441.0,218.0,70.577,50.843,1.017,2081.0,1.85e+16,6.32e+16,44100000000000.09,3e+17,32301.057,102.025,907.0,153,890.86,22.13,0.13,31,-6.669999999999959,22.7958064516129,False,False,False,dry,O2,96,20,20_28,none
0.859,15.852,15.006,19.958,201.89,90.021,501.99,4014.038,5044.967,5.137,92.923,30.062,23.07,436,562.511,108.055,3636.0,1328.0,177.0,70.637,50.869,1.001,2078.0,2.14e+16,1.91e+17,8.69e+17,3e+17,32301.416,102.228,912.0,153,876.93,22.35,0.05,32,-5.960000000000036,22.06125,False,False,False,dry,O2,87,20,20_29,none
1.08,17.146,14.893,19.927,203.011,90.166,503.061,3985.696,5077.101,4.85,92.269,29.949,17.088,436,547.877,107.186,3639.0,1418.0,221.0,70.746,51.315,1.089,2063.0,2810000000000000.0,1.87e+16,6.39e+16,3e+17,32299.365,103.118,907.0,155,887.92,22.19,0.22,31,-7.620000000000003,22.826451612903227,False,False,False,dry,O2,93,20,20_30,none
0.567,16.459,15.091,19.993,201.988,90.246,502.191,4047.427,5052.089,5.184,93.468,29.986,32.785,436,548.821,109.127,3630.0,1408.0,175.0,70.759,51.03,0.967,2087.0,7680000000000000.0,7.68e+16,1620000000000000.0,2.98e+17,32297.504,102.72,923.0,154,886.88,22.29,0.22,34,-6.879999999999996,20.79058823529412,False,False,False,dry,O2,45,20,20_31,none
0.897,16.254,15.03,20.024,204.477,90.122,504.526,3955.392,5112.779,5.046,93.268,29.805,30.721,436,552.745,108.538,3636.0,1391.0,236.0,70.883,51.723,1.099,2078.0,1.35e+16,1.47e+16,4.508,3.01e+17,32298.94,104.224,919.0,156,881.5,22.16,0.17,33,-9.740000000000007,21.507272727272728,False,False,False,dry,O2,69,20,20_32,none
0.889,16.335,15.107,19.9,202.814,89.829,502.9,4062.704,5074.745,5.222,93.387,29.961,25.33,436,549.448,108.741,3635.0,1349.0,286.0,70.995,51.374,1.238,2045.0,1.04e+16,1.67e+16,3.09e+17,3e+17,32298.431,103.673,919.0,155,874.22,22.05,0.23,32,-9.139999999999986,22.160625,False,False,False,dry,O2,69,20,20_33,none
0.863,16.903,15.044,20.07,203.692,89.956,503.644,4071.563,5093.135,5.091,92.701,30.02,31.843,436,562.943,108.206,3635.0,1432.0,174.0,70.962,51.165,1.069,2094.0,4510000000000000.0,292999999999999.75,2289999999999.964,2.99e+17,32301.69,103.351,917.0,155,882.33,22.13,0.14,32,-9.889999999999986,22.1840625,False,False,False,dry,O2,48,20,20_34,none
1.121,16.663,14.864,20.043,203.302,90.093,503.22,3985.716,5082.854,5.067,93.262,29.887,28.071,436,543.213,108.92,3630.0,1331.0,136.0,71.14,51.65,0.8,2087.0,6350000000000000.0,3.42e+16,3.37e+17,2.98e+17,32300.024,103.945,921.0,156,875.75,22.23,0.29,32,-9.299999999999956,22.165625,False,False,False,dry,O2,24,20,20_35,none
0.752,16.743,14.962,19.985,203.857,89.99,503.937,3978.729,5097.101,5.084,92.848,29.93,29.797,436,548.887,108.43,3632.0,1350.0,208.0,70.929,51.778,1.206,2087.0,5820000000000000.0,4.18e+16,3.27e+17,3.01e+17,32296.18,104.597,920.0,157,886.65,22.22,0.1,32,-13.57000000000005,22.2990625,False,False,False,dry,O2,39,20,20_36,none
0.965,17.616,15.083,20.233,203.903,90.026,503.982,4055.903,5097.897,5.101,93.666,30.077,38.254,436,542.358,109.339,3649.0,1460.0,404.0,71.057,51.571,0.926,2038.0,3920000000000000.0,3060000000000000.0,614999999999999.8,2.99e+17,32299.214,104.08,926.0,156,881.22,22.15,0.21,31,-12.710000000000036,22.990645161290324,False,False,False,dry,O2,204,20,20_37,Center
1.106,16.253,14.909,20.121,204.55,90.024,504.492,4029.119,5109.761,5.154,93.438,30.104,32.139,436,546.098,109.236,3631.0,1260.0,111.0,71.108,51.693,1.161,2050.0,1.32e+16,6.51e+16,6.63e+17,2.99e+17,32301.13,104.358,926.0,156,891.13,22.22,0.2,32,-14.389999999999986,22.3246875,False,False,False,dry,O2,18,20,20_38,none
0.792,17.08,14.927,19.889,203.896,90.077,503.952,3971.09,5099.543,5.189,92.861,29.958,30.358,436,560.792,108.013,3638.0,1337.0,217.0,71.226,51.532,0.914,2082.0,8590000000000000.0,703000000000000.1,3469999999999.992,3e+17,32299.748,104.154,917.0,156,876.19,22.14,0.07,30,-15.360000000000014,23.845333333333333,False,False,False,dry,O2,66,20,20_39,none
1.007,15.717,15.109,20.063,203.67,89.92,503.12,4035.29,5082.268,5.034,93.514,30.033,37.387,436,551.071,109.106,3633.0,1323.0,177.0,70.988,51.296,0.989,2076.0,9400000000000000.0,2.13e+16,5.53e+17,3.01e+17,32299.552,103.606,923.0,155,874.39,22.1,0.07,28,-13.309999999999944,25.475357142857145,False,False,False,dry,O2,51,20,20_40,none
1.085,15.899,14.907,20.146,204.153,90.091,503.979,3952.721,5100.473,4.899,93.444,30.03,32.2,436,547.325,109.191,3637.0,1511.0,193.0,70.909,51.64,1.02,2059.0,9460000000000000.0,7.49e+16,5.67e+17,3e+17,32300.286,103.913,925.0,156,880.27,22.2,0.26,31,-10.360000000000014,22.91483870967742,False,False,False,dry,O2,93,20,20_41,none
1.114,16.538,14.969,20.018,204.57,89.964,504.419,3972.308,5112.495,5.063,93.709,30.002,35.563,436,546.494,109.611,3641.0,1709.0,237.0,71.113,51.722,0.85,2050.0,1.68e+16,1.67e+17,9.99e+17,3.02e+17,32298.333,104.082,928.0,156,889.91,22.26,0.19,30,-11.299999999999956,23.71,False,False,False,dry,O2,126,20,20_42,none
1.109,17.344,15.131,19.981,205.167,90.107,505.196,4017.198,5130.637,4.982,93.277,29.939,46.35,436,553.33,109.792,3641.0,1468.0,255.0,71.292,51.692,1.028,2088.0,8590000000000000.0,1.98e+16,4.29e+16,2.99e+17,32298.594,104.527,928.0,157,877.01,22.13,0.14,27,-12.379999999999995,26.384444444444444,False,False,False,dry,O2,114,20,20_43,none
1.063,17.295,14.738,19.927,204.489,89.916,504.618,4072.966,5111.845,5.111,93.361,30.038,34.855,436,547.841,109.341,3643.0,1466.0,256.0,71.518,51.844,0.991,2066.0,1.54e+16,5.11e+16,1.43e+16,2.99e+17,32298.711,104.159,927.0,157,876.45,22.19,0.29,27,-12.450000000000044,26.38703703703704,False,False,False,dry,O2,135,20,20_44,none
0.907,17.184,14.85,19.988,203.903,90.076,503.854,4084.908,5098.004,5.191,93.574,29.99,34.153,436,547.847,109.183,3634.0,1390.0,151.0,71.088,51.745,1.027,2077.0,5080000000000000.0,5320000000000000.0,7.89e+16,2.97e+17,32299.571,104.496,927.0,156,875.15,22.1,0.19,27,-11.659999999999968,26.357777777777777,False,False,False,dry,O2,54,20,20_45,none
1.21,16.488,15.15,20.225,204.545,90.002,504.682,4044.944,5114.93,5.059,93.469,29.978,42.35,436,557.024,109.358,3641.0,1561.0,206.0,71.248,51.659,1.025,2084.0,1.63e+16,13499999999999.969,2800000000000000.0,2.99e+17,32296.824,104.344,926.0,157,887.27,22.2,0.19,24,-11.610000000000014,29.65041666666667,False,False,False,dry,O2,117,20,20_46,none
0.446,16.353,14.944,20.176,203.931,89.86,503.792,4010.258,5094.545,5.08,93.366,29.918,32.664,436,542.441,109.354,3637.0,1665.0,158.0,71.114,51.835,0.703,2056.0,1.23e+16,1.06e+17,7.11e+17,3e+17,32300.454,104.178,925.0,156,876.89,22.04,0.11,23,-12.039999999999964,30.958260869565216,False,False,False,dry,O2,75,20,20_47,none
1.019,16.419,15.097,20.105,204.619,90.001,504.601,4088.902,5111.231,5.177,93.523,29.933,35.869,436,543.096,109.759,3641.0,1573.0,278.0,71.177,51.662,1.049,2048.0,1.68e+16,1.6e+17,8.38e+17,3e+17,32302.633,104.143,929.0,156,887.27,22.06,0.22,23,-11.769999999999982,30.94652173913044,False,False,False,dry,O2,120,20,20_48,none
0.92,17.237,14.957,19.856,203.755,90.012,503.628,4074.902,5093.459,4.947,93.417,30.166,36.32,436,555.891,109.453,3645.0,1481.0,297.0,71.19,51.728,1.036,2063.0,2.18e+16,1.45e+16,40299999999999.9,2.98e+17,32300.329,104.343,926.0,156,886.75,22.13,0.25,24,-11.730000000000018,29.655416666666667,False,False,False,dry,O2,156,20,20_50,none
0.856,17.205,15.143,19.977,203.732,89.856,503.756,4074.978,5093.635,5.089,93.555,29.896,36.206,436,556.084,109.542,3645.0,1509.0,297.0,71.207,51.725,0.979,2063.0,2.18e+16,1.45e+16,40300000000000.04,2.98e+17,32300.121,104.217,926.0,156,871.88,22.24,0.2,222,-11.490000000000007,3.20490990990991,False,False,False,dry,O2,156,20,20_23,none
0.981,16.915,15.188,19.947,204.054,89.816,504.35,4081.49,5101.882,4.909,92.863,30.032,30.168,436,548.337,108.805,3639.0,1455.0,212.0,71.016,51.866,1.205,2059.0,1.25e+16,158000000000000.2,131373194.649,2.99e+17,32298.311,104.198,922.0,156,871.86,21.96,0.1,222,-11.370000000000005,3.2043693693693696,False,False,False,dry,O2,90,20,20_24,none
0.874,16.692,15.083,20.177,203.518,89.972,503.285,4069.406,5086.782,5.082,93.297,29.897,33.224,436,548.628,109.153,3640.0,1377.0,177.0,71.044,51.674,1.1,2047.0,1.46e+16,2.46e+16,551000000000000.0,3.01e+17,32299.297,104.011,926.0,156,870.96,22.23,0.23,222,-11.029999999999973,3.202837837837838,False,False,False,dry,O2,117,20,20_25,none
1.673,18.622,14.756,19.958,202.015,89.877,502.035,4041.016,5051.47,5.048,92.79,30.133,34.33,436,472.427,108.954,3641.0,1382.0,217.0,71.178,51.2,0.954,2085.0,6790000000000000.0,1.53e+16,6890000000000000.0,3.01e+17,32202.576,103.179,924.0,155,882.4,22.02,0.16,27,-10.700000000000044,26.322222222222223,False,False,False,dry,O2,117,21,21_54,none
1.034,16.777,15.024,20.031,204.897,89.828,504.773,4093.942,5117.617,5.108,93.592,29.981,47.705,436,548.226,110.469,3641.0,1491.0,205.0,71.341,51.876,1.141,2042.0,1.96e+16,1.65e+17,2.11e+17,3e+17,32302.219,104.575,934.0,157,872.47,21.98,0.03,223,-12.82000000000005,3.1965022421524667,False,False,False,dry,O2,120,21,21_1,none
1.013,16.585,14.947,20.145,204.105,90.14,504.296,4084.837,5105.78,5.114,93.689,30.007,37.698,436,541.981,110.092,3643.0,1406.0,215.0,71.568,52.132,1.09,2060.0,1.31e+16,1.3e+17,6.3e+17,3.01e+17,32301.781,105.493,933.0,158,871.94,22.11,0.25,226,-16.039999999999964,3.1683185840707964,False,False,False,dry,O2,111,21,21_2,none
1.06,16.982,14.815,20.084,204.521,89.989,504.41,4090.96,5113.909,5.005,93.487,30.07,45.102,436,542.663,109.949,3637.0,1448.0,174.0,71.4,52.112,1.096,2069.0,2.13e+16,1.54e+17,1019999999999.812,3.01e+17,32300.207,105.091,931.0,157,871.77,22.24,0.25,226,-15.230000000000018,3.1647345132743365,False,False,False,dry,O2,54,21,21_3,none
1.149,16.711,15.023,20.165,204.065,89.994,504.175,4084.244,5105.437,5.276,93.375,30.163,39.865,436,547.41,109.886,3642.0,1377.0,204.0,71.253,51.979,1.127,2054.0,1.35e+16,1.07e+17,1.03e+16,2.99e+17,32300.117,105.203,928.0,158,871.99,22.09,0.25,224,-13.769999999999982,3.1864732142857144,False,False,False,dry,O2,114,21,21_4,none
0.905,16.411,14.83,20.213,204.203,90.197,504.138,4084.818,5105.874,5.046,94.546,29.953,45.291,436,531.917,111.269,3639.0,1456.0,277.0,71.157,52.224,1.27,2067.0,5850000000000000.0,3.49e+16,2.28e+16,2.98e+17,32299.603,105.544,938.0,158,872.36,22.03,0.17,223,-12.559999999999944,3.195336322869955,False,False,False,dry,O2,117,21,21_5,none
0.495,16.548,15.268,19.946,206.188,90.101,506.262,4124.006,5154.988,5.144,94.358,29.901,53.985,436,537.682,111.146,3643.0,1420.0,235.0,71.324,52.607,1.086,2079.0,1.85e+16,2200000000000000.0,27458226883.862,3.02e+17,32299.556,106.369,938.0,160,872.12,21.96,0.16,225,-14.389999999999986,3.1750666666666665,False,False,False,dry,O2,141,21,21_6,none
0.629,16.819,14.828,20.257,206.519,89.945,506.29,4126.929,5158.396,5.382,93.843,30.051,42.716,436,542.242,110.176,3638.0,1393.0,204.0,71.403,52.484,1.151,2068.0,1.56e+16,43900000000000.1,108999999999999.95,3.01e+17,32299.781,106.527,932.0,160,872.04,22.26,0.11,226,-15.32000000000005,3.165132743362832,False,False,False,dry,O2,60,21,21_7,none
1.112,17.65,15.13,20.014,205.525,89.985,505.764,4112.207,5140.11,5.079,94.361,29.996,48.863,436,546.715,110.893,3640.0,1410.0,267.0,71.466,52.265,1.252,2050.0,1.68e+16,1.43e+16,98099999999999.9,3.01e+17,32300.696,105.539,937.0,158,871.51,22.1,0.3,224,-13.220000000000027,3.184017857142857,False,False,False,dry,O2,120,21,21_8,none
0.893,15.872,15.143,20.039,206.053,89.925,506.04,4122.239,5152.831,5.302,93.099,30.029,31.516,436,544.673,108.802,3640.0,1471.0,144.0,71.546,52.299,1.067,2045.0,1.43e+16,1.07e+17,5.71e+17,2.99e+17,32302.174,105.582,922.0,158,872.04,22.09,0.36,225,-14.32000000000005,3.174755555555556,False,False,False,dry,O2,69,21,21_9,none
0.914,15.917,15.177,19.959,203.491,90.048,503.749,4072.768,5090.99,4.911,93.479,29.764,39.561,436,547.431,109.74,3637.0,1417.0,183.0,70.893,51.751,1.126,2063.0,1.68e+16,1.64e+17,7.77e+17,3e+17,32302.375,104.336,929.0,156,872.01,22.11,0.4,220,-9.970000000000027,3.227136363636364,False,False,False,dry,O2,99,21,21_10,none
0.519,16.244,15.066,20.035,204.487,89.974,504.382,4088.463,5110.514,5.076,93.318,30.082,34.627,436,543.287,109.597,3639.0,1418.0,227.0,71.161,51.785,1.073,2087.0,1.46e+16,2270000000000000.0,5.92e+16,3e+17,32297.666,104.71,927.0,157,872.0,22.24,0.03,221,-10.799999999999956,3.2162895927601807,False,False,False,dry,O2,108,21,21_11,none
1.003,16.755,14.971,19.928,204.425,90.082,504.605,4089.571,5112.049,5.161,93.216,30.018,36.878,436,545.681,109.082,3643.0,1476.0,270.0,71.18,51.684,0.994,2043.0,1.43e+16,1.12e+17,5.2e+17,2.99e+17,32301.511,104.502,924.0,157,871.79,22.19,0.18,222,-11.720000000000027,3.2059459459459463,False,False,False,dry,O2,129,21,21_12,none
0.583,15.824,14.995,19.996,203.114,90.106,503.107,4062.836,5078.726,5.064,93.02,30.14,32.28,436,542.013,109.22,3634.0,1368.0,193.0,71.061,51.671,1.195,2081.0,1.03e+16,1.03e+17,5.83e+17,3e+17,32300.693,104.131,923.0,156,871.75,22.25,0.11,220,-10.159999999999968,3.228,False,False,False,dry,O2,57,21,21_13,none
0.973,17.031,15.054,20.013,203.462,90.072,503.472,4071.042,5088.796,4.845,93.134,29.871,40.362,436,544.389,109.57,3633.0,1425.0,184.0,70.959,51.839,1.022,2048.0,1.78e+16,1.35e+17,3.21e+16,3e+17,32301.914,104.445,924.0,157,871.4,22.09,0.21,220,-10.190000000000056,3.228136363636364,False,False,False,dry,O2,54,21,21_14,none
1.036,15.958,15.021,19.959,203.84,89.877,503.911,4080.568,5100.63,5.122,92.809,30.057,30.754,436,540.542,109.093,3633.0,1398.0,138.0,70.933,51.921,1.078,2089.0,4870000000000000.0,1.45e+16,2.92e+17,3.02e+17,32296.927,104.727,923.0,157,871.71,21.85,0.32,220,-9.82000000000005,3.226454545454545,False,False,False,dry,O2,48,21,21_15,none
0.664,16.193,14.946,19.835,203.317,90.013,503.292,4066.115,5082.384,5.244,93.318,30.078,36.96,436,539.193,109.785,3635.0,1408.0,218.0,71.054,51.667,1.074,2076.0,1.17e+16,1.16e+17,9.43e+16,3.02e+17,32299.602,104.272,929.0,157,871.0,21.94,0.33,221,-10.529999999999973,3.2150678733031675,False,False,False,dry,O2,69,21,21_16,none
1.087,17.022,15.145,19.966,204.136,89.899,503.98,4080.521,5100.765,5.11,92.449,30.039,30.25,436,554.005,108.55,3637.0,1454.0,212.0,71.023,52.029,0.91,2068.0,7560000000000000.0,2.93e+16,894000000000000.1,2.99e+17,32300.171,104.499,918.0,157,871.83,22.15,0.3,221,-10.970000000000027,3.217058823529412,False,False,False,dry,O2,66,21,21_17,none
0.879,16.517,14.826,20.033,202.399,90.118,502.46,4049.536,5062.024,5.127,92.693,30.0,29.372,436,548.463,108.796,3636.0,1405.0,245.0,71.064,51.465,1.064,2075.0,1.54e+16,1.36e+17,1.89e+17,3e+17,32299.362,103.843,921.0,156,871.82,22.13,0.3,219,-9.230000000000018,3.238493150684932,False,False,False,dry,O2,75,21,21_18,none
0.505,16.623,14.971,20.003,202.748,89.905,502.763,4055.76,5069.7,5.131,92.991,30.019,30.681,436,544.314,109.006,3633.0,1371.0,161.0,70.926,51.704,1.038,2055.0,5270000000000000.0,4.07e+16,1.09e+17,3e+17,32302.213,104.166,921.0,156,871.83,22.14,0.27,221,-10.190000000000056,3.213529411764706,False,False,False,dry,O2,36,21,21_19,none
0.598,16.017,15.004,19.973,202.255,89.955,502.284,4045.658,5057.277,5.15,92.621,29.966,30.6,436,558.755,108.826,3635.0,1384.0,211.0,71.127,51.604,0.974,2056.0,6880000000000000.0,5.42e+16,6.58e+16,3e+17,32305.398,103.76,921.0,156,871.34,22.18,0.08,220,-9.980000000000018,3.227181818181818,False,False,False,dry,O2,63,21,21_20,none
0.849,16.427,15.049,19.911,202.149,90.05,502.242,4045.405,5056.879,5.032,92.494,29.9,31.084,436,552.376,108.776,3634.0,1413.0,193.0,71.06,51.523,1.055,2049.0,1.62e+16,1.4e+17,2.96e+16,2.99e+17,32299.728,103.906,920.0,156,871.49,22.03,0.23,220,-9.769999999999982,3.2262272727272725,False,False,False,dry,O2,48,21,21_21,none
1.216,16.024,14.912,19.841,201.731,89.977,501.801,4037.523,5046.79,5.158,92.115,29.9,22.032,436,546.258,108.163,3644.0,1409.0,274.0,71.074,51.415,0.854,2045.0,7510000000000000.0,5.46e+16,1.32e+17,2.99e+17,32300.624,103.701,916.0,155,871.7,22.04,0.26,220,-9.950000000000044,3.2270454545454546,False,False,False,dry,O2,144,21,21_22,none
1.958,14.003,15.134,20.092,198.945,90.153,503.178,4058.854,5073.621,4.974,92.662,29.876,25.142,436,469.475,108.383,3643.0,1519.0,219.0,70.94,51.442,1.03,2080.0,1.59e+16,1.22e+17,4.11e+17,3e+17,32301.734,103.438,918.0,155,888.23,22.31,0.19,27,-10.92999999999995,26.33074074074074,False,False,False,dry,O2,126,21,21_53,none
1.873,18.98,14.947,20.166,198.416,89.943,502.312,4043.809,5054.768,5.006,92.654,30.002,31.865,436,471.586,108.75,3635.0,1420.0,184.0,71.327,51.315,1.04,,1.14e+16,509000000000000.0,6020000000000000.0,3e+17,32299.161,103.314,920.0,155,874.43,21.98,0.19,27,-10.129999999999995,26.301111111111112,False,False,False,dry,O2,57,21,21_52,none
0.68,19.064,15.007,20.2,198.99,90.09,502.606,4052.525,5065.696,5.069,92.479,30.003,30.266,436,480.724,108.18,3639.0,1394.0,243.0,71.059,51.569,0.893,2055.0,5950000000000000.0,1.55e+17,1.04e+18,3.01e+17,32298.284,103.577,918.0,155,874.0,22.12,0.34,30,-10.090000000000032,23.669666666666668,False,False,False,dry,O2,96,21,21_51,none
0.845,16.156,15.048,20.1,197.898,89.916,502.152,4042.124,5052.561,4.97,92.593,29.881,26.671,436,470.034,108.562,3645.0,1466.0,233.0,70.959,51.34,1.037,2076.0,4240000000000000.0,2150000000000000.0,2269999999999.872,3e+17,32299.253,103.482,919.0,155,881.26,22.01,0.37,31,-9.899999999999975,22.9,False,False,False,dry,O2,159,21,21_50,none
0.627,16.692,14.947,19.98,203.823,89.862,503.929,4077.776,5097.017,5.236,93.596,29.943,37.511,436,544.923,109.785,3636.0,1465.0,190.0,71.284,51.858,0.979,2086.0,6430000000000000.0,6.43e+16,2.93e+17,3e+17,32299.603,104.408,931.0,157,871.6,21.96,0.3,223,-12.590000000000032,3.1954708520179373,False,False,False,dry,O2,66,20,20_26,none
1.031,17.282,15.001,19.923,205.139,90.143,505.052,4100.992,5126.267,5.077,93.323,30.064,43.524,436,543.384,109.811,3641.0,1388.0,204.0,71.511,51.777,0.97,2087.0,1.7e+16,4.15e+16,9200000000000000.0,3e+17,32302.219,104.549,929.0,157,872.33,22.16,0.33,224,-13.990000000000007,3.187455357142857,False,False,False,dry,O2,102,20,20_27,none
0.89,17.37,14.878,20.136,204.636,90.06,504.608,4094.023,5117.587,5.079,93.675,30.106,47.661,436,548.324,110.571,3641.0,1491.0,205.0,71.342,51.811,1.124,2042.0,1.96e+16,1.65e+17,2.11e+17,3e+17,32302.239,104.837,934.0,157,892.05,22.16,0.17,25,-12.840000000000032,28.5136,False,False,False,dry,O2,120,21,21_28,none
0.935,16.052,14.843,20.043,204.465,90.209,504.212,4084.768,5105.977,5.074,93.635,29.949,37.629,436,541.844,110.021,3643.0,1406.0,215.0,71.624,52.057,1.028,2060.0,1.31e+16,1.3e+17,6.3e+17,3.01e+17,32301.748,105.34,933.0,158,891.14,22.31,0.26,25,-15.899999999999975,28.636,False,False,False,dry,O2,111,21,21_29,none
1.093,19.068,14.9,19.946,204.492,89.912,504.682,4091.141,5114.035,5.102,93.35,30.212,45.05,436,542.769,109.939,3637.0,1448.0,174.0,71.469,52.178,1.082,2069.0,2.13e+16,1.54e+17,1019999999999.982,3.01e+17,32300.113,105.17,931.0,157,873.71,22.29,0.25,27,-15.220000000000027,26.48962962962963,False,False,False,dry,O2,54,21,21_30,none
1.267,18.884,15.031,19.895,204.184,89.92,504.114,4084.181,5105.433,5.2,93.217,30.073,39.997,436,547.404,109.902,3642.0,1377.0,204.0,71.358,52.01,0.989,,1.35e+16,1.07e+17,1.03e+16,2.99e+17,32300.055,105.268,928.0,158,874.99,22.12,0.18,28,-13.58000000000004,25.485000000000003,False,False,False,dry,O2,114,21,21_31,none
0.986,13.563,15.035,19.881,204.261,90.094,504.124,4084.646,5105.937,5.197,94.608,30.047,45.383,436,532.117,111.258,3639.0,1456.0,277.0,71.319,52.251,1.133,2067.0,5850000000000000.0,3.49e+16,2.28e+16,2.98e+17,32299.766,105.329,938.0,158,889.28,22.22,0.15,29,-12.909999999999968,24.58310344827586,False,False,False,dry,O2,117,21,21_32,none
0.564,18.79,15.32,20.002,206.306,89.966,506.123,4123.924,5155.234,5.112,94.497,30.058,53.99,436,537.637,111.171,3643.0,1420.0,235.0,71.365,50.789,1.107,2079.0,1.85e+16,2200000000000000.0,27458226884.019,3.02e+17,32299.536,106.365,938.0,160,888.72,32.68,0.25,32,-14.519999999999982,22.32875,False,False,False,dry,O2,141,21,21_33,none
0.603,20.645,14.949,20.05,206.451,90.175,506.306,4126.751,5158.588,5.244,93.787,29.794,42.535,436,542.281,110.038,3638.0,1393.0,204.0,71.444,52.009,1.247,2068.0,1.56e+16,43900000000000.08,108999999999999.95,3.01e+17,32299.655,106.298,932.0,160,887.55,31.82,0.45,32,-15.399999999999975,22.35625,False,False,False,dry,O2,60,21,21_34,none
0.851,11.219,14.933,20.101,205.594,89.989,505.627,4112.24,5140.032,5.174,94.504,29.991,48.793,436,546.749,110.916,3640.0,1410.0,267.0,71.464,53.229,1.041,2050.0,1.68e+16,1.43e+16,98099999999999.95,3.01e+17,32300.839,105.554,937.0,158,883.72,39.64,0.04,32,-13.190000000000056,22.2871875,False,False,False,dry,O2,120,21,21_35,none
1.195,15.216,14.852,20.021,206.061,89.925,506.098,4122.313,5152.985,5.098,93.106,30.021,31.66,436,544.598,108.75,3640.0,1471.0,144.0,71.442,50.755,1.154,2045.0,1.43e+16,1.07e+17,5.71e+17,2.99e+17,32302.268,105.55,922.0,158,885.41,32.85,-0.01,32,-14.379999999999995,22.324375,True,False,False,dry,O2,69,21,21_36,none
1.556,12.444,14.826,19.992,203.459,90.0,503.668,4072.854,5090.951,5.132,93.477,29.877,39.451,436,547.294,109.752,3637.0,1417.0,183.0,71.059,52.151,0.972,2063.0,1.68e+16,1.64e+17,7.77e+17,3e+17,32302.214,104.259,929.0,156,877.69,37.87,0.14,31,-10.139999999999986,22.90774193548387,False,False,False,dry,O2,99,21,21_37,none
1.342,16.252,14.946,20.149,204.36,89.946,504.443,4089.716,5112.109,5.0,93.227,30.075,36.852,436,545.733,109.24,3643.0,1476.0,270.0,70.977,50.855,1.233,2043.0,1.43e+16,1.12e+17,5.2e+17,2.99e+17,32301.297,104.597,924.0,157,879.78,35.58,0.3,31,-11.649999999999975,22.956451612903223,False,False,False,dry,O2,129,21,21_39,none
1.708,17.711,15.178,19.837,203.114,90.079,503.159,4063.0,5078.48,5.084,93.104,29.944,32.312,436,542.227,109.154,3634.0,1368.0,193.0,71.153,51.231,0.921,2081.0,1.03e+16,1.03e+17,5.83e+17,3e+17,32300.599,104.196,923.0,156,886.46,28.61,0.17,34,-10.019999999999982,20.882941176470588,False,False,False,dry,O2,57,21,21_40,none
1.8,16.429,14.974,19.957,195.526,89.825,503.381,4071.394,5088.963,5.02,92.96,29.945,40.281,436,544.495,109.585,3633.0,1425.0,184.0,70.9,51.077,0.974,2048.0,1.78e+16,1.35e+17,3.21e+16,3e+17,32302.0,104.56,924.0,157,877.08,34.41,0.11,33,-9.970000000000027,21.514242424242425,False,False,False,dry,O2,54,21,21_41,none
1.546,16.08,14.796,20.179,196.426,89.92,503.892,4080.444,5100.749,5.137,93.043,29.922,30.817,436,540.582,109.115,3633.0,1398.0,138.0,71.068,51.746,1.21,2089.0,4870000000000000.0,1.45e+16,2.92e+17,3.02e+17,32297.058,104.725,923.0,157,888.91,35.03,0.29,32,-9.740000000000007,22.179375,False,False,False,dry,O2,48,21,21_42,none
1.062,16.144,15.208,20.009,196.443,89.892,503.355,4065.826,5082.573,5.102,93.351,29.931,36.902,436,539.218,110.042,3635.0,1408.0,218.0,70.835,51.607,1.127,2076.0,1.17e+16,1.16e+17,9.43e+16,3.02e+17,32299.439,104.438,929.0,157,886.15,32.35,0.02,32,-10.610000000000014,22.2065625,False,False,False,dry,O2,69,21,21_43,none
1.435,16.944,14.918,19.974,197.478,90.025,504.025,4080.528,5100.804,5.159,92.522,29.728,30.134,436,470.549,108.578,3637.0,1454.0,212.0,71.079,51.509,0.998,2068.0,7560000000000000.0,2.93e+16,893999999999999.9,2.99e+17,32300.094,104.632,918.0,157,888.13,38.08,0.14,32,-11.039999999999964,22.22,False,False,False,dry,O2,66,21,21_44,none
0.906,16.607,15.043,20.12,197.884,89.847,502.409,4049.517,5062.068,4.846,92.585,30.141,29.321,436,473.449,108.875,3636.0,1405.0,245.0,71.047,50.918,1.131,,1.54e+16,1.36e+17,1.89e+17,3e+17,32299.364,103.968,921.0,156,872.35,22.03,0.32,32,-9.049999999999956,22.1578125,False,False,False,dry,O2,75,21,21_45,none
0.763,16.515,15.016,19.987,197.184,90.085,502.742,4055.614,5069.62,5.148,92.669,30.145,30.608,436,479.228,108.844,3633.0,1371.0,161.0,71.213,51.534,0.926,2055.0,5270000000000000.0,4.07e+16,1.09e+17,3e+17,32302.092,104.213,921.0,156,873.81,22.09,0.23,31,-10.16999999999996,22.908709677419356,False,False,False,dry,O2,36,21,21_46,none
1.316,16.189,15.194,19.931,197.894,90.174,502.221,4045.812,5057.078,5.0,92.8,30.051,30.346,436,472.19,108.442,3635.0,1384.0,211.0,70.942,51.443,0.879,2056.0,6880000000000000.0,5.42e+16,6.58e+16,3e+17,32305.388,103.598,921.0,156,889.53,22.08,0.19,32,-9.970000000000027,22.1865625,False,False,False,dry,O2,63,21,21_47,none
1.962,16.486,15.109,19.843,197.102,90.164,502.395,4045.398,5056.779,5.138,92.606,30.108,31.102,436,473.382,108.766,3634.0,1413.0,193.0,70.945,51.596,1.124,2049.0,3490000000000000.0,1.4e+17,2.96e+16,2.99e+17,32299.505,103.896,920.0,156,889.17,22.03,0.26,30,-9.740000000000007,23.658,False,False,False,dry,O2,48,21,21_48,none
1.419,17.24,14.769,20.087,197.609,90.052,501.903,4037.506,5046.908,4.978,92.368,30.014,22.21,436,482.36,108.176,3644.0,1409.0,274.0,70.97,51.392,1.01,2045.0,1.51e+16,5.46e+16,1.32e+17,2.99e+17,32300.48,103.547,916.0,155,873.67,22.08,0.25,28,-9.91999999999996,25.354285714285712,False,False,False,dry,O2,144,21,21_49,none
1.136,19.778,14.939,20.093,204.225,90.107,504.473,4088.293,5110.469,5.136,93.324,30.084,34.614,436,543.452,109.434,3639.0,1418.0,227.0,71.267,50.712,1.058,2087.0,1.46e+16,2270000000000000.0,5.92e+16,3e+17,32297.852,104.609,927.0,157,878.09,39.77,0.17,32,-10.490000000000007,22.2028125,False,False,False,dry,O2,108,21,21_38,none
0.979,17.187,15.011,20.114,204.499,90.028,504.467,4089.089,5111.27,5.088,93.515,30.085,32.01,436,544.601,109.386,3629.0,1369.0,148.0,70.94,51.485,0.852,2093.0,1.23e+16,8.02e+16,8.92e+16,2.99e+17,32299.418,103.583,924.0,155,871.56,22.16,0.13,219,-9.25,3.2385844748858448,False,False,False,dry,O2,18,19,19_25,none
1.034,16.686,14.842,19.983,203.841,90.173,503.719,4074.576,5093.4,4.977,93.104,29.925,25.299,436,552.462,108.422,3631.0,1342.0,53.0,70.9,51.011,1.01,2086.0,2.02e+16,2.02e+17,5.76e+17,3e+17,32298.969,102.933,920.0,155,872.05,22.41,0.34,220,-9.58000000000004,3.2253636363636367,False,False,False,dry,O2,24,19,19_24,none
0.816,16.695,14.945,19.999,202.564,89.921,502.494,4050.449,5063.079,5.074,92.871,30.001,28.65,436,548.988,108.134,3631.0,1455.0,151.0,70.924,51.175,0.991,2081.0,2.03e+16,7.67e+16,1.03e+18,3e+17,32300.815,102.685,918.0,154,871.79,22.02,0.27,220,-9.759999999999993,3.2261818181818183,False,False,False,dry,O2,21,19,19_23,none
0.755,17.044,15.085,19.812,205.626,89.978,505.543,4113.708,5142.198,5.167,92.654,29.955,19.358,436,553.76,107.458,3633.0,1338.0,95.0,71.353,51.677,0.934,2091.0,3480000000000000.0,1.56e+16,1.97e+17,3e+17,32302.295,103.781,913.0,156,872.99,22.11,0.13,222,-11.58000000000004,3.2053153153153158,False,False,False,dry,O2,9,19,19_22,none
1.634,19.742,14.901,19.925,203.488,89.918,497.032,4072.968,4976.418,5.265,92.51,30.219,33.794,436,525.321,106.248,3691.0,1460.0,469.0,69.784,51.87,1.151,2012.0,1.58e+16,9.95e+16,3.07e+17,3.02e+17,31265.016,102.016,916.0,150,1141.48,38.54,0.37,100,0.3500000000000227,6.9965,False,False,False,wet,H2O,120,14,14_50,none
0.851,16.014,15.054,19.931,203.294,90.146,500.059,4084.702,4888.474,4.805,89.193,30.086,38.952,436,510.908,106.313,3669.0,1495.0,470.0,70.962,51.242,1.08,2046.0,6410000000000000.0,5500000000000000.0,4.5e+17,2.99e+17,32267.062,104.051,907.0,155,1275.29,23.72,0.2,156,-15.16999999999996,4.584423076923077,False,False,False,dry,O2,215,14,14_51,Edge-Loc
0.8,17.744,14.966,20.056,205.727,89.805,501.298,4044.987,4953.764,4.991,93.688,30.042,36.749,436,496.236,111.981,3634.0,1449.0,310.0,71.959,50.963,1.111,2077.0,1.54e+16,5.38e+16,2.17e+17,3.03e+17,31799.983,104.082,917.0,150,1064.61,33.16,0.29,117,-26.49000000000001,6.209316239316239,False,False,False,wet,H2O,74,14,14_52,none
1.407,16.378,14.901,20.08,200.508,90.02,496.61,4010.135,4883.429,5.016,92.186,29.863,44.873,405,512.793,111.642,3701.0,1527.0,-18.0,70.815,51.036,0.932,2001.0,1.23e+16,8.84e+16,6.37e+17,2.99e+17,32222.42,104.649,893.0,157,1096.83,31.11,0.08,128,-10.899999999999975,5.55390625,False,True,False,wet,H2O,83,14,14_53,none
1.901,14.407,14.891,19.915,199.087,90.033,501.611,4000.002,5049.532,4.882,92.577,29.897,50.426,365,529.164,107.733,3645.0,1377.0,267.0,71.544,50.645,1.107,2050.0,3410000000000000.0,1.26e+17,6.61e+17,3.01e+17,32130.223,102.367,900.0,157,1016.01,33.6,0.12,168,-14.41999999999996,4.2525,False,False,False,wet,H2O,75,14,14_54,none
1.255,15.836,15.077,20.091,196.461,90.124,500.207,4114.534,5041.63,5.082,89.472,29.925,27.475,436,521.857,108.774,3663.0,1518.0,166.0,71.066,51.064,0.832,2037.0,1.09e+16,-4.12e+16,9.74e+17,3.03e+17,31292.593,100.745,899.0,151,1002.11,44.76,0.26,136,-10.009999999999993,5.220661764705882,False,False,True,wet,H2O,90,14,14_1,none
0.812,11.882,15.041,20.058,199.167,89.965,502.47,4102.045,4993.474,5.027,91.451,30.053,44.721,405,526.223,106.286,3665.0,1605.0,355.0,71.127,51.089,1.113,2046.0,1.14e+16,7.25e+16,8.05e+17,2.99e+17,32015.089,103.04,874.0,155,1087.6,32.46,0.08,187,-11.399999999999975,3.80427807486631,False,False,False,dry,O2,117,14,14_2,none
1.466,15.039,15.056,19.957,198.181,89.887,501.034,4020.24,4885.561,4.974,90.89,30.053,29.359,365,543.071,109.228,3640.0,1635.0,341.0,71.762,49.423,1.021,2059.0,1.62e+16,8.58e+16,4.53e+17,3.01e+17,30828.441,102.843,882.0,158,1005.15,33.12,0.18,86,-4.25,8.188953488372093,False,False,False,wet,H2O,180,14,14_3,none
0.771,15.964,15.216,19.99,201.044,89.863,500.998,4034.541,5029.262,4.964,88.918,29.829,56.762,365,513.407,109.277,3654.0,1499.0,304.0,72.323,51.866,0.805,2058.0,1.24e+16,1.5e+17,3.6e+17,2.99e+17,32525.737,102.664,926.0,156,1125.89,24.65,0.11,73,-4.080000000000041,9.644931506849316,False,False,False,dry,O2,88,14,14_4,none
1.633,15.769,14.862,20.038,199.361,89.905,503.053,4040.581,4989.143,5.105,92.05,29.994,61.542,405,543.956,104.974,3625.0,1421.0,443.0,71.414,51.786,1.03,2082.0,1.54e+16,4.3e+16,5.93e+17,3.02e+17,31584.171,102.547,925.0,156,1107.3,32.18,0.19,73,-22.379999999999995,9.895616438356164,False,False,False,dry,O2,95,14,14_5,none
1.541,12.306,15.013,20.039,202.917,89.856,509.02,4068.724,5066.796,4.898,92.364,29.884,26.052,365,521.096,108.95,3663.0,1517.0,680.0,71.074,52.146,1.135,2048.0,1.65e+16,1.26e+17,8.12e+17,3e+17,31743.702,104.079,914.0,156,1205.89,36.86,0.15,160,-7.090000000000032,4.4193125,False,False,False,wet,H2O,218,14,14_6,Edge-Loc
1.166,14.552,15.064,20.095,200.272,89.981,501.368,4003.658,5042.376,4.886,93.166,30.012,43.351,405,527.167,108.056,3677.0,1505.0,485.0,70.437,52.287,1.047,2022.0,7240000000000000.0,1.96e+17,5.41e+17,2.96e+17,32590.491,106.196,915.0,154,1038.6,35.53,0.13,136,12.039999999999964,5.058529411764706,False,False,False,dry,O2,161,14,14_7,none
0.699,23.52,14.983,20.122,199.235,89.908,497.524,4011.288,5048.814,4.718,92.63,30.073,22.846,436,528.668,107.312,3669.0,1657.0,489.0,68.836,50.055,1.122,2074.0,9910000000000000.0,6.1e+16,1.66e+17,3.02e+17,32202.262,103.748,882.0,153,1091.72,35.26,0.32,-6,-3.759999999999991,,True,False,False,wet,H2O,145,14,14_8,none
2.048,14.503,15.106,19.989,201.089,89.902,499.39,4016.414,4929.451,4.946,90.386,30.139,59.294,405,529.292,107.469,3651.0,1583.0,418.0,70.743,51.628,0.954,2058.0,1.38e+16,1.09e+17,7.02e+17,3e+17,31167.885,104.414,888.0,159,1006.24,41.89,0.22,146,-8.75,4.85445205479452,False,False,False,dry,O2,151,14,14_9,none
1.438,20.323,14.95,19.873,197.153,90.11,503.832,4058.66,5081.662,4.93,91.741,29.889,24.291,405,476.568,108.937,3630.0,1572.0,405.0,70.679,50.278,0.995,2063.0,1.79e+16,8.57e+16,6.04e+17,3e+17,30597.972,102.687,860.0,155,1162.24,32.97,0.3,90,0.2599999999999909,7.774888888888889,False,False,False,wet,H2O,110,14,14_10,none
0.827,18.459,14.912,19.992,194.992,90.058,502.073,3993.506,5052.842,4.792,95.666,30.033,53.672,405,527.197,106.691,3671.0,1485.0,381.0,70.28,52.276,1.027,2051.0,1.07e+16,9.57e+16,2.49e+17,3.01e+17,32095.613,103.355,902.0,155,1054.59,29.63,0.22,95,-3.1399999999999864,7.401473684210526,False,False,False,wet,H2O,93,14,14_11,none
0.317,15.884,14.945,20.126,200.963,90.114,499.323,4077.359,4922.113,5.009,94.044,29.976,33.867,436,527.191,105.386,3659.0,1615.0,203.0,70.849,51.504,1.292,2050.0,1.44e+16,5.22e+16,9.28e+17,2.99e+17,31073.956,101.29,893.0,155,1104.96,30.02,0.21,115,2.75,6.0630434782608695,False,False,False,dry,O2,76,14,14_12,none
1.523,19.549,14.89,20.078,198.47,89.999,500.636,4114.996,4978.026,5.014,96.335,29.992,48.976,405,500.8,106.877,3639.0,1422.0,446.0,69.191,50.777,1.129,2060.0,1e+16,1.31e+17,6.99e+17,3e+17,31732.408,104.139,912.0,153,1105.26,45.75,0.19,56,-9.350000000000025,12.666964285714286,False,False,False,wet,H2O,65,14,14_13,none
1.385,15.511,15.025,19.985,198.893,89.781,499.98,3983.698,5152.452,5.144,91.371,30.065,40.838,436,489.141,107.554,3642.0,1395.0,125.0,69.771,50.272,1.022,2095.0,8190000000000000.0,7.54e+16,8.47e+17,2.99e+17,31559.613,101.373,909.0,154,1176.39,21.17,0.15,107,-9.659999999999968,6.632336448598131,False,False,False,wet,H2O,53,14,14_14,none
0.473,16.286,14.955,19.938,194.859,89.912,504.484,4009.299,4975.427,4.888,92.153,29.982,38.273,436,539.588,106.436,3670.0,1532.0,443.0,70.598,50.807,0.942,2042.0,8240000000000000.0,1.24e+16,8.48e+17,3e+17,31251.269,101.9,906.0,155,1028.98,32.25,0.31,44,-14.159999999999968,16.23090909090909,False,False,False,wet,H2O,127,14,14_15,none
1.401,15.165,14.847,20.169,196.433,90.109,496.011,4023.472,5114.917,5.182,92.597,29.972,59.002,365,572.157,108.831,3657.0,1341.0,473.0,70.542,51.866,1.058,2057.0,8270000000000000.0,7.79e+16,5.92e+17,3e+17,31364.336,103.781,906.0,155,1123.53,29.95,0.13,99,-21.659999999999968,7.289494949494949,False,False,False,dry,O2,202,14,14_16,Edge-Loc
1.636,17.823,15.014,20.1,204.543,89.965,499.363,3945.399,5086.353,4.903,92.374,29.91,33.77,405,541.002,108.963,3652.0,1564.0,298.0,70.446,50.769,1.145,2072.0,1.22e+16,1.13e+17,8.25e+17,3e+17,32166.533,102.442,911.0,153,1064.76,41.68,0.29,214,-1.5199999999999818,3.278130841121495,False,False,False,wet,H2O,84,14,14_17,none
1.25,11.028,15.033,19.91,204.917,89.98,504.397,3963.255,4934.953,5.14,92.742,30.082,32.346,436,508.273,109.327,3657.0,1532.0,467.0,71.618,49.869,0.954,2074.0,1.18e+16,1.14e+17,4.73e+17,2.99e+17,32602.411,104.128,917.0,160,1104.06,40.39,0.14,152,-20.57000000000005,4.740592105263159,False,False,False,wet,H2O,272,14,14_18,Edge-Loc
0.852,12.298,14.886,20.139,195.626,90.012,501.522,4017.304,5009.134,5.125,92.683,30.065,55.303,405,518.034,107.518,3666.0,1548.0,427.0,70.971,50.84,1.046,2023.0,2980000000000000.0,8.43e+16,6.48e+17,3.01e+17,30954.225,99.662,895.0,155,1234.35,36.14,0.38,127,10.33000000000004,5.4304724409448815,False,False,False,wet,H2O,84,14,14_49,none
1.154,16.101,14.927,20.062,200.309,89.816,499.185,3951.274,5084.408,4.893,92.898,29.936,56.627,405,479.796,106.847,3641.0,1377.0,310.0,71.034,50.921,0.991,2091.0,6750000000000000.0,9.89e+16,2.11e+17,3e+17,31126.908,103.936,894.0,156,1053.86,32.77,0.13,104,-10.129999999999995,6.828173076923077,False,False,False,dry,O2,76,14,14_19,none
1.774,15.239,15.16,20.215,198.934,89.904,501.094,3972.519,5075.014,4.972,92.196,29.982,43.129,365,537.138,107.575,3668.0,1576.0,582.0,69.098,50.729,1.003,2078.0,6750000000000000.0,1.08e+17,6.22e+17,3.01e+17,31208.93,104.169,884.0,156,1061.06,36.61,0.15,118,0.4600000000000364,5.928305084745762,False,False,False,dry,O2,184,14,14_48,none
1.836,20.566,15.122,20.084,200.318,89.918,503.421,4035.472,5084.393,4.965,92.808,29.848,56.571,405,479.541,106.815,3641.0,1377.0,310.0,71.159,50.732,0.866,2091.0,6750000000000000.0,9.89e+16,2.11e+17,3e+17,31126.917,103.693,894.0,156,1059.17,32.86,0.42,104,-10.129999999999995,6.828173076923077,False,False,False,dry,O2,48,14,14_46,none
1.234,18.477,15.298,19.895,204.815,90.018,498.782,4082.662,5036.236,5.117,91.25,30.308,43.098,365,498.715,109.637,3672.0,1576.0,473.0,70.221,51.26,1.185,2066.0,1.66e+16,2.38e+17,1.03e+18,3e+17,31877.746,101.799,914.0,155,1119.26,27.64,0.42,50,-11.990000000000007,14.2398,False,False,False,dry,O2,134,13,13_23,none
0.637,16.046,14.944,20.07,197.268,90.037,502.049,4101.241,5013.389,4.797,94.151,30.012,39.629,365,519.087,108.271,3649.0,1450.0,499.0,69.844,51.23,1.045,2081.0,1.15e+16,1.09e+17,7.63e+17,3e+17,30107.359,102.899,899.0,156,1263.67,31.62,0.18,112,3.1000000000000227,6.222321428571428,False,False,False,wet,H2O,129,13,13_24,none
0.661,18.632,15.0,19.796,196.809,89.71,506.679,4074.551,4974.89,5.215,94.705,30.027,48.905,405,512.335,109.329,3666.0,1390.0,222.0,71.679,51.405,1.036,2072.0,9270000000000000.0,9.56e+16,4.79e+17,2.99e+17,32048.432,102.751,903.0,157,964.01,38.79,0.36,78,-5.980000000000018,9.05102564102564,False,False,False,wet,H2O,78,13,13_25,none
1.591,14.21,14.915,19.899,196.679,90.093,494.807,4078.046,5011.872,5.131,91.829,30.059,51.135,365,522.427,110.324,3662.0,1646.0,41.0,71.56,51.621,1.093,2060.0,1.88e+16,1.53e+16,7.91e+17,3e+17,31221.054,104.097,879.0,155,1059.0,32.99,0.17,80,-7.42999999999995,8.842875,False,False,False,dry,O2,60,13,13_26,none
1.197,15.8,15.006,19.787,202.175,90.134,496.141,4011.272,4985.651,4.919,94.493,30.033,49.102,405,508.95,108.345,3652.0,1469.0,65.0,71.474,50.408,1.138,2073.0,7200000000000000.0,1.3e+17,5.99e+17,3e+17,31645.257,100.568,890.0,157,1046.0,45.03,0.21,89,-15.960000000000036,8.044494382022473,False,False,False,dry,O2,74,13,13_27,none
1.158,15.863,15.16,19.818,196.383,90.151,504.224,4114.592,5041.746,5.039,89.586,30.013,27.375,436,521.602,108.781,3663.0,1518.0,166.0,71.326,51.125,0.808,2037.0,1.09e+16,-4.12e+16,9.74e+17,3.03e+17,31292.649,100.866,899.0,151,1002.48,28.45,0.15,136,-10.009999999999993,5.220661764705882,False,False,True,wet,H2O,90,14,14_28,none
0.933,12.184,14.871,20.121,199.077,89.968,500.145,4001.34,4993.512,4.855,91.465,29.945,44.605,405,526.175,106.386,3665.0,1605.0,355.0,71.167,51.269,1.005,2046.0,1.14e+16,7.25e+16,8.05e+17,2.99e+17,32015.177,103.057,874.0,155,1095.63,34.63,0.34,187,-11.379999999999995,3.804171122994653,False,False,False,dry,O2,117,14,14_29,none
1.654,15.048,14.902,19.985,198.089,90.039,500.375,4054.566,4885.748,4.986,90.893,30.137,29.482,365,543.046,109.074,3640.0,1635.0,341.0,71.822,49.273,0.976,2059.0,1.62e+16,8.58e+16,4.53e+17,3.01e+17,30828.446,102.969,882.0,158,1024.38,34.77,0.24,86,-4.279999999999973,8.189302325581394,False,False,False,wet,H2O,180,14,14_30,none
1.03,16.038,15.149,20.189,201.014,89.941,495.065,3956.925,5028.991,5.083,88.848,30.108,56.898,365,513.524,109.312,3654.0,1499.0,304.0,72.291,51.931,0.973,2058.0,1.24e+16,1.5e+17,3.6e+17,2.99e+17,32525.777,102.475,926.0,156,1135.08,32.4,0.46,73,-4.0499999999999545,9.644520547945206,False,False,False,dry,O2,88,14,14_31,none
1.717,15.841,15.122,20.045,199.466,89.907,499.434,4087.767,4989.36,4.921,91.927,30.098,61.433,405,544.092,104.97,3625.0,1421.0,443.0,71.503,51.759,0.98,2082.0,1.54e+16,4.3e+16,5.93e+17,3.02e+17,31583.959,102.316,925.0,156,1120.07,38.11,0.45,73,-22.25,9.893835616438356,False,False,False,dry,O2,95,14,14_32,none
1.656,12.405,14.745,20.069,203.012,90.087,501.101,4025.611,5066.793,5.018,92.483,29.732,25.852,365,521.018,109.046,3663.0,1517.0,680.0,71.235,52.084,1.131,2048.0,1.65e+16,1.26e+17,8.12e+17,3e+17,31743.728,104.176,914.0,156,1209.97,33.77,0.11,160,-13.58000000000004,4.459875,False,False,False,wet,H2O,218,14,14_33,Edge-Loc
1.178,14.644,15.141,19.892,200.159,89.951,493.264,4036.878,5042.37,4.918,93.421,29.892,43.489,405,527.185,108.296,3677.0,1505.0,485.0,70.342,52.063,1.131,2022.0,7240000000000000.0,1.96e+17,5.41e+17,2.96e+17,32590.432,105.882,915.0,154,1057.4,29.04,0.17,32,-12.769999999999982,22.2740625,False,False,False,dry,O2,161,14,14_34,none
0.805,23.562,14.868,20.078,199.244,90.054,497.176,4014.045,5048.6,4.996,92.669,30.269,23.008,436,528.866,107.363,3669.0,1657.0,489.0,68.911,49.998,1.021,2074.0,9910000000000000.0,6.1e+16,1.66e+17,3.02e+17,32202.299,103.609,882.0,153,1103.1,49.9,0.16,32,-14.33000000000004,22.3228125,False,False,False,wet,H2O,145,14,14_35,none
2.223,14.593,14.901,20.059,200.805,90.078,499.259,3985.611,4929.288,4.918,90.71,29.988,59.418,405,529.546,107.287,3651.0,1583.0,418.0,70.619,51.76,1.009,2058.0,1.38e+16,1.09e+17,7.02e+17,3e+17,31167.877,104.394,888.0,159,1007.62,32.43,0.22,32,-15.340000000000032,22.354375,False,False,False,dry,O2,151,14,14_36,none
1.388,20.165,15.066,20.12,197.159,89.859,503.811,4047.846,5081.627,5.069,91.617,29.8,24.242,405,476.576,108.923,3630.0,1572.0,405.0,70.829,50.333,0.997,2063.0,1.79e+16,8.57e+16,6.04e+17,3e+17,30598.27,102.668,860.0,155,1173.94,32.87,0.13,90,-13.139999999999986,7.923777777777778,False,False,False,wet,H2O,110,14,14_37,none
0.77,18.555,14.96,20.021,194.676,89.957,501.928,3955.39,5052.698,4.789,95.723,29.95,53.704,405,527.258,106.845,3671.0,1485.0,381.0,70.481,52.358,1.086,2051.0,1.07e+16,9.57e+16,2.49e+17,3.01e+17,32095.401,103.315,902.0,155,1065.98,36.54,0.27,95,-14.309999999999944,7.519052631578947,False,False,False,wet,H2O,93,14,14_38,none
0.48,15.908,15.119,20.012,201.182,90.032,499.289,4062.786,4922.359,5.187,94.207,30.226,34.012,436,527.216,105.299,3659.0,1615.0,203.0,70.753,51.55,1.121,2050.0,1.44e+16,5.22e+16,9.28e+17,2.99e+17,31073.943,101.339,893.0,155,1122.92,30.08,0.17,115,-10.16999999999996,6.1753913043478255,False,False,False,dry,O2,76,14,14_39,none
1.686,17.509,14.91,19.867,198.275,89.983,500.586,4071.668,4978.059,5.047,96.356,30.073,49.011,405,500.966,107.06,3639.0,1422.0,446.0,69.097,50.859,1.228,2060.0,1e+16,1.31e+17,6.99e+17,3e+17,31732.665,104.151,912.0,153,1106.19,45.9,0.07,56,-10.450000000000044,12.686607142857143,False,False,False,wet,H2O,65,14,14_40,none
1.531,16.056,14.938,19.952,198.969,89.875,500.065,3985.54,5152.439,5.083,91.387,29.793,40.606,436,489.154,107.455,3642.0,1395.0,125.0,69.739,50.465,1.178,2095.0,8190000000000000.0,7.54e+16,8.47e+17,2.99e+17,31559.575,101.625,909.0,154,1194.74,20.9,0.13,107,-11.740000000000007,6.65177570093458,False,False,False,wet,H2O,53,14,14_41,none
1.002,19.014,14.781,19.973,195.08,89.949,501.824,3978.717,4975.468,4.784,91.935,29.899,38.282,436,539.588,106.401,3670.0,1532.0,443.0,70.612,50.886,1.188,2042.0,8240000000000000.0,1.24e+16,8.48e+17,3e+17,31251.016,101.955,906.0,155,1045.17,32.07,0.1,44,-10.049999999999956,16.1375,False,False,False,wet,H2O,127,14,14_42,none
1.628,18.817,15.031,19.971,196.529,89.889,502.304,4056.092,5114.887,5.025,92.584,29.885,59.248,365,572.333,109.023,3657.0,1341.0,473.0,70.322,51.648,1.178,2057.0,8270000000000000.0,7.79e+16,5.92e+17,3e+17,31364.065,103.837,906.0,155,1136.03,29.6,0.16,99,-21.559999999999945,7.288484848484848,False,False,False,dry,O2,54,14,14_43,none
1.156,13.82,15.026,19.895,204.387,90.053,507.022,4028.997,5086.366,4.909,92.398,30.069,33.591,405,541.222,108.736,3652.0,1564.0,298.0,70.559,50.693,1.131,2072.0,1.22e+16,1.13e+17,8.25e+17,3e+17,32166.521,102.52,911.0,153,1081.3,41.57,0.25,214,-1.4700000000000273,3.2778971962616823,False,False,False,wet,H2O,84,14,14_44,none
1.047,18.623,15.174,20.021,204.865,90.053,501.33,3971.229,4934.652,5.059,92.682,29.86,32.611,436,508.027,109.166,3657.0,1532.0,467.0,71.569,50.034,1.146,2074.0,1.18e+16,1.14e+17,4.73e+17,2.99e+17,32602.515,104.111,917.0,160,1119.29,40.66,0.13,152,-20.529999999999973,4.740328947368421,False,False,False,wet,H2O,30,14,14_45,none
2.043,11.218,15.011,19.854,200.46,89.832,501.455,3952.664,5002.835,4.844,89.921,30.035,17.821,436,471.621,111.549,3650.0,1489.0,273.0,71.434,50.06,0.933,2072.0,1.49e+16,3.52e+16,4.27e+17,3.01e+17,31795.466,103.956,875.0,154,1048.21,36.9,0.2,75,-7.279999999999973,9.4304,False,False,False,dry,O2,15,14,14_47,none
2.055,13.637,15.041,19.891,200.263,90.042,497.39,4033.889,5002.808,4.857,89.995,30.039,17.854,436,471.686,111.631,3650.0,1489.0,273.0,71.483,50.026,0.994,2072.0,1.49e+16,3.52e+16,4.27e+17,3.01e+17,31795.511,104.218,875.0,154,1028.33,36.84,0.24,75,-7.600000000000023,9.434666666666669,False,False,False,dry,O2,95,14,14_20,none
0.605,14.015,15.251,20.09,199.017,90.13,500.696,4020.97,5074.928,4.97,92.198,30.03,43.007,365,536.96,107.728,3668.0,1576.0,582.0,69.376,50.697,1.038,2078.0,6750000000000000.0,1.08e+17,6.22e+17,3.01e+17,31209.069,103.79,884.0,156,1046.32,36.7,0.23,118,0.2799999999999727,5.929830508474576,False,False,False,dry,O2,185,14,14_21,none
2.007,15.48,15.019,20.036,195.735,89.93,504.722,4009.605,5009.414,5.004,92.379,30.069,55.29,405,518.184,107.415,3666.0,1548.0,427.0,70.817,50.851,0.99,2023.0,2980000000000000.0,8.43e+16,6.48e+17,3.01e+17,30954.012,99.517,895.0,155,1219.45,35.96,0.12,127,10.440000000000056,5.429606299212598,False,False,False,wet,H2O,84,14,14_22,none
1.219,18.982,14.987,19.816,201.761,89.883,501.809,4021.835,4937.521,4.982,92.235,29.813,39.452,436,528.817,106.677,3644.0,1709.0,315.0,71.294,50.48,1.041,2076.0,8720000000000000.0,1e+17,6.54e+17,2.98e+17,31438.892,104.802,908.0,148,1051.7,32.42,0.15,145,-9.980000000000018,4.896413793103449,False,False,False,dry,O2,92,15,15_51,none
2.327,18.873,14.982,20.005,196.675,89.941,501.257,3996.775,5110.61,5.044,89.596,30.031,41.067,405,519.317,109.198,3638.0,1468.0,417.0,71.203,50.425,0.951,2094.0,7300000000000000.0,1.13e+17,6.12e+17,3e+17,32297.128,102.535,893.0,152,1186.72,32.78,0.09,74,-15.059999999999944,9.662972972972971,False,False,False,wet,H2O,60,15,15_52,none
0.971,13.775,15.082,20.133,201.961,89.972,498.193,4074.162,4971.185,5.042,89.377,29.883,58.796,365,461.863,104.736,3643.0,1466.0,172.0,71.204,51.213,1.058,2093.0,1.82e+16,6.32e+16,6.9e+17,3.01e+17,31153.674,103.569,927.0,154,926.35,36.51,0.39,75,-7.600000000000023,9.434666666666669,False,False,False,wet,H2O,54,15,15_53,none
1.516,18.705,15.05,19.958,200.452,90.088,501.94,4078.079,4942.584,5.15,92.482,30.001,30.109,436,491.121,109.475,3669.0,1390.0,285.0,71.123,50.79,1.152,2060.0,1.3e+16,1.49e+17,6.14e+17,3.02e+17,32181.136,104.45,906.0,156,1190.73,35.44,-0.03,108,-0.7400000000000091,6.488333333333333,True,False,False,dry,O2,91,15,15_54,none
1.428,13.617,15.087,19.893,204.477,90.032,500.276,4099.467,4950.851,4.998,92.67,29.818,42.89,365,548.817,106.981,3640.0,1506.0,363.0,71.769,51.496,0.838,2066.0,2880000000000000.0,-1.2e+16,5.22e+17,3.01e+17,32241.622,101.924,912.0,156,1083.82,39.23,0.27,135,12.480000000000018,5.092740740740741,False,False,True,dry,O2,70,15,15_1,none
1.757,15.608,15.127,20.022,198.386,90.104,497.659,4023.055,5061.607,5.122,94.193,30.084,45.304,405,533.006,109.415,3662.0,1525.0,425.0,70.053,51.2,1.099,2060.0,8140000000000000.0,1.65e+17,2.54e+17,3.01e+17,32695.248,100.671,893.0,158,1086.65,35.02,0.25,93,-15.019999999999982,7.688387096774194,False,False,False,dry,O2,107,15,15_2,none
1.124,16.223,15.127,19.982,200.149,89.972,503.147,4100.446,4995.851,4.961,94.492,30.046,56.192,365,526.797,108.517,3664.0,1465.0,309.0,71.292,50.246,1.145,2059.0,1.42e+16,9.77e+16,3.16e+17,2.99e+17,32457.874,103.417,894.0,152,1134.14,31.89,0.09,103,4.480000000000018,6.7526213592233,False,False,False,wet,H2O,77,15,15_3,none
1.124,15.362,14.858,19.993,199.271,89.961,499.908,4028.141,4922.335,5.349,93.874,29.836,50.17,365,510.533,108.793,3660.0,1596.0,285.0,69.356,50.705,1.237,2081.0,1.23e+16,9.7e+16,3.21e+17,3.01e+17,32385.466,100.914,901.0,155,965.99,45.21,0.1,87,-4.990000000000009,8.103333333333333,False,False,False,wet,H2O,89,15,15_4,none
1.323,17.093,15.085,19.804,201.787,89.974,502.916,4018.811,5123.786,4.918,90.417,30.019,45.814,405,497.733,108.873,3670.0,1627.0,306.0,69.604,51.096,1.098,2052.0,1.78e+16,6.64e+16,6.58e+17,3e+17,32928.898,104.749,885.0,153,974.31,43.6,0.06,103,-6.940000000000055,6.863495145631068,False,False,False,wet,H2O,138,15,15_5,none
1.419,17.434,15.003,20.095,204.072,90.046,502.303,4071.68,5006.68,4.976,93.591,29.943,49.104,436,545.388,109.478,3654.0,1648.0,448.0,70.972,52.062,1.18,2071.0,5990000000000000.0,1.35e+17,1.14e+18,2.99e+17,32507.507,103.683,907.0,153,1130.81,26.99,0.39,121,-26.370000000000005,6.003057851239669,False,False,False,dry,O2,154,15,15_6,none
1.643,14.906,15.094,19.968,199.865,89.866,496.961,4144.687,5026.724,5.004,92.191,30.037,36.797,405,549.949,107.751,3632.0,1247.0,463.0,70.688,52.185,1.127,2094.0,9960000000000000.0,5.89e+16,6.87e+17,3.01e+17,31557.682,99.498,897.0,154,1158.49,31.96,0.05,115,-12.159999999999968,6.192695652173913,False,False,False,wet,H2O,62,15,15_7,none
0.901,16.378,15.024,20.153,202.695,89.926,500.773,4044.16,4870.571,4.966,90.317,30.099,30.691,405,500.238,108.302,3688.0,1325.0,250.0,69.06,51.759,1.299,2004.0,7060000000000000.0,1.19e+17,5.26e+17,3e+17,32314.685,102.408,916.0,153,979.65,39.03,0.27,129,-15.25,5.544573643410852,False,False,False,dry,O2,125,15,15_8,none
2.141,17.108,15.01,19.767,200.648,89.877,497.026,3959.827,5035.062,4.979,92.271,30.084,40.783,405,530.143,108.224,3653.0,1709.0,362.0,70.733,51.666,1.019,2079.0,1.17e+16,5.23e+16,5.98e+17,3.01e+17,32704.53,104.564,911.0,153,1080.77,33.97,0.3,118,-10.549999999999956,6.021610169491525,False,False,False,dry,O2,128,15,15_9,none
1.069,16.567,14.975,20.01,200.578,90.069,499.541,3949.593,4999.215,5.239,89.095,29.852,24.689,405,500.558,105.296,3649.0,1468.0,348.0,70.679,50.252,0.906,2066.0,8720000000000000.0,1.38e+17,3.74e+17,3.01e+17,32148.162,104.439,896.0,158,1151.87,41.82,0.37,149,-3.2799999999999727,4.72,False,False,False,dry,O2,85,15,15_10,none
1.16,20.377,15.032,20.153,200.125,89.999,500.912,4035.62,5015.564,5.063,90.781,29.966,29.094,436,492.232,108.412,3686.0,1466.0,460.0,69.064,50.199,0.878,2028.0,1.15e+16,1.52e+17,4.58e+17,3e+17,32153.334,102.058,911.0,156,957.7,37.65,0.2,71,-4.3700000000000045,9.920704225352113,False,False,False,dry,O2,132,15,15_11,none
1.248,17.039,15.056,20.012,200.471,90.043,498.765,3939.085,5034.16,5.052,92.035,29.877,37.511,405,554.529,108.184,3660.0,1390.0,263.0,71.981,49.607,1.176,2046.0,1.46e+16,2.69e+16,6.04e+17,3e+17,32034.071,107.241,878.0,156,994.62,31.71,0.17,86,-11.100000000000025,8.268604651162791,False,False,False,dry,O2,95,15,15_12,none
1.475,13.66,15.129,19.944,199.621,90.129,501.037,3999.77,4981.02,4.951,93.158,29.843,55.831,436,483.585,109.609,3632.0,1561.0,498.0,70.181,50.671,1.054,2092.0,9500000000000000.0,1.14e+17,4.29e+17,3.03e+17,30966.539,105.204,903.0,152,1109.53,39.36,0.22,157,-7.730000000000018,4.507834394904458,False,False,False,wet,H2O,117,15,15_13,none
0.688,16.018,14.928,20.037,206.921,89.782,494.708,3979.281,4978.634,5.108,90.48,29.993,49.692,365,538.958,106.918,3671.0,1665.0,192.0,70.553,51.066,0.769,2058.0,1.11e+16,1.46e+17,3.77e+17,3e+17,31509.248,104.189,884.0,154,947.01,30.51,0.19,74,-17.909999999999968,9.701486486486486,False,False,False,wet,H2O,110,15,15_14,none
1.347,15.78,14.937,19.936,202.699,90.045,503.187,4095.696,4958.518,4.935,92.09,29.847,45.33,405,540.077,107.785,3631.0,1573.0,387.0,71.799,51.207,1.219,2087.0,1.15e+16,9.13e+16,4.82e+17,3.03e+17,31497.338,104.849,906.0,152,1035.79,32.41,0.16,112,-19.230000000000015,6.421696428571429,False,False,False,wet,H2O,88,15,15_15,none
1.131,15.442,14.907,20.019,196.094,89.952,499.256,4043.506,4926.4,5.054,91.816,30.035,31.201,365,525.059,107.846,3642.0,1526.0,450.0,70.657,51.334,1.045,2091.0,2.01e+16,1.58e+17,5.62e+17,3.01e+17,30883.69,100.732,906.0,150,1123.62,31.86,0.26,103,-8.850000000000023,6.882038834951457,False,False,False,dry,O2,55,15,15_16,none
1.297,14.373,14.91,19.901,197.988,89.98,495.205,3977.725,5105.685,5.106,91.047,29.882,46.396,436,506.192,107.885,3666.0,1481.0,371.0,70.143,51.145,1.185,2061.0,7300000000000000.0,1.79e+17,3.31e+17,3e+17,32548.814,101.775,913.0,153,1008.66,28.69,0.22,198,-2.039999999999964,3.5456565656565653,False,False,False,wet,H2O,118,15,15_17,none
1.86,16.034,15.076,19.966,200.245,90.02,509.093,4040.968,5036.774,4.925,92.138,30.112,37.313,436,526.296,107.427,3700.0,1588.0,277.0,70.705,51.183,1.123,2020.0,1.34e+16,8.04e+16,3.52e+17,3.01e+17,32096.713,102.675,889.0,154,1245.39,29.17,0.29,22,-16.610000000000014,32.573181818181816,False,False,False,wet,H2O,159,15,15_18,none
1.217,12.531,15.082,20.01,200.228,90.05,505.279,4012.661,5035.846,5.215,93.758,30.183,33.086,405,514.652,109.54,3675.0,1441.0,359.0,71.586,50.449,1.05,2041.0,8720000000000000.0,5.58e+16,4.22e+17,3e+17,31876.749,103.29,900.0,156,1086.82,35.61,0.03,87,-3.8600000000000136,8.090344827586208,False,False,False,wet,H2O,127,15,15_19,none
0.445,16.247,14.94,20.074,200.768,90.238,498.253,4061.998,5037.176,5.055,92.916,29.921,45.214,405,494.76,107.313,3651.0,1576.0,218.0,71.102,50.643,1.118,2039.0,1.73e+16,9.95e+16,-6.12e+16,3e+17,32374.792,104.086,898.0,155,1203.84,49.79,0.12,70,-11.539999999999964,10.164857142857144,False,False,True,dry,O2,79,15,15_50,none
0.26,17.408,15.02,20.01,198.341,90.023,493.347,4080.283,5064.495,5.14,89.881,30.062,51.46,365,516.223,107.903,3647.0,1509.0,244.0,71.318,50.823,1.088,2059.0,1.44e+16,1.29e+17,6.72e+17,2.99e+17,32062.26,104.251,885.0,152,1259.5,28.96,0.19,177,-10.66999999999996,4.015084745762712,False,False,False,dry,O2,88,15,15_49,none
1.309,11.727,15.05,19.984,198.977,89.895,501.226,4086.375,4924.758,4.847,89.252,30.071,25.168,365,516.522,108.081,3661.0,1402.0,261.0,71.222,49.913,0.867,2038.0,1.08e+16,7.93e+16,4.8e+17,2.98e+17,32270.817,102.798,903.0,157,1108.01,33.9,0.34,118,-10.32000000000005,6.019661016949153,False,False,False,dry,O2,93,15,15_48,none
1.771,15.398,15.007,20.056,196.484,90.073,499.284,4065.397,5054.536,5.068,90.962,30.161,41.784,365,476.734,106.19,3660.0,1441.0,343.0,71.353,51.025,1.114,2048.0,1.62e+16,5.1e+16,4.6e+17,2.99e+17,31373.358,103.778,911.0,154,1103.48,38.12,0.09,66,-14.340000000000032,10.823333333333334,False,False,False,wet,H2O,69,15,15_47,none
1.224,15.789,14.836,20.17,203.82,89.909,499.726,4005.696,4976.314,5.041,92.57,30.071,33.645,436,525.241,106.371,3691.0,1460.0,469.0,69.823,51.861,0.859,2012.0,1.58e+16,9.95e+16,3.07e+17,3.02e+17,31265.303,101.983,916.0,150,1139.7,38.53,0.26,100,0.3799999999999954,6.9962,False,False,False,wet,H2O,120,14,14_23,none
1.351,14.986,15.095,19.938,203.312,90.005,499.181,4011.185,4888.275,5.124,89.135,30.089,39.014,436,510.934,106.233,3669.0,1495.0,470.0,70.673,51.163,1.098,2046.0,6410000000000000.0,5500000000000000.0,4.5e+17,2.99e+17,32267.006,104.046,907.0,155,1268.88,23.68,0.2,156,-15.049999999999956,4.583653846153846,False,False,False,dry,O2,215,14,14_24,Edge-Loc
1.563,13.977,15.061,19.948,205.803,90.137,500.903,3925.047,4953.702,5.082,93.613,29.954,36.552,436,496.448,112.109,3634.0,1449.0,310.0,71.873,50.803,1.053,2077.0,1.54e+16,5.38e+16,2.17e+17,3.03e+17,31800.114,103.905,917.0,150,1050.53,33.26,0.1,117,-26.46000000000004,6.20905982905983,False,False,False,wet,H2O,74,14,14_25,none
0.636,16.227,15.033,20.066,200.608,89.996,502.423,3984.79,4883.544,5.1,92.083,30.114,44.74,405,512.653,111.503,3701.0,1527.0,-18.0,70.715,50.903,1.065,2001.0,1.23e+16,8.84e+16,6.37e+17,2.99e+17,32222.117,104.824,893.0,157,1080.05,31.1,0.29,128,-10.799999999999956,5.553125,False,True,False,wet,H2O,83,14,14_26,none
0.833,14.396,15.028,19.973,199.027,89.937,500.146,4000.084,5049.621,5.085,92.679,29.895,50.399,365,528.994,107.486,3645.0,1377.0,267.0,71.571,50.78,1.053,2050.0,3410000000000000.0,1.26e+17,6.61e+17,3.01e+17,32130.323,102.477,900.0,157,998.94,33.22,0.2,168,-14.440000000000056,4.252619047619048,False,False,False,wet,H2O,75,14,14_27,none
1.337,13.474,15.022,19.881,204.356,90.205,495.84,4099.428,4951.027,5.105,92.71,30.074,42.622,365,548.735,106.907,3640.0,1506.0,363.0,71.964,51.4,1.306,2066.0,2880000000000000.0,-1.2e+16,5.22e+17,3.01e+17,32241.585,102.084,912.0,156,1102.5,39.38,0.3,135,12.41999999999996,5.0931851851851855,False,False,True,dry,O2,70,15,15_28,none
0.849,15.539,14.87,19.84,198.43,90.086,500.631,4023.007,5061.498,5.098,94.14,29.888,45.234,405,533.005,109.536,3662.0,1525.0,425.0,70.078,51.117,0.988,2060.0,8140000000000000.0,1.65e+17,2.54e+17,3.01e+17,32695.279,100.541,893.0,158,1091.25,35.17,0.19,93,-15.08000000000004,7.689032258064516,False,False,False,dry,O2,107,15,15_29,none
0.847,16.263,15.018,19.914,200.116,90.177,502.233,4100.562,4995.631,5.058,94.438,30.207,56.188,365,526.69,108.398,3664.0,1465.0,309.0,71.179,50.257,1.023,2059.0,1.42e+16,9.77e+16,3.16e+17,2.99e+17,32457.94,103.161,894.0,152,1144.16,32.0,0.22,103,4.5499999999999545,6.751941747572816,False,False,False,wet,H2O,77,15,15_30,none
1.84,15.33,14.775,20.122,199.504,90.004,503.504,4027.931,4922.505,5.137,94.002,30.006,50.168,365,510.972,108.598,3660.0,1596.0,285.0,69.298,50.7,1.122,2081.0,1.23e+16,9.7e+16,3.21e+17,3.01e+17,32385.34,100.823,901.0,155,970.31,44.85,0.28,87,-5.1200000000000045,8.104827586206897,False,False,False,wet,H2O,89,15,15_31,none
1.826,16.834,15.183,20.057,201.737,90.044,498.468,4018.716,5123.75,4.96,90.228,29.831,46.057,405,497.878,109.034,3670.0,1627.0,306.0,69.618,51.286,1.029,2052.0,1.78e+16,6.64e+16,6.58e+17,3e+17,32928.83,104.737,885.0,153,976.78,43.3,0.11,103,-7.029999999999973,6.864368932038834,False,False,False,wet,H2O,138,15,15_32,none
1.632,17.465,14.807,19.94,203.966,89.982,495.35,4071.659,5006.613,4.842,93.374,29.982,49.119,436,545.467,109.452,3654.0,1648.0,448.0,70.997,51.977,1.034,2071.0,5990000000000000.0,1.35e+17,1.14e+18,2.99e+17,32507.398,103.705,907.0,153,1134.63,27.14,0.35,121,-26.279999999999973,6.002314049586777,False,False,False,dry,O2,154,15,15_33,none
1.514,16.778,15.132,19.873,196.158,89.968,502.717,3973.902,4974.497,5.059,92.771,29.858,46.911,365,520.115,108.156,3617.0,1449.0,317.0,70.59,49.506,0.943,2122.0,1.24e+16,1.3e+17,2.17e+17,3.01e+17,30901.547,101.932,912.0,155,1133.63,26.7,0.18,106,-1.669999999999959,6.619528301886792,False,False,False,wet,H2O,28,13,13_22,none
0.896,14.883,14.971,20.056,199.605,89.959,494.472,4144.304,5026.797,4.88,92.263,29.777,36.763,405,549.801,107.981,3632.0,1247.0,463.0,70.512,52.236,1.024,2094.0,9960000000000000.0,5.89e+16,6.87e+17,3.01e+17,31557.75,99.491,897.0,154,1172.75,31.94,0.21,115,-12.200000000000044,6.19304347826087,False,False,False,wet,H2O,62,15,15_34,none
0.986,16.932,15.092,19.846,200.729,90.015,505.834,3959.759,5035.108,5.047,92.187,30.086,40.771,405,530.13,108.355,3653.0,1709.0,362.0,70.699,51.601,1.009,2079.0,1.17e+16,5.23e+16,5.98e+17,3.01e+17,32704.477,104.627,911.0,153,1087.63,32.91,0.07,118,-10.450000000000044,6.020762711864407,False,False,False,dry,O2,129,15,15_36,none
0.577,16.661,14.936,19.963,200.753,90.028,502.472,3949.589,4999.196,5.0,89.223,29.916,24.387,405,500.49,105.451,3649.0,1468.0,348.0,70.654,50.223,1.189,2066.0,8720000000000000.0,1.38e+17,3.74e+17,3.01e+17,32148.169,104.576,896.0,158,1158.44,31.84,0.15,149,-3.330000000000041,4.720335570469799,False,False,False,dry,O2,85,15,15_37,none
1.412,20.291,14.813,20.21,200.322,90.046,502.757,4035.581,5015.704,5.189,90.812,30.048,28.987,436,492.28,108.352,3686.0,1466.0,460.0,68.843,50.22,1.026,2028.0,1.15e+16,1.52e+17,4.58e+17,3e+17,32153.303,101.915,911.0,156,977.34,39.31,0.19,71,-4.529999999999973,9.922957746478874,False,False,False,dry,O2,132,15,15_38,none
1.688,16.994,15.047,19.974,200.488,90.04,502.214,3939.19,5034.28,5.124,91.846,29.85,37.321,405,554.6,108.316,3660.0,1390.0,263.0,71.866,49.647,0.973,2046.0,1.46e+16,2.69e+16,6.04e+17,3e+17,32034.191,107.274,878.0,156,1003.1,32.93,0.36,86,-11.100000000000025,8.268604651162791,False,False,False,dry,O2,95,15,15_39,none
1.551,13.337,15.271,19.919,199.473,89.997,499.548,3999.829,4980.95,4.912,93.229,29.898,55.713,436,483.839,109.774,3632.0,1561.0,498.0,70.179,50.631,1.103,2092.0,9500000000000000.0,1.14e+17,4.29e+17,3.03e+17,30966.555,105.209,903.0,152,1120.77,37.99,0.28,157,-7.899999999999977,4.508917197452229,False,False,False,wet,H2O,117,15,15_40,none
0.6,16.019,15.036,20.026,206.842,90.016,505.844,3979.568,4978.637,5.143,90.49,30.121,49.507,365,538.852,106.839,3671.0,1665.0,192.0,70.794,50.864,0.93,2058.0,1.11e+16,1.46e+17,3.77e+17,3e+17,31509.264,104.213,884.0,154,951.29,39.97,0.14,74,-18.029999999999973,9.703108108108108,False,False,False,wet,H2O,110,15,15_41,none
0.812,15.574,14.829,20.186,202.938,90.007,494.88,4095.773,4958.662,4.874,91.838,29.816,45.446,405,540.135,107.902,3631.0,1573.0,387.0,71.643,51.14,0.808,2087.0,1.15e+16,9.13e+16,4.82e+17,3.03e+17,31497.08,104.998,906.0,152,1047.6,35.47,0.19,112,-13.529999999999973,6.370803571428572,False,False,False,wet,H2O,88,15,15_42,none
0.772,15.504,15.091,19.794,196.023,89.867,504.512,4043.752,4926.419,5.063,91.874,30.022,31.265,365,525.32,107.801,3642.0,1526.0,450.0,70.494,51.266,0.985,2091.0,2.01e+16,1.58e+17,5.62e+17,3.01e+17,30883.896,100.895,906.0,150,1143.24,28.63,0.05,103,-12.610000000000014,6.918543689320389,False,False,False,dry,O2,55,15,15_43,none
1.402,14.595,14.913,20.054,198.279,90.222,499.895,3977.542,5105.588,4.872,91.076,29.882,46.66,436,506.292,107.937,3666.0,1481.0,371.0,69.967,51.001,0.836,2061.0,7300000000000000.0,1.79e+17,3.31e+17,3e+17,32548.801,101.743,913.0,153,1025.05,34.5,0.25,198,-14.42999999999995,3.608232323232323,False,False,False,wet,H2O,118,15,15_44,none
1.829,15.992,14.97,20.094,200.363,89.983,500.556,4040.898,5036.577,4.94,92.08,30.314,37.388,436,526.12,107.424,3700.0,1588.0,277.0,70.931,51.259,1.099,2020.0,1.34e+16,8.04e+16,3.52e+17,3.01e+17,32096.994,102.874,889.0,154,1253.32,34.91,0.21,22,-15.299999999999956,32.51363636363636,False,False,False,wet,H2O,159,15,15_45,none
1.076,12.66,15.183,19.96,200.443,90.035,494.955,4012.595,5036.085,4.885,93.574,30.161,33.118,405,514.635,109.415,3675.0,1441.0,359.0,71.151,50.186,1.059,2041.0,8720000000000000.0,5.58e+16,4.22e+17,3e+17,31876.819,103.326,900.0,156,1099.53,32.65,0.35,87,-13.120000000000005,8.196781609195403,False,False,False,wet,H2O,127,15,15_46,none
1.281,16.462,14.897,20.213,202.564,89.879,498.237,4044.111,4870.868,4.783,90.233,30.128,30.528,405,500.342,108.428,3688.0,1325.0,250.0,69.055,51.666,1.099,2004.0,7060000000000000.0,1.19e+17,5.26e+17,3e+17,32314.869,102.385,916.0,153,983.88,38.9,0.22,129,-15.409999999999968,5.545813953488372,False,False,False,dry,O2,125,15,15_35,none
1.875,15.414,15.143,20.117,196.238,89.939,498.029,4065.324,5054.485,4.801,91.06,30.059,41.8,365,476.928,106.106,3660.0,1441.0,343.0,70.663,51.01,0.925,2048.0,1.62e+16,5.1e+16,4.6e+17,2.99e+17,31373.227,103.89,911.0,154,1088.44,33.65,0.26,66,-17.129999999999995,10.86560606060606,False,False,False,wet,H2O,69,15,15_20,none
1.472,15.668,15.126,19.896,204.029,89.957,497.655,4015.507,4993.609,5.059,93.384,29.979,58.58,405,492.659,108.436,3683.0,1616.0,378.0,71.209,51.371,1.129,2026.0,1.19e+16,8.61e+16,5.08e+17,2.99e+17,31765.514,102.18,878.0,156,1149.08,35.37,0.14,113,-2.42999999999995,6.216194690265486,False,False,False,dry,O2,177,13,13_21,none
1.144,15.66,14.964,19.814,198.731,90.124,500.804,3988.754,5005.0,4.975,92.107,30.048,42.15,365,512.054,108.604,3649.0,1544.0,353.0,70.148,51.509,0.977,2057.0,1.17e+16,9.08e+16,1.99e+17,3.01e+17,31661.894,101.133,891.0,149,913.91,36.31,0.11,70,-11.340000000000032,10.162,False,False,False,dry,O2,103,13,13_19,none
1.685,16.746,14.966,20.131,199.925,89.916,499.767,4003.926,5014.375,5.183,93.883,30.018,37.453,365,511.015,105.919,3669.0,1686.0,436.0,70.901,51.523,0.965,2042.0,1.23e+16,1.64e+17,6.5e+17,2.98e+17,31059.946,101.236,880.0,155,1063.9,38.34,0.24,60,-7.129999999999996,11.7855,False,False,False,wet,H2O,178,12,12_9,none
1.131,16.605,14.961,20.13,199.451,90.143,500.031,4076.696,5094.233,4.951,93.553,29.984,36.637,436,526.41,108.059,3651.0,1480.0,495.0,71.504,51.342,0.913,2080.0,1.43e+16,1.42e+17,5.39e+16,3.03e+17,31195.927,100.087,896.0,156,1100.12,34.85,0.27,73,-27.67999999999995,9.96821917808219,False,False,False,wet,H2O,102,12,12_10,none
0.971,15.927,15.042,19.921,205.813,90.11,497.789,4043.138,5014.325,5.003,92.58,29.863,37.467,405,506.293,105.591,3662.0,1545.0,514.0,70.371,51.105,1.073,2026.0,1.56e+16,1.15e+17,1.04e+18,3.01e+17,30345.702,104.366,883.0,153,1160.28,34.41,0.26,18,-10.379999999999995,39.465555555555554,False,False,False,dry,O2,105,12,12_11,none
1.479,16.532,14.981,20.071,198.082,89.774,495.006,4019.37,4927.461,5.045,91.29,29.976,29.388,365,506.678,106.583,3664.0,1471.0,198.0,70.385,50.922,0.955,2042.0,9040000000000000.0,1.57e+17,1.96e+17,2.99e+17,32640.24,103.355,870.0,154,1087.48,28.05,0.38,145,-16.32000000000005,4.940137931034483,False,False,False,wet,H2O,97,12,12_12,none
1.566,14.448,15.151,20.181,202.809,90.035,505.285,4056.019,5042.509,4.884,93.203,30.046,30.321,405,519.842,106.788,3633.0,1606.0,446.0,68.926,50.224,0.994,2100.0,9260000000000000.0,6.7e+16,7e+17,3.02e+17,31812.807,103.105,906.0,151,1055.18,30.06,0.31,205,-14.67999999999995,3.486243902439024,False,False,False,dry,O2,73,12,12_13,none
0.479,15.85,15.018,20.04,199.949,90.285,501.479,4064.287,5096.8,4.841,92.865,30.068,45.709,365,528.028,106.386,3643.0,1469.0,179.0,70.164,51.502,0.992,2085.0,9010000000000000.0,8.81e+16,1.08e+18,2.99e+17,31897.069,104.143,885.0,156,1096.95,38.66,0.14,180,-20.58000000000004,4.003222222222222,False,False,False,dry,O2,97,12,12_14,none
1.483,19.689,15.078,19.888,202.045,89.904,498.612,4065.799,4966.817,5.105,91.734,29.984,65.868,405,520.855,106.027,3648.0,1518.0,154.0,69.673,51.178,0.999,2052.0,7390000000000000.0,1.3e+17,3.11e+17,3.01e+17,31335.27,100.303,913.0,155,1000.93,45.16,0.3,134,-11.450000000000044,5.309328358208956,False,False,False,dry,O2,86,12,12_15,none
1.32,14.344,15.047,20.015,200.548,89.999,499.679,4040.402,5024.35,5.3,90.953,30.265,57.731,436,502.171,109.035,3594.0,1522.0,445.0,71.947,51.878,0.984,2138.0,1.33e+16,1.42e+17,3.54e+17,2.99e+17,31661.848,102.58,885.0,154,1043.37,25.75,0.27,103,-19.309999999999945,6.983592233009708,False,False,False,dry,O2,59,12,12_16,none
1.064,15.145,14.926,19.912,201.523,90.005,502.223,3914.275,5094.342,5.054,92.582,29.92,44.354,436,543.048,107.521,3656.0,1402.0,325.0,70.329,50.822,0.995,2042.0,7050000000000000.0,8.08e+16,4.8e+17,3e+17,32041.609,102.558,921.0,158,1033.04,32.81,0.28,89,0.6200000000000045,7.858202247191011,False,False,False,wet,H2O,98,12,12_18,none
1.565,14.093,14.95,19.915,206.138,90.13,499.141,4049.422,5068.467,5.087,88.175,29.897,40.35,436,548.06,108.998,3679.0,1479.0,401.0,71.107,51.518,0.977,2044.0,1.7e+16,1.79e+17,7.08e+17,3e+17,31844.005,101.627,897.0,155,1092.99,21.82,0.02,97,-4.970000000000027,7.267731958762887,False,False,False,wet,H2O,108,12,12_19,none
1.569,14.357,15.086,20.044,199.473,89.83,497.178,4017.332,5047.985,4.948,92.254,30.32,38.825,405,522.132,106.873,3621.0,1498.0,245.0,70.398,50.5,0.789,2122.0,8560000000000000.0,6.81e+16,6.64e+17,3.02e+17,30426.954,104.207,892.0,158,1114.77,34.36,0.14,65,-6.4500000000000455,10.868461538461538,False,False,False,dry,O2,112,12,12_20,none
0.9,13.227,15.158,19.931,201.702,90.092,500.7,3982.846,4968.242,5.182,91.766,30.045,35.245,436,536.46,106.347,3629.0,1497.0,300.0,71.001,50.859,0.98,2058.0,8270000000000000.0,9.34e+16,5.31e+17,3.01e+17,31076.558,102.453,918.0,152,1237.59,36.33,0.11,231,-11.049999999999956,3.078138528138528,False,False,False,dry,O2,50,12,12_21,none
1.628,16.731,14.916,19.919,200.325,89.777,503.472,4083.773,5093.545,4.922,91.601,29.884,45.403,405,529.197,109.351,3632.0,1363.0,498.0,70.196,51.288,1.086,2081.0,1.17e+16,4.06e+16,5.88e+17,2.99e+17,31775.203,102.439,924.0,154,1136.64,31.04,0.14,138,-9.91999999999996,5.144347826086956,False,False,False,dry,O2,83,12,12_22,none
0.663,12.194,14.764,20.117,197.99,90.069,503.187,3988.044,4981.272,4.931,92.098,29.945,30.384,436,551.85,108.546,3664.0,1467.0,425.0,70.329,51.238,1.042,2083.0,1.46e+16,1.03e+17,6.53e+17,3e+17,31621.446,101.652,889.0,153,1187.66,36.93,0.1,104,-1.3099999999999454,6.743365384615384,False,False,False,dry,O2,102,12,12_23,none
1.705,18.894,15.136,20.31,201.482,89.928,504.149,4049.955,4957.114,5.013,91.545,30.011,44.676,405,502.003,108.114,3651.0,1222.0,501.0,71.628,51.837,0.978,2064.0,1.13e+16,1.66e+17,2.32e+17,3.01e+17,31948.271,103.937,908.0,155,1014.02,27.26,0.22,90,-14.289999999999964,7.936555555555556,False,False,False,dry,O2,87,12,12_24,none
1.706,13.922,14.939,20.012,203.204,89.955,504.97,3924.554,5098.528,5.016,92.091,29.724,47.158,405,531.443,110.223,3674.0,1504.0,349.0,71.801,49.768,0.984,2045.0,1.85e+16,1.2e+17,3.9e+17,3e+17,31259.643,104.244,917.0,154,1126.48,32.48,0.12,121,-8.67999999999995,5.856859504132231,False,False,False,dry,O2,136,12,12_25,none
0.993,17.08,15.046,20.088,205.442,90.01,499.164,3975.721,4982.255,5.024,95.824,30.017,21.068,365,505.479,107.314,3660.0,1501.0,578.0,70.385,50.984,1.122,2068.0,1.41e+16,7.02e+16,2.63e+17,3.01e+17,32083.159,102.667,909.0,154,1054.88,40.99,0.29,89,-6.740000000000009,7.9408988764044945,False,False,False,dry,O2,122,12,12_26,none
1.336,17.082,14.966,19.887,199.377,90.102,500.587,3998.966,5088.157,4.947,95.392,30.088,38.341,365,513.239,108.595,3657.0,1538.0,670.0,71.455,50.506,0.982,2052.0,9650000000000000.0,8.08e+16,6.97e+17,3e+17,31228.005,102.641,887.0,155,1094.67,40.25,0.18,45,-12.120000000000005,15.82488888888889,False,False,False,dry,O2,217,12,12_27,Edge-Ring
1.015,15.969,14.938,19.809,203.671,89.862,503.631,4072.142,5090.19,5.205,93.893,29.97,31.109,365,469.427,106.501,3659.0,1486.0,277.0,71.603,50.557,0.97,2067.0,1.02e+16,9.86e+16,1.21e+17,3.01e+17,32252.638,101.875,868.0,153,1275.85,44.83,0.28,22,-17.590000000000032,32.61772727272727,False,False,False,wet,H2O,96,32,32_1,none
0.899,19.13,14.887,19.96,204.296,89.965,504.41,4089.159,5111.69,5.212,93.776,30.041,34.684,365,472.456,106.939,3667.0,1424.0,252.0,72.386,50.95,1.074,2083.0,4080000000000000.0,2.68e+16,1.94e+16,2.99e+17,32103.22,102.347,867.0,154,1273.21,45.04,0.23,25,-23.529999999999973,28.9412,False,False,False,wet,H2O,117,32,32_2,none
0.641,18.848,15.108,19.803,205.041,90.097,505.368,4103.555,5129.406,5.194,95.582,29.894,38.658,365,470.414,107.798,3658.0,1412.0,204.0,72.02,50.905,1.11,2047.0,4590000000000000.0,955000000000000.0,4.15e+16,3.02e+17,32421.848,102.115,867.0,153,1279.11,45.03,0.31,26,-20.610000000000014,27.715769230769236,False,False,False,wet,H2O,60,32,32_3,none
0.313,13.94,15.027,20.034,207.689,90.015,507.921,4155.432,5194.208,5.164,94.996,30.117,31.551,365,460.684,107.757,3661.0,1449.0,154.0,72.071,51.047,1.066,2047.0,1.61e+16,119999999999.913,27600000000000.05,2.99e+17,32251.781,102.311,868.0,154,1275.56,45.35,0.19,26,-22.049999999999955,27.771153846153844,False,False,False,wet,H2O,78,32,32_4,none
0.723,18.844,14.793,20.131,206.984,89.953,506.875,4137.683,5172.081,5.249,94.15,30.162,34.322,365,472.778,106.621,3658.0,1327.0,207.0,72.065,50.752,1.065,2066.0,5060000000000000.0,1.88e+16,4.19e+16,3.01e+17,32241.58,101.717,868.0,152,1274.05,44.95,0.09,27,-20.549999999999955,26.68703703703704,False,False,False,wet,H2O,57,32,32_5,none
1.681,14.679,15.088,20.032,202.671,90.022,498.853,4005.238,5062.732,4.97,86.26,29.875,51.255,436,507.589,105.427,3612.0,1582.0,425.0,71.469,50.72,0.88,2117.0,1.42e+16,7.44e+16,4.61e+17,2.98e+17,32007.984,103.432,886.0,155,1190.29,42.72,0.41,112,-14.75,6.381696428571429,False,False,False,dry,O2,120,12,12_8,none
0.869,20.689,14.866,20.083,205.823,90.045,505.965,4118.378,5148.116,5.102,94.114,30.201,35.374,365,473.917,106.763,3645.0,1353.0,183.0,70.658,50.642,0.876,2048.0,8130000000000000.0,4.14e+16,4.23e+17,3e+17,32242.242,101.752,868.0,153,1269.48,44.77,0.14,24,-6.100000000000023,29.42083333333333,False,False,False,wet,H2O,69,32,32_6,none
1.637,13.592,14.949,19.913,198.641,90.058,499.032,4030.907,4973.926,4.745,90.608,29.905,44.101,436,530.962,109.112,3641.0,1539.0,181.0,70.726,51.432,0.88,2093.0,1.33e+16,1.28e+17,6.79e+17,3e+17,31878.02,103.07,910.0,152,1089.65,39.99,0.18,26,-12.470000000000027,27.40269230769231,False,False,False,dry,O2,118,12,12_7,none
0.425,12.501,14.794,20.048,201.923,90.131,504.048,3999.101,5007.443,5.128,92.099,30.084,49.04,436,459.507,107.67,3638.0,1376.0,456.0,70.493,51.247,1.061,2090.0,1.18e+16,1.01e+17,6.66e+16,2.98e+17,30885.297,102.906,884.0,156,1103.59,33.8,0.26,101,-17.059999999999945,7.099603960396039,False,False,False,dry,O2,29,12,12_5,none
0.858,18.992,14.997,19.914,201.579,90.008,504.211,3971.247,4957.021,4.852,91.537,30.094,44.787,405,502.312,107.829,3651.0,1222.0,501.0,71.794,51.785,1.047,2064.0,1.13e+16,1.66e+17,2.32e+17,3.01e+17,31948.147,103.84,908.0,155,1020.1,36.61,-0.02,90,-13.779999999999973,7.930888888888888,True,False,False,dry,O2,86,12,12_51,none
1.127,14.005,14.941,19.884,203.106,89.856,504.937,4035.482,5098.524,5.115,92.039,30.03,47.363,405,531.369,110.181,3674.0,1504.0,349.0,71.891,49.656,0.992,2045.0,1.85e+16,1.2e+17,3.9e+17,3e+17,31259.531,104.263,917.0,154,1131.02,25.37,0.44,121,-12.659999999999968,5.889752066115702,False,False,False,dry,O2,136,12,12_52,none
0.961,17.004,15.12,19.932,205.357,90.009,498.904,3952.552,4982.025,4.882,95.851,29.872,21.043,365,505.35,107.093,3660.0,1501.0,578.0,70.315,51.431,1.041,2068.0,1.41e+16,7.02e+16,2.63e+17,3.01e+17,32083.216,102.686,909.0,154,1055.81,42.2,0.1,89,-14.299999999999956,8.025842696629214,False,False,False,dry,O2,122,12,12_53,none
1.531,17.208,15.045,20.001,199.47,89.966,501.878,3972.173,5088.297,4.984,95.175,30.098,38.539,365,513.053,108.407,3657.0,1538.0,670.0,71.26,50.411,0.946,2052.0,9650000000000000.0,8.08e+16,6.97e+17,3e+17,31227.953,102.604,887.0,155,1095.44,31.42,0.32,45,-15.559999999999944,15.901333333333332,False,False,False,dry,O2,217,12,12_54,Edge-Ring
0.807,15.989,14.894,19.789,203.559,90.02,503.575,4072.187,5090.145,5.141,93.788,29.954,31.194,365,469.481,106.555,3659.0,1481.0,207.0,71.769,50.549,0.908,2067.0,1.02e+16,9.86e+16,1.21e+17,3.01e+17,32252.87,101.697,868.0,153,1282.44,44.84,0.31,22,4.340000000000032,31.62090909090909,False,False,False,wet,H2O,96,32,32_28,none
1.272,19.117,15.001,19.903,204.333,90.02,504.381,4089.018,5111.436,5.052,93.865,30.013,34.832,365,472.337,106.95,3667.0,1588.0,212.0,72.396,50.985,1.182,2083.0,4080000000000000.0,2.68e+16,1.94e+16,2.99e+17,32103.142,102.451,867.0,154,1290.65,45.01,0.24,25,-23.50999999999999,28.9404,False,False,False,wet,H2O,117,32,32_29,none
2.008,18.77,15.321,20.0,205.148,90.129,505.276,4103.666,5129.398,5.096,95.455,29.971,38.588,365,470.717,107.607,3658.0,1441.0,218.0,71.978,50.779,1.039,2047.0,4590000000000000.0,955000000000000.0,4.15e+16,3.02e+17,32421.558,101.99,867.0,153,1293.57,45.11,0.18,26,-20.67999999999995,27.718461538461536,False,False,False,wet,H2O,60,32,32_30,none
1.272,13.837,15.006,19.998,207.796,89.905,507.895,4001.448,5194.259,5.107,95.198,29.893,31.844,365,460.692,107.656,3661.0,1441.0,177.0,72.173,50.985,1.006,2047.0,1.61e+16,119999999999.906,27600000000000.09,2.99e+17,32251.645,102.538,868.0,154,1279.43,45.16,0.23,26,-22.059999999999945,27.77153846153846,False,False,False,wet,H2O,78,32,32_31,none
0.636,18.978,15.071,19.982,206.853,90.117,506.859,4054.735,5172.103,5.021,94.29,29.995,34.292,365,472.695,106.666,3658.0,1402.0,221.0,72.168,50.723,0.942,2066.0,5060000000000000.0,1.88e+16,4.19e+16,3.01e+17,32241.577,101.633,868.0,152,1289.87,45.2,0.25,27,-20.519999999999985,26.685925925925925,False,False,False,wet,H2O,57,32,32_32,none
0.688,20.599,14.872,19.884,205.924,89.973,506.091,3957.138,5148.057,5.245,94.044,30.032,35.181,365,474.212,106.905,3645.0,1353.0,175.0,70.513,50.874,1.066,2048.0,8130000000000000.0,4.14e+16,4.23e+17,3e+17,32242.21,101.56,868.0,153,1285.47,32.92,0.24,24,-6.25,29.42708333333333,False,False,False,wet,H2O,69,32,32_33,none
1.758,11.208,15.12,19.875,204.98,89.806,504.828,4088.127,5123.397,5.125,93.821,29.991,31.098,365,472.205,106.337,3656.0,1515.0,236.0,71.299,50.594,1.199,2048.0,2.06e+16,8.12e+16,211999999999999.84,2.99e+17,32240.954,101.334,868.0,152,1288.17,31.87,0.23,23,-12.559999999999944,30.98086956521739,False,False,False,wet,H2O,117,32,32_34,none
1.884,15.19,14.884,19.934,204.585,89.973,504.429,4025.407,5113.439,5.07,93.735,30.069,33.168,365,472.825,106.563,3646.0,1363.0,151.0,71.088,50.595,0.885,2081.0,1.21e+16,1.21e+17,3.7e+17,3e+17,32255.812,101.278,868.0,152,1282.06,39.62,0.16,21,-10.590000000000032,33.83761904761905,False,False,False,wet,H2O,42,32,32_35,none
1.855,12.466,15.047,20.183,204.738,90.018,504.795,4036.881,5117.939,5.102,93.642,30.018,35.282,365,478.065,106.391,3648.0,1344.0,207.0,70.818,50.451,0.779,2058.0,1.81e+16,1.76e+17,1.03e+18,3e+17,32252.899,101.253,868.0,152,1288.47,32.84,0.32,21,-8.610000000000014,33.74333333333333,False,False,False,wet,H2O,84,32,32_36,none
0.904,19.773,15.073,19.966,204.376,89.906,504.384,4014.055,5105.364,5.18,93.363,30.034,30.891,365,470.504,106.391,3655.0,1520.0,212.0,71.257,50.31,1.075,2079.0,2440000000000000.0,2.31e+16,1.36e+17,3e+17,32253.754,100.653,868.0,151,1291.11,38.13,0.29,22,-13.0,32.40909090909091,False,False,False,wet,H2O,105,32,32_37,none
1.733,16.018,15.111,19.939,204.253,89.969,504.561,3985.695,5110.686,5.181,93.552,29.957,32.424,365,468.783,106.658,3655.0,1510.0,218.0,71.521,50.409,1.036,2071.0,1.05e+16,9.51e+16,6.27e+17,3.01e+17,32248.44,101.549,868.0,152,1291.78,39.88,0.2,21,-15.559999999999944,34.074285714285715,False,False,False,wet,H2O,78,32,32_38,none
0.969,17.763,14.8,19.961,204.234,90.216,504.341,4047.599,5106.379,5.055,93.27,29.926,27.867,365,469.818,106.267,3643.0,1433.0,177.0,70.636,50.477,0.981,2047.0,6910000000000000.0,5.43e+16,1.87e+17,3.01e+17,32241.582,101.231,867.0,152,1268.63,45.1,0.08,22,-7.289999999999964,32.14954545454545,False,False,False,wet,H2O,42,32,32_39,none
0.851,16.546,14.915,19.966,203.402,89.92,503.502,3955.31,5084.998,5.163,93.512,30.146,32.021,365,476.466,106.022,3649.0,1472.0,221.0,71.372,50.652,1.086,2051.0,9320000000000000.0,7670000000000000.0,3.07e+17,2.99e+17,32245.659,101.531,868.0,152,1281.43,44.82,0.3,21,-12.940000000000056,33.94952380952381,False,False,False,wet,H2O,42,32,32_40,none
1.384,15.328,14.958,20.013,203.521,90.225,503.619,4062.88,5091.571,5.168,93.563,29.849,35.969,365,477.01,106.918,3646.0,1341.0,175.0,71.108,50.601,1.242,2076.0,1.18e+16,2.79e+16,327999999999999.94,2.99e+17,32259.29,101.384,868.0,152,1288.42,45.41,0.08,20,-11.950000000000044,35.597500000000004,False,False,False,wet,H2O,24,32,32_41,none
1.724,13.717,15.069,20.0,203.646,90.029,503.664,4071.688,5091.435,5.248,93.508,30.003,29.932,365,468.531,106.365,3656.0,1430.0,202.0,71.705,50.655,0.959,2079.0,1.51e+16,1.5e+17,7.05e+17,2.99e+17,32258.316,101.309,868.0,152,1287.24,45.45,-0.01,22,-16.230000000000018,32.55590909090909,True,False,False,wet,H2O,84,32,32_42,none
1.548,16.35,14.979,19.812,202.732,90.054,498.21,4027.192,4967.041,4.67,89.14,29.971,41.651,436,491.516,107.114,3665.0,1417.0,13.0,73.068,51.036,1.087,2042.0,8570000000000000.0,8.71e+16,7.37e+17,3.03e+17,31654.75,100.552,917.0,150,1020.97,28.53,0.2,71,6.220000000000027,9.771549295774648,False,False,False,dry,O2,67,12,12_1,none
1.101,15.408,15.19,20.087,192.99,89.947,502.371,4012.28,4994.34,5.132,88.682,30.238,40.962,405,485.591,107.922,3693.0,1639.0,288.0,69.501,51.614,1.037,2022.0,1.36e+16,1.18e+17,5.86e+17,3e+17,32420.499,103.043,884.0,152,1101.81,29.78,0.2,60,0.6699999999999591,11.6555,False,False,False,wet,H2O,142,12,12_2,none
1.368,15.733,15.262,20.01,197.905,89.898,497.599,4027.141,5075.365,4.902,91.53,30.02,45.338,365,491.61,106.835,3648.0,1609.0,308.0,69.635,51.499,0.931,2037.0,1.59e+16,5.51e+16,5.1e+17,3e+17,32096.221,102.51,896.0,158,1003.25,32.06,0.29,48,-1.1299999999999957,14.606875,False,False,False,dry,O2,75,12,12_3,none
1.785,17.672,14.999,19.914,200.761,90.052,502.722,4014.649,4981.463,4.979,91.359,29.944,42.479,365,522.207,111.176,3674.0,1537.0,398.0,71.092,50.903,0.979,2052.0,1.2e+16,1.24e+17,2.27e+17,2.98e+17,32562.968,100.348,901.0,152,1164.57,34.93,0.2,41,-1.1499999999999773,17.101219512195122,False,False,False,dry,O2,153,12,12_4,none
1.281,13.406,14.85,20.01,200.241,90.132,498.516,4057.729,4936.254,4.955,91.81,29.931,50.219,436,537.444,105.263,3661.0,1567.0,280.0,70.973,51.143,0.965,2074.0,1.02e+16,1.46e+17,6.64e+17,3.01e+17,31320.103,101.69,884.0,153,1070.64,36.81,0.05,100,0.2400000000000091,6.9976,False,False,False,dry,O2,66,12,12_6,none
1.151,11.337,14.949,20.043,204.994,90.054,504.918,4098.968,5123.423,4.99,93.608,30.051,31.301,365,472.223,106.498,3656.0,1515.0,249.0,71.156,50.488,0.981,2048.0,2.06e+16,8.12e+16,212000000000000.1,2.99e+17,32240.925,101.28,868.0,152,1273.71,44.95,0.28,23,-12.509999999999993,30.97869565217391,False,False,False,wet,H2O,117,32,32_7,none
0.924,15.181,14.937,19.925,204.555,89.936,504.599,4090.747,5113.469,5.097,93.575,29.857,33.248,365,472.84,106.457,3646.0,1363.0,141.0,70.88,50.528,1.065,2081.0,1.21e+16,1.21e+17,3.7e+17,3e+17,32255.719,101.31,868.0,152,1272.37,45.13,0.41,21,-10.5,33.833333333333336,False,False,False,wet,H2O,42,32,32_8,none
1.089,12.489,14.907,20.049,204.75,89.908,504.69,4094.332,5118.049,5.101,93.548,30.013,35.424,365,477.885,106.534,3648.0,1344.0,208.0,70.967,50.448,0.948,2058.0,1.81e+16,1.76e+17,1.03e+18,3e+17,32252.89,101.337,868.0,152,1280.67,45.2,0.16,21,-8.600000000000023,33.74285714285715,False,False,False,wet,H2O,84,32,32_9,none
1.369,18.574,14.997,19.874,204.753,89.892,502.975,4082.503,5036.293,5.1,91.351,29.987,43.025,365,498.9,109.605,3672.0,1576.0,473.0,71.192,51.088,0.992,2066.0,1.66e+16,2.38e+17,1.03e+18,3e+17,31877.796,101.753,914.0,155,1121.51,39.5,0.18,50,-11.879999999999995,14.2376,False,False,False,dry,O2,134,13,13_50,none
0.717,16.299,14.97,19.937,197.479,90.042,502.012,4101.042,5013.512,5.141,94.015,29.91,39.703,365,519.125,108.344,3649.0,1450.0,499.0,71.234,51.404,1.058,2081.0,1.15e+16,1.09e+17,7.63e+17,3e+17,30107.427,102.912,899.0,156,1264.8,32.7,0.1,112,2.950000000000045,6.223660714285714,False,False,False,wet,H2O,129,13,13_51,none
0.577,18.371,15.048,19.908,196.881,90.108,499.301,4074.43,4974.92,5.065,94.862,29.955,48.945,405,512.545,109.225,3666.0,1390.0,222.0,71.242,51.234,1.089,2072.0,9270000000000000.0,9.56e+16,4.79e+17,2.99e+17,32048.32,102.467,903.0,157,980.29,37.98,0.11,78,-6.090000000000032,9.052435897435895,False,False,False,wet,H2O,78,13,13_52,none
1.666,14.215,14.984,19.781,196.86,90.209,505.812,4078.049,5011.942,4.895,91.83,30.123,51.069,365,522.483,110.421,3662.0,1646.0,41.0,71.435,51.471,0.921,2060.0,1.88e+16,1.53e+16,7.91e+17,3e+17,31220.839,104.316,879.0,155,1078.09,39.81,0.25,80,-7.25,8.840625,False,False,False,dry,O2,60,13,13_53,none
1.296,15.815,15.009,20.112,202.344,90.1,495.098,4011.436,4985.707,5.102,94.196,29.943,49.336,405,508.9,108.1,3652.0,1469.0,65.0,71.549,50.376,0.95,2073.0,7200000000000000.0,1.3e+17,5.99e+17,3e+17,31645.207,100.629,890.0,157,1053.94,35.72,0.18,89,-15.879999999999995,8.043595505617978,False,False,False,dry,O2,74,13,13_54,none
1.465,14.171,14.961,20.162,200.379,89.946,503.58,4010.447,4903.509,4.887,91.862,29.904,41.697,365,505.142,109.774,3644.0,1522.0,340.0,72.622,52.086,1.1,2088.0,1.5e+16,1.32e+17,6.47e+17,3.01e+17,30795.907,103.451,854.0,154,1198.49,26.74,0.06,120,-5.17999999999995,5.876499999999999,False,False,False,dry,O2,141,13,13_1,none
0.695,13.642,15.029,20.081,199.826,90.124,502.375,4042.4,4979.009,4.822,90.923,29.883,53.684,405,541.856,104.978,3631.0,1513.0,265.0,70.318,51.965,1.005,2098.0,1.11e+16,4.37e+16,1.04e+18,3.03e+17,32135.623,105.638,895.0,156,959.18,30.88,0.04,137,9.120000000000005,5.042919708029197,False,False,False,dry,O2,55,13,13_2,none
0.906,14.909,14.769,19.916,202.256,90.148,504.048,4025.933,5031.909,4.786,91.945,30.222,47.672,365,532.175,106.738,3653.0,1568.0,411.0,71.366,50.836,0.768,2076.0,1.04e+16,1.51e+16,6.47e+17,2.98e+17,31057.786,102.657,898.0,152,1175.52,31.08,0.22,116,-2.840000000000032,6.058965517241379,False,False,False,dry,O2,96,13,13_3,none
0.267,19.08,14.806,19.912,194.716,89.77,501.878,4144.537,4969.418,5.005,91.433,30.016,32.777,436,537.714,108.806,3661.0,1326.0,328.0,71.321,51.598,1.047,2057.0,8890000000000000.0,1.02e+17,3.41e+17,3e+17,32140.403,103.044,879.0,155,927.51,30.88,0.32,143,-4.029999999999973,4.923286713286713,False,False,False,dry,O2,105,13,13_4,none
1.68,14.717,14.666,20.065,202.232,89.906,498.192,4049.692,5092.272,4.948,94.766,29.949,57.161,405,522.302,109.919,3637.0,1451.0,219.0,73.045,50.768,0.857,2092.0,1.67e+16,7.88e+16,7.26e+17,3.02e+17,31985.935,101.336,882.0,155,1120.92,31.42,0.26,76,-7.940000000000055,9.315,False,False,False,wet,H2O,79,13,13_5,none
0.645,13.057,15.218,19.927,197.283,89.989,501.064,4030.12,4946.326,4.837,91.221,29.994,4.574,365,539.655,107.757,3661.0,1540.0,272.0,70.353,51.702,1.012,2043.0,1.13e+16,8.12e+16,3.27e+17,2.99e+17,31982.63,103.838,871.0,152,1310.57,41.11,0.17,114,-12.17999999999995,6.24719298245614,False,False,False,dry,O2,96,13,13_6,none
0.999,17.82,14.866,20.148,202.271,90.142,502.305,4126.318,5060.487,5.132,88.562,30.07,59.425,365,482.847,107.086,3617.0,1624.0,429.0,70.635,50.753,0.99,2111.0,1.13e+16,1.16e+17,9.13e+17,2.99e+17,32499.183,102.792,916.0,157,933.44,30.18,-0.01,116,-14.529999999999973,6.159741379310344,True,False,False,dry,O2,115,13,13_7,none
0.591,13.162,14.854,19.954,202.611,90.045,504.097,3902.432,5113.84,5.025,92.663,29.894,26.88,436,526.351,105.807,3687.0,1478.0,561.0,69.487,51.779,1.174,2047.0,1.12e+16,7.2e+16,5.02e+17,3e+17,32016.376,104.449,891.0,153,1033.27,30.39,0.08,218,-0.6900000000000546,3.2141743119266057,False,False,False,dry,O2,167,13,13_8,none
1.372,15.174,14.96,19.979,200.308,90.009,504.536,3995.005,4942.759,4.959,91.6,29.943,23.237,365,507.544,104.997,3641.0,1414.0,-45.0,70.049,51.228,1.044,2090.0,1.45e+16,6.48e+16,-8790000000000000.0,3.01e+17,31810.171,103.713,903.0,153,1137.07,32.21,0.26,119,-15.269999999999982,6.0106722689075625,False,True,True,wet,H2O,45,13,13_9,none
0.748,12.411,14.992,19.995,202.907,89.95,499.294,4135.25,5111.385,5.106,93.066,30.048,60.041,436,508.973,107.014,3653.0,1635.0,404.0,71.501,52.009,1.03,2042.0,1.06e+16,8.54e+16,7.99e+17,3e+17,31969.566,102.851,883.0,161,978.14,35.32,0.14,-2,12.529999999999973,,True,False,False,wet,H2O,168,13,13_10,none
1.49,13.009,14.751,19.954,199.252,90.179,497.744,4041.357,4982.581,4.952,90.13,30.093,54.093,436,492.648,111.074,3651.0,1553.0,408.0,70.279,50.751,1.197,2067.0,1.53e+16,1.01e+17,4.94e+17,3e+17,31419.94,103.267,862.0,154,1077.32,35.26,0.08,144,-22.350000000000023,5.016319444444445,False,False,False,wet,H2O,156,13,13_11,none
0.741,14.137,15.059,20.053,204.445,89.904,504.601,4052.297,5036.087,4.936,94.848,30.049,20.547,436,547.304,110.791,3683.0,1463.0,362.0,72.493,50.919,0.961,2015.0,1.06e+16,1.63e+17,2.2e+17,3.03e+17,31196.179,104.434,892.0,154,1013.4,38.23,0.34,58,-21.49000000000001,12.43948275862069,False,False,False,wet,H2O,112,13,13_12,none
1.321,13.279,15.157,20.074,198.883,90.112,503.42,4029.305,5156.937,4.846,90.679,30.005,49.712,405,511.621,104.995,3621.0,1498.0,308.0,70.779,50.89,1.058,2111.0,1.13e+16,-1.31e+16,5.4e+17,3e+17,31201.339,103.242,902.0,158,1014.41,32.89,0.34,144,-8.870000000000005,4.9227083333333335,False,False,True,wet,H2O,68,13,13_13,none
1.519,12.938,15.064,19.97,201.725,90.065,496.277,4088.433,5019.615,5.079,94.143,29.903,36.413,405,511.295,107.812,3653.0,1524.0,604.0,70.926,51.004,0.913,2068.0,1.17e+16,1.1e+17,4.95e+17,3e+17,31084.241,101.652,895.0,153,1124.51,38.14,0.25,119,-2.5499999999999545,5.9037815126050415,False,False,False,dry,O2,171,13,13_14,none
1.481,13.517,14.951,20.181,202.202,90.091,502.732,4062.286,5085.99,4.962,92.437,30.044,33.091,436,515.641,109.645,3642.0,1571.0,280.0,71.493,50.499,1.026,2069.0,1.18e+16,8.54e+16,4.07e+17,3.01e+17,32253.776,102.909,904.0,155,1144.64,26.79,0.23,118,-2.269999999999982,5.951440677966102,False,False,False,dry,O2,87,13,13_15,none
1.17,15.751,15.011,20.041,200.06,90.087,499.465,4088.488,5101.607,4.951,93.12,29.878,46.814,365,532.257,105.033,3636.0,1442.0,282.0,71.796,50.66,0.897,2058.0,1.42e+16,8.73e+16,5.93e+17,3e+17,31446.331,102.656,882.0,155,1127.53,35.94,0.29,98,-15.58000000000004,7.301836734693878,False,False,False,dry,O2,31,13,13_16,none
1.429,14.08,15.105,20.075,199.134,89.811,503.632,4043.1,5057.539,4.875,91.33,29.835,66.356,405,509.399,108.595,3667.0,1561.0,477.0,72.09,51.259,1.046,2056.0,7830000000000000.0,1.31e+17,3.65e+17,3.03e+17,32773.354,105.232,896.0,150,919.08,35.84,0.15,94,-8.269999999999982,7.534787234042553,False,False,False,dry,O2,238,13,13_17,Edge-Loc
1.213,12.312,15.055,19.89,199.846,89.898,505.168,4054.08,4892.631,5.168,90.418,30.046,33.175,436,551.384,109.599,3659.0,1690.0,350.0,72.905,50.136,1.006,2032.0,1.08e+16,3.69e+16,5.43e+17,2.99e+17,31202.513,100.653,898.0,155,1238.14,25.42,0.2,174,-20.67999999999995,4.14183908045977,False,False,False,wet,H2O,173,13,13_18,none
1.731,16.655,15.066,20.157,196.071,89.831,502.416,3973.891,4974.625,4.962,92.777,29.976,46.896,365,520.246,108.435,3617.0,1449.0,317.0,71.038,49.662,0.942,2122.0,1.24e+16,1.3e+17,2.17e+17,3.01e+17,30901.408,101.986,912.0,155,1144.06,31.77,0.22,106,-1.5900000000000318,6.618773584905661,False,False,False,wet,H2O,28,13,13_49,none
1.611,15.708,14.848,19.803,204.12,90.085,505.978,4015.298,4993.281,5.117,93.232,29.946,58.593,405,492.576,108.159,3683.0,1616.0,378.0,71.111,51.159,0.95,2026.0,1.19e+16,8.61e+16,5.08e+17,2.99e+17,31765.585,102.135,878.0,156,1168.37,32.77,0.22,113,-2.6399999999999864,6.218053097345132,False,False,False,dry,O2,177,13,13_48,none
1.23,16.451,14.827,20.0,199.782,89.96,498.325,3983.733,5029.162,4.856,91.027,29.798,55.485,405,515.788,108.603,3673.0,1463.0,278.0,71.326,51.474,0.954,2054.0,1.34e+16,7.75e+16,4.48e+17,2.99e+17,30785.861,103.131,880.0,156,1106.8,37.47,0.29,87,-5.879999999999996,8.113563218390805,False,False,False,dry,O2,174,13,13_47,none
1.453,15.65,15.112,20.113,198.706,89.87,494.435,3988.781,5005.122,4.969,92.112,30.047,42.127,365,511.991,108.572,3649.0,1544.0,353.0,71.403,51.526,1.029,2057.0,1.17e+16,9.08e+16,1.99e+17,3.01e+17,31661.899,100.935,891.0,149,921.26,36.4,0.12,70,-11.309999999999944,10.161571428571428,False,False,False,dry,O2,103,13,13_46,none
0.868,19.726,14.885,19.945,204.194,89.921,504.115,4084.392,5105.609,5.089,93.224,30.039,31.261,365,470.379,106.6,3655.0,1520.0,230.0,71.179,50.337,1.084,2079.0,2440000000000000.0,2.31e+16,1.36e+17,3e+17,32253.653,100.704,868.0,151,1275.12,45.08,0.43,22,-12.799999999999956,32.4,False,False,False,wet,H2O,105,32,32_10,none
1.147,15.851,14.928,19.955,204.308,89.893,504.416,4088.513,5110.751,5.02,93.446,29.915,32.462,365,468.938,106.86,3655.0,1510.0,177.0,71.558,50.603,1.056,2071.0,1.05e+16,9.51e+16,6.27e+17,3.01e+17,32248.661,101.388,868.0,152,1275.16,45.05,0.29,21,-15.230000000000018,34.058571428571426,False,False,False,wet,H2O,78,32,32_11,none
0.935,17.606,14.833,20.037,204.283,89.958,504.311,4085.408,5106.754,5.083,93.231,30.014,27.916,365,469.51,106.204,3643.0,1433.0,180.0,70.67,50.51,0.948,2047.0,6910000000000000.0,5.43e+16,1.87e+17,3.01e+17,32241.484,101.167,867.0,152,1268.22,44.96,0.34,22,-7.100000000000023,32.14090909090909,False,False,False,wet,H2O,42,32,32_12,none
0.924,16.475,14.904,20.105,203.353,90.027,503.368,4068.075,5085.106,5.031,93.678,29.861,32.177,365,476.388,106.099,3649.0,1472.0,142.0,71.371,50.68,1.093,2051.0,9320000000000000.0,7670000000000000.0,3.07e+17,2.99e+17,32245.529,101.432,868.0,152,1279.09,45.06,0.18,21,-12.950000000000044,33.95,False,False,False,wet,H2O,42,32,32_13,none
0.798,15.314,15.104,20.052,203.559,90.062,503.409,4073.296,5091.764,5.146,93.475,30.009,35.74,365,476.908,106.942,3646.0,1341.0,127.0,71.083,50.459,0.924,2076.0,1.18e+16,2.79e+16,328000000000000.0,2.99e+17,32259.393,101.345,868.0,152,1272.79,45.31,0.3,20,-11.909999999999968,35.5955,False,False,False,wet,H2O,24,32,32_14,none
0.987,13.741,15.069,19.929,203.632,89.978,503.69,4073.082,5091.289,4.929,93.347,30.132,29.961,365,468.715,106.516,3656.0,1430.0,193.0,71.681,50.593,1.166,2079.0,1.51e+16,1.5e+17,7.05e+17,2.99e+17,32258.382,101.359,868.0,152,1278.11,45.39,0.14,22,-16.24000000000001,32.556363636363635,False,False,False,wet,H2O,84,32,32_15,none
0.665,16.012,15.078,19.839,199.784,90.093,507.008,4072.986,4979.08,5.004,91.05,29.903,53.495,405,541.679,104.811,3631.0,1513.0,265.0,70.425,51.901,1.014,2098.0,1.11e+16,4.37e+16,1.04e+18,3.03e+17,32135.641,105.496,895.0,156,978.11,30.8,0.31,137,-14.25,5.213503649635037,False,False,False,dry,O2,55,13,13_29,none
0.832,19.073,14.895,19.998,202.299,90.136,501.363,4085.092,5032.057,4.868,91.883,30.113,47.597,365,532.053,106.516,3653.0,1568.0,411.0,71.202,50.876,0.887,2076.0,1.04e+16,1.51e+16,6.47e+17,2.98e+17,31057.796,102.582,898.0,152,1176.13,30.84,0.16,116,-10.149999999999975,6.12198275862069,False,False,False,dry,O2,96,13,13_30,none
0.365,19.002,14.94,19.886,194.62,90.139,503.2,4045.13,4969.329,4.873,91.42,29.859,32.732,436,537.706,108.894,3661.0,1326.0,328.0,71.173,51.57,1.095,2057.0,8890000000000000.0,1.02e+17,3.41e+17,3e+17,32140.606,103.048,879.0,155,933.64,31.06,0.25,143,-10.759999999999993,4.97034965034965,False,False,False,dry,O2,105,13,13_31,none
1.665,13.896,14.725,19.852,202.15,89.875,501.404,4010.014,5092.374,5.296,94.615,30.188,57.34,405,522.169,109.903,3637.0,1451.0,219.0,72.953,50.616,0.887,2092.0,1.67e+16,7.88e+16,7.26e+17,3.02e+17,31986.015,101.459,882.0,155,1140.33,31.39,0.26,76,-11.789999999999964,9.365657894736842,False,False,False,wet,H2O,79,13,13_32,none
1.282,16.474,15.225,20.092,199.729,90.122,500.317,3983.893,5029.19,4.875,90.933,30.019,55.475,405,515.783,108.523,3673.0,1463.0,278.0,70.717,51.322,1.108,2054.0,1.34e+16,7.75e+16,4.48e+17,2.99e+17,30786.054,103.086,880.0,156,1091.36,37.77,0.07,87,-6.019999999999982,8.115172413793104,False,False,False,dry,O2,174,13,13_20,none
0.542,18.889,15.092,20.06,197.179,90.056,500.956,4029.993,4946.23,5.007,91.028,30.038,4.573,365,539.844,107.952,3661.0,1540.0,272.0,70.101,51.596,0.97,2043.0,1.13e+16,8.12e+16,3.27e+17,2.99e+17,31982.563,103.886,871.0,152,1311.16,41.14,0.19,114,-10.009999999999993,6.228157894736842,False,False,False,dry,O2,96,13,13_33,none
0.378,11.162,14.962,20.03,202.588,89.901,497.017,3902.695,5113.749,5.193,92.644,30.003,26.696,436,526.396,105.748,3687.0,1478.0,561.0,69.653,51.846,0.945,2047.0,1.12e+16,7.2e+16,5.02e+17,3e+17,32016.304,104.396,891.0,153,1033.88,30.28,0.36,218,-0.6499999999999773,3.2139908256880734,False,False,False,dry,O2,167,13,13_35,none
1.304,15.328,15.062,19.931,200.231,89.935,500.245,3995.214,4942.821,5.024,91.438,30.094,23.198,365,507.636,105.101,3641.0,1414.0,-45.0,70.113,50.861,0.979,2090.0,1.45e+16,6.48e+16,-8790000000000000.0,3.01e+17,31810.417,103.547,903.0,153,1154.49,32.27,0.21,119,-15.559999999999944,6.013109243697478,False,True,True,wet,H2O,45,13,13_36,none
0.996,12.453,15.154,19.872,203.071,89.968,501.456,4135.386,5111.267,5.047,92.976,30.006,59.956,436,508.891,106.736,3653.0,1635.0,404.0,71.659,51.866,1.292,2042.0,1.06e+16,8.54e+16,7.99e+17,3e+17,31969.681,102.944,883.0,161,992.34,35.2,0.14,-2,12.340000000000032,,True,False,False,wet,H2O,54,13,13_37,none
1.589,19.602,14.866,19.861,199.413,89.961,496.414,4041.156,4982.782,4.89,90.125,30.09,53.953,436,492.802,110.924,3651.0,1553.0,408.0,70.164,50.624,1.13,2067.0,1.53e+16,1.01e+17,4.94e+17,3e+17,31419.886,103.369,862.0,154,1079.91,34.9,-0.05,144,-22.549999999999955,5.017708333333333,True,False,False,wet,H2O,84,13,13_38,none
0.861,16.044,14.942,19.937,204.365,90.138,501.682,4052.284,5036.195,4.934,94.719,30.269,20.593,436,547.373,110.861,3683.0,1463.0,362.0,71.0,51.081,1.334,2015.0,1.06e+16,1.63e+17,2.2e+17,3.03e+17,31196.125,104.514,892.0,154,1032.88,38.14,0.11,58,-21.639999999999983,12.44206896551724,False,False,False,wet,H2O,30,13,13_39,none
1.129,17.741,15.198,19.937,198.648,90.137,495.943,4029.297,5156.89,4.936,90.441,30.218,49.871,405,511.557,104.797,3621.0,1498.0,308.0,71.072,51.051,1.112,2111.0,1.13e+16,-1.31e+16,5.4e+17,3e+17,31201.613,103.369,902.0,158,1022.3,32.93,0.33,144,-8.5,4.920138888888889,False,False,True,wet,H2O,48,13,13_40,none
1.578,16.329,15.045,20.033,201.74,89.935,500.197,4088.345,5019.507,4.703,93.97,29.916,36.52,405,511.179,107.636,3653.0,1524.0,604.0,71.18,50.901,1.215,2068.0,1.17e+16,1.1e+17,4.95e+17,3e+17,31084.229,101.471,895.0,153,1132.02,38.22,0.22,119,-2.590000000000032,5.904117647058824,False,False,False,dry,O2,15,13,13_41,none
1.777,13.425,14.965,19.896,202.108,89.911,502.316,4062.125,5085.965,4.935,92.556,29.931,33.001,436,515.722,109.652,3642.0,1571.0,280.0,71.285,50.236,1.224,2069.0,1.18e+16,8.54e+16,4.07e+17,3.01e+17,32253.63,102.878,904.0,155,1158.1,26.53,0.13,118,-2.2799999999999727,5.951525423728813,False,False,False,dry,O2,87,13,13_42,none
1.289,15.871,15.101,19.909,200.218,90.058,503.35,4088.294,5101.357,5.159,93.137,30.076,46.763,365,532.469,105.31,3636.0,1442.0,282.0,71.064,50.462,1.068,2058.0,1.42e+16,8.73e+16,5.93e+17,3e+17,31446.392,102.728,882.0,155,1128.97,35.89,0.23,98,-15.509999999999993,7.301122448979592,False,False,False,dry,O2,31,13,13_43,none
1.457,14.23,14.989,20.025,199.295,90.076,498.508,4043.139,5057.682,5.034,91.285,29.852,66.479,405,509.49,108.564,3667.0,1561.0,477.0,71.031,51.228,1.062,2056.0,7830000000000000.0,1.31e+17,3.65e+17,3.03e+17,32773.296,105.073,896.0,150,937.45,35.9,0.35,94,-8.360000000000014,7.535744680851064,False,False,False,dry,O2,238,13,13_44,Edge-Loc
1.28,12.401,15.132,19.976,199.804,90.019,495.393,4054.027,4892.457,5.275,90.763,29.96,33.337,436,551.612,109.451,3659.0,1690.0,350.0,71.257,50.095,0.929,2032.0,1.08e+16,3.69e+16,5.43e+17,2.99e+17,31202.473,100.624,898.0,155,1253.33,25.44,0.28,174,-20.769999999999985,4.14235632183908,False,False,False,wet,H2O,173,13,13_45,none
0.956,20.632,15.145,19.848,202.315,90.007,501.535,4126.35,5060.355,5.174,88.707,29.786,59.696,365,482.933,107.121,3617.0,1624.0,429.0,70.714,50.602,1.042,2111.0,1.13e+16,1.16e+17,9.13e+17,2.99e+17,32499.168,102.721,916.0,157,938.21,30.23,0.32,116,-14.590000000000032,6.160258620689655,False,False,False,dry,O2,115,13,13_34,none
1.368,16.622,15.04,20.065,200.202,89.916,503.6,4056.077,5093.545,4.822,91.32,29.998,45.327,405,529.069,109.474,3632.0,1363.0,498.0,70.476,51.365,1.054,2081.0,1.17e+16,4.06e+16,5.88e+17,2.99e+17,31775.332,102.226,924.0,154,1154.64,36.63,0.28,138,-9.909999999999968,5.14427536231884,False,False,False,dry,O2,83,12,12_49,none
1.344,11.714,15.077,20.058,198.857,89.974,496.862,4086.818,4924.702,4.821,89.352,30.036,25.178,365,516.189,108.289,3661.0,1402.0,261.0,70.265,49.87,1.101,2038.0,1.08e+16,7.93e+16,4.8e+17,2.98e+17,32270.907,102.825,903.0,157,1106.95,32.53,0.16,118,-19.24000000000001,6.095254237288136,False,False,False,dry,O2,93,15,15_21,none
0.652,15.401,14.816,19.973,200.759,89.897,498.497,4061.908,5036.963,5.061,93.023,29.993,45.378,405,494.988,107.219,3651.0,1576.0,218.0,70.805,50.843,1.064,2039.0,1.73e+16,9.95e+16,-6.12e+16,3e+17,32375.011,104.173,898.0,155,1193.16,34.1,0.29,70,-9.539999999999964,10.136285714285714,False,False,True,dry,O2,79,15,15_23,none
1.554,17.26,14.958,20.048,200.709,89.886,500.672,4012.754,5015.955,4.941,91.969,30.028,35.833,436,560.199,109.212,3638.0,1468.0,145.0,71.36,51.935,1.245,2085.0,8210000000000000.0,1.68e+16,2.47e+17,3e+17,32199.039,104.715,917.0,157,884.1,22.21,0.14,29,-13.110000000000014,24.59,False,False,False,dry,O2,57,18,18_52,none
1.185,17.254,14.97,20.126,200.375,89.922,500.529,4008.165,5010.063,4.946,91.784,29.816,34.504,436,552.779,109.425,3635.0,1466.0,114.0,71.374,51.858,0.982,2061.0,1.31e+16,6.89e+16,1.78e+17,3.01e+17,32200.935,104.755,918.0,157,878.05,22.07,0.31,29,-14.049999999999956,24.622413793103448,False,False,False,dry,O2,12,18,18_53,none
1.122,16.146,15.084,19.976,200.834,90.031,500.723,4017.2,5021.43,4.827,92.027,29.939,45.686,436,553.056,109.697,3644.0,1390.0,210.0,71.487,51.967,1.092,2088.0,2900000000000000.0,2.77e+16,1.33e+17,3e+17,32200.065,104.72,920.0,157,882.31,22.12,0.29,224,-14.009999999999993,3.187544642857143,False,False,False,dry,O2,108,18,18_54,none
0.835,16.844,15.111,20.01,205.273,89.942,505.298,4105.473,5131.742,5.004,93.748,30.069,25.462,436,542.61,106.532,3614.0,1370.0,98.0,68.712,50.0,1.033,2069.0,1.71e+16,3660000000000000.0,2470000000000000.0,3e+17,32203.161,99.842,912.0,150,870.32,22.26,0.21,195,11.549999999999956,3.5305128205128207,False,False,False,dry,O2,48,18,18_1,none
0.675,16.649,15.055,20.044,205.05,90.114,504.935,4100.337,5125.135,5.159,92.43,30.15,22.299,436,559.369,107.792,3615.0,1346.0,183.0,68.946,50.705,1.132,2096.0,1.72e+16,1650000000000000.0,3.47e+17,2.99e+17,32196.272,101.378,913.0,152,870.61,22.33,0.22,199,8.960000000000036,3.4725628140703515,False,False,False,dry,O2,36,18,18_2,none
1.088,17.065,14.989,19.832,201.675,90.099,501.71,4037.047,5046.026,5.022,91.989,30.123,19.398,436,554.517,107.379,3628.0,1396.0,195.0,70.514,51.148,0.952,2076.0,8800000000000000.0,1.09e+16,971000000000000.0,3.01e+17,32199.476,102.623,915.0,154,870.99,22.07,0.24,215,-4.860000000000014,3.2784186046511627,False,False,False,dry,O2,31,18,18_3,none
1.024,16.902,14.801,19.901,201.032,90.131,500.963,4019.989,5024.804,4.881,91.519,29.869,29.34,436,557.206,107.695,3630.0,1378.0,183.0,70.844,50.793,1.065,2059.0,1.21e+16,6470000000000000.0,6.18e+17,2.98e+17,32197.166,102.432,915.0,154,871.53,22.19,-0.04,218,-7.970000000000027,3.2475688073394497,True,False,False,dry,O2,15,18,18_4,none
0.728,16.571,14.955,19.825,199.797,89.873,499.813,3996.309,4995.284,5.125,90.891,29.906,13.666,436,553.561,107.201,3636.0,1420.0,152.0,71.379,51.155,1.128,2081.0,5720000000000000.0,4.6e+16,2.83e+17,3.01e+17,32198.849,103.007,912.0,154,871.8,22.15,0.09,223,-12.639999999999986,3.195695067264574,False,False,False,dry,O2,24,18,18_5,none
1.068,16.469,15.101,19.975,199.075,90.072,499.046,3983.703,4979.701,5.023,90.97,30.228,19.692,436,552.968,107.614,3637.0,1329.0,150.0,71.183,50.818,0.933,2071.0,1.46e+16,1.46e+17,5.11e+17,2.98e+17,32200.221,102.604,913.0,154,872.18,22.29,0.22,223,-12.58000000000004,3.19542600896861,False,False,False,dry,O2,33,18,18_6,none
1.013,16.971,15.121,19.947,199.003,90.024,498.906,3977.516,4972.064,4.998,91.139,29.871,29.43,436,550.736,108.349,3634.0,1418.0,62.0,71.115,51.164,0.931,2098.0,8870000000000000.0,7780000000000000.0,2.55e+17,3e+17,32202.653,102.896,917.0,154,871.86,22.33,0.22,223,-12.340000000000032,3.1943497757847537,False,False,False,dry,O2,15,18,18_7,none
0.854,17.156,15.088,20.005,199.253,89.992,499.283,3985.814,4982.275,5.024,90.8,30.004,17.216,436,548.507,107.679,3636.0,1415.0,143.0,71.436,51.332,1.143,2065.0,1.57e+16,1.23e+17,1763661791.105,3.01e+17,32198.709,103.376,912.0,155,872.32,22.18,0.15,224,-13.809999999999944,3.186651785714285,False,False,False,dry,O2,9,18,18_8,none
1.177,16.753,14.889,20.108,197.751,90.01,497.683,3956.528,4945.756,4.79,90.612,30.018,17.355,436,547.285,107.353,3638.0,1413.0,113.0,71.279,50.906,1.063,2088.0,1.66e+16,6.66e+16,9.93e+17,2.99e+17,32200.313,102.475,908.0,154,872.42,22.3,0.18,224,-13.450000000000044,3.185044642857143,False,False,False,dry,O2,24,18,18_9,none
0.812,16.623,15.052,20.282,199.154,89.95,499.291,3983.859,4979.58,5.067,91.271,29.931,22.984,436,548.513,108.207,3639.0,1486.0,178.0,71.013,51.491,1.058,2087.0,1.08e+16,2.67e+16,3.36e+16,3.02e+17,32200.312,103.295,912.0,155,872.42,22.25,0.23,223,-12.029999999999973,3.192959641255605,False,False,False,dry,O2,60,18,18_10,none
1.085,16.003,15.139,20.133,199.242,89.832,499.264,3983.912,4979.786,4.954,90.999,29.902,24.447,436,555.076,108.351,3637.0,1505.0,241.0,71.156,51.303,0.879,2091.0,1.32e+16,1.16e+17,3.92e+17,3.02e+17,32201.859,103.091,913.0,155,872.68,22.25,0.25,223,-12.450000000000044,3.1948430493273543,False,False,False,dry,O2,39,18,18_11,none
0.897,15.662,14.912,20.053,199.293,90.094,499.343,3986.942,4983.763,5.019,91.383,29.925,31.544,436,552.488,108.828,3635.0,1399.0,165.0,71.183,51.658,0.93,2070.0,1.67e+16,1.42e+17,2.54e+17,2.98e+17,32300.442,104.104,916.0,156,872.09,22.33,0.31,223,-11.950000000000044,3.192600896860987,False,False,False,dry,O2,24,18,18_12,none
0.776,16.773,14.947,19.925,199.635,89.815,499.808,3996.112,4995.094,4.989,91.693,29.864,36.694,436,556.337,108.982,3639.0,1393.0,136.0,71.507,51.72,1.144,2094.0,3080000000000000.0,311999999999999.8,1.42e+17,2.99e+17,32299.17,104.2,917.0,156,872.43,22.18,0.15,224,-13.529999999999973,3.185401785714286,False,False,False,dry,O2,54,18,18_13,none
0.752,17.017,15.137,20.028,200.198,89.996,500.206,4004.29,5005.612,5.001,91.475,29.905,29.218,436,551.184,108.867,3642.0,1438.0,192.0,71.354,51.529,0.961,2051.0,1.38e+16,1.01e+17,6.49e+17,3e+17,32300.995,104.135,917.0,156,872.09,22.34,0.1,224,-13.210000000000036,3.1839732142857144,False,False,False,dry,O2,87,18,18_14,none
0.935,16.479,14.806,19.824,200.209,90.098,500.093,4002.579,5003.486,5.028,91.724,30.053,36.766,436,556.612,109.43,3635.0,1414.0,167.0,71.358,51.633,1.027,2090.0,1.44e+16,2560000000000000.0,8.63e+17,3e+17,32300.342,104.24,922.0,156,872.33,22.04,0.25,224,-13.799999999999956,3.1866071428571425,False,False,False,dry,O2,21,18,18_15,none
0.824,16.866,14.935,20.096,200.807,89.931,500.668,4015.763,5019.683,5.188,91.31,30.006,37.815,436,555.877,109.129,3640.0,1461.0,142.0,71.424,51.93,1.263,2049.0,7950000000000000.0,7.7e+16,2e+17,3e+17,32297.73,104.736,917.0,157,872.48,22.2,0.15,225,-14.58000000000004,3.175911111111111,False,False,False,dry,O2,57,18,18_16,none
0.676,16.171,15.176,20.073,200.287,90.047,500.27,4002.5,5003.157,5.089,91.623,29.905,31.35,436,550.841,108.638,3635.0,1448.0,200.0,71.372,51.6,0.843,2071.0,9660000000000000.0,4.18e+16,2.67e+17,3e+17,32299.66,104.186,917.0,156,872.38,22.11,0.16,224,-13.450000000000044,3.185044642857143,False,False,False,dry,O2,15,18,18_17,none
1.018,17.029,14.82,20.123,200.277,89.992,500.285,4006.584,5008.294,5.084,91.744,29.927,32.87,436,546.868,108.835,3636.0,1370.0,107.0,71.357,51.562,0.997,2085.0,1.47e+16,1.38e+17,1.71e+16,2.99e+17,32300.583,103.706,917.0,156,872.24,22.07,0.34,223,-12.960000000000036,3.1971300448430493,False,False,False,dry,O2,30,18,18_18,none
1.006,16.779,14.946,20.106,200.204,90.119,500.412,4006.689,5008.216,5.077,91.739,30.213,29.961,436,550.416,108.851,3635.0,1311.0,53.0,71.195,51.619,1.036,2086.0,1.55e+16,1.55e+17,7.15e+17,3e+17,32300.401,104.094,917.0,156,872.07,22.0,0.26,224,-13.440000000000056,3.185,False,False,False,dry,O2,18,18,18_19,none
0.746,17.169,14.875,20.11,201.068,89.9,500.913,4020.226,5025.318,4.939,92.01,29.939,35.221,436,552.502,109.442,3640.0,1356.0,228.0,71.303,51.793,1.009,2081.0,2.04e+16,1.5e+16,5690000000000000.0,2.99e+17,32300.485,104.022,920.0,156,871.23,22.09,0.29,224,-13.009999999999993,3.183080357142857,False,False,False,dry,O2,81,18,18_20,none
1.078,17.151,15.415,19.961,200.549,90.199,500.414,4007.444,5009.522,4.963,92.231,29.897,43.237,436,559.951,109.209,3637.0,1709.0,132.0,71.337,51.64,0.974,2092.0,1.24e+16,2.18e+16,1.8e+17,2.99e+17,32197.007,104.534,920.0,157,874.03,21.98,0.26,32,-13.190000000000056,22.2871875,False,False,False,dry,O2,45,18,18_51,none
0.919,16.782,15.126,19.906,201.473,90.025,501.517,4029.62,5036.886,5.083,91.864,29.87,39.242,436,546.248,109.364,3640.0,1372.0,182.0,71.36,51.815,1.012,2064.0,1.44e+16,4.11e+16,6.94e+16,3.02e+17,32300.072,104.651,919.0,157,871.48,21.93,0.37,225,-14.16999999999996,3.1740888888888885,False,False,False,dry,O2,63,18,18_21,none
0.773,16.373,15.022,19.943,202.071,89.838,502.063,4041.835,5051.94,5.033,91.58,29.835,31.496,436,544.922,109.015,3637.0,1306.0,160.0,71.395,52.131,1.1,2078.0,8130000000000000.0,4.31e+16,4.73e+17,2.99e+17,32196.806,105.329,915.0,158,880.52,22.11,0.17,33,-15.25,21.674242424242426,False,False,False,dry,O2,15,18,18_50,none
0.97,15.989,15.07,19.843,201.399,89.87,501.293,4029.45,5036.824,4.871,91.879,30.001,39.336,436,546.128,109.524,3640.0,1372.0,182.0,71.466,51.84,0.989,2064.0,1.44e+16,4.11e+16,6.94e+16,3.02e+17,32300.335,104.606,919.0,157,882.48,21.94,0.23,31,-14.090000000000032,23.03516129032258,False,False,False,dry,O2,63,18,18_48,none
1.271,11.2,14.899,19.924,206.513,89.938,499.804,4063.764,5055.331,5.206,91.406,30.089,30.84,405,515.655,107.549,3667.0,1623.0,291.0,71.791,50.651,1.096,2063.0,1.32e+16,1.48e+17,5.52e+17,3e+17,32053.256,103.542,899.0,159,1096.6,31.64,0.19,154,-16.120000000000005,4.65012987012987,False,False,False,dry,O2,123,17,17_25,none
1.691,17.176,15.067,19.933,194.588,90.082,500.092,4054.62,5028.097,4.855,90.964,30.127,30.981,365,529.65,108.347,3647.0,1205.0,630.0,70.663,50.798,0.917,2059.0,1.47e+16,3.94e+16,4.87e+17,3.02e+17,31181.577,102.555,902.0,149,1089.21,30.65,0.0,168,-0.3400000000000318,4.168690476190476,True,False,False,wet,H2O,77,17,17_26,none
0.822,16.245,15.049,20.058,199.589,90.216,501.253,4063.651,5055.647,5.009,91.08,30.031,38.041,436,486.235,108.36,3672.0,1589.0,343.0,71.716,51.728,1.072,2030.0,6220000000000000.0,1.18e+17,8.26e+17,3.02e+17,32464.015,103.281,900.0,153,1142.05,27.15,0.11,152,-7.639999999999986,4.655526315789474,False,False,False,dry,O2,129,17,17_27,none
1.588,16.978,14.848,19.994,205.227,90.017,505.218,4035.485,5131.75,5.154,93.92,30.044,25.489,436,542.848,106.644,3614.0,1370.0,98.0,68.78,51.63,0.856,2069.0,1.71e+16,3660000000000000.0,2470000000000000.0,3e+17,32203.32,100.151,912.0,150,870.84,36.82,0.46,195,11.779999999999973,3.5293333333333337,False,False,False,dry,O2,48,18,18_28,none
0.713,16.44,15.102,19.978,205.04,89.883,505.046,3952.614,5125.243,5.044,92.093,30.086,22.354,436,559.381,107.865,3615.0,1346.0,183.0,69.049,50.571,1.117,2096.0,1.72e+16,1649999999999999.8,3.47e+17,2.99e+17,32196.471,101.456,913.0,152,888.12,22.42,0.13,199,8.990000000000009,3.472412060301508,False,False,False,dry,O2,36,18,18_29,none
0.881,16.807,15.01,19.9,201.868,89.843,501.925,3972.556,5046.098,5.15,91.978,30.096,19.356,436,554.566,107.149,3628.0,1396.0,195.0,70.436,51.099,1.051,2076.0,8800000000000000.0,1.09e+16,971000000000000.0,3.01e+17,32199.486,102.795,915.0,154,888.33,22.28,0.14,215,-4.840000000000032,3.278325581395349,False,False,False,dry,O2,30,18,18_30,none
0.989,16.968,14.974,20.169,200.98,89.989,500.85,4017.093,5024.846,5.012,91.304,29.747,29.455,436,557.031,107.788,3630.0,1378.0,183.0,70.669,50.999,0.941,2059.0,1.21e+16,6470000000000000.0,6.18e+17,2.98e+17,32197.277,102.606,915.0,154,885.4,22.18,0.19,32,-8.100000000000023,22.128125,False,False,False,dry,O2,15,18,18_31,none
0.725,16.686,14.881,19.743,199.697,89.987,499.698,4072.817,4995.345,5.002,90.975,29.908,13.872,436,553.481,107.232,3636.0,1420.0,152.0,71.328,51.199,0.872,2081.0,5720000000000000.0,4.6e+16,2.83e+17,3.01e+17,32198.645,102.766,912.0,154,889.72,22.18,0.09,31,-12.600000000000025,22.98709677419355,False,False,False,dry,O2,24,18,18_32,none
1.084,16.468,15.055,19.785,199.232,90.001,499.166,4085.03,4979.817,5.003,91.043,29.984,19.95,436,552.975,107.621,3637.0,1329.0,150.0,71.22,50.968,0.898,2071.0,1.46e+16,1.46e+17,5.11e+17,2.98e+17,32200.178,102.73,913.0,154,882.33,22.25,0.01,31,-12.509999999999993,22.984193548387097,False,False,False,dry,O2,33,18,18_33,none
1.003,17.066,15.095,20.158,198.821,90.106,498.845,4045.356,4971.83,4.87,91.139,29.997,29.53,436,550.962,108.222,3634.0,1418.0,62.0,71.168,51.151,1.023,2098.0,8870000000000000.0,7780000000000000.0,2.55e+17,3e+17,32202.691,103.013,917.0,154,885.75,22.31,0.24,33,-12.42999999999995,21.58878787878788,False,False,False,dry,O2,15,18,18_34,none
0.864,17.331,15.039,20.057,199.12,90.078,499.206,4010.17,4981.904,5.085,90.535,29.906,17.253,436,548.486,107.862,3636.0,1415.0,143.0,71.508,51.407,0.821,2065.0,1.57e+16,1.23e+17,1763661791.017,3.01e+17,32198.633,103.502,912.0,155,880.28,22.3,0.25,33,-13.700000000000044,21.62727272727273,False,False,False,dry,O2,9,18,18_35,none
1.024,16.857,14.934,20.043,197.929,89.92,497.724,3956.431,4945.762,4.932,90.551,29.97,17.478,436,547.299,107.409,3638.0,1413.0,113.0,71.216,50.96,0.88,2088.0,1.66e+16,6.66e+16,9.93e+17,2.99e+17,32200.309,102.424,908.0,154,882.44,22.18,0.29,32,-13.620000000000005,22.300625,False,False,False,dry,O2,24,18,18_36,none
0.768,17.398,15.137,20.073,199.2,90.015,499.052,3983.786,4979.803,5.064,91.164,30.017,23.095,436,548.664,108.378,3639.0,1486.0,178.0,71.372,51.433,1.234,2087.0,1.08e+16,2.67e+16,3.36e+16,3.02e+17,32200.446,103.435,912.0,155,890.16,22.04,0.09,29,-12.009999999999993,24.55206896551724,False,False,False,dry,O2,60,18,18_37,none
1.185,15.972,15.109,20.031,199.283,89.85,499.008,3983.981,4979.826,5.005,91.04,30.062,24.239,436,555.06,108.305,3637.0,1505.0,241.0,71.317,51.318,0.918,2091.0,1.32e+16,1.16e+17,3.92e+17,3.02e+17,32201.827,103.181,913.0,155,889.28,22.08,0.33,29,-12.409999999999968,24.565862068965515,False,False,False,dry,O2,39,18,18_38,none
0.829,18.967,15.112,19.954,199.296,89.764,499.477,3987.221,4983.784,4.964,91.344,29.991,31.425,436,552.463,108.701,3635.0,1399.0,165.0,71.158,51.726,0.87,2070.0,1.67e+16,1.42e+17,2.54e+17,2.98e+17,32300.394,104.021,916.0,156,880.37,21.99,0.1,30,-12.220000000000027,23.740666666666662,False,False,False,dry,O2,24,18,18_39,none
0.89,18.814,14.918,19.995,199.982,90.021,499.683,3996.129,4995.251,5.017,91.81,29.991,36.768,436,556.504,108.855,3639.0,1393.0,136.0,71.304,51.574,1.012,2094.0,3080000000000000.0,312000000000000.25,1.42e+17,2.99e+17,32299.083,104.188,917.0,156,874.05,22.15,0.22,224,-13.549999999999956,3.185491071428572,False,False,False,dry,O2,54,18,18_40,none
0.626,13.73,15.097,19.946,200.202,90.009,500.219,4004.433,5005.476,5.005,91.657,30.004,29.243,436,551.153,108.917,3642.0,1438.0,192.0,71.324,51.641,1.007,2051.0,1.38e+16,1.01e+17,6.49e+17,3e+17,32300.988,104.179,917.0,156,880.8,22.09,0.21,224,-13.039999999999964,3.1832142857142856,False,False,False,dry,O2,87,18,18_41,none
0.981,18.729,14.956,19.975,200.273,90.08,500.171,4002.638,5003.249,5.005,91.972,29.826,36.726,436,556.597,109.461,3635.0,1414.0,167.0,71.506,51.674,1.097,2090.0,1.44e+16,2560000000000000.0,8.63e+17,3e+17,32300.617,104.017,922.0,156,883.15,22.45,0.25,224,-13.700000000000044,3.1861607142857147,False,False,False,dry,O2,54,18,18_42,none
0.653,20.78,14.7,19.94,200.94,89.888,500.756,4016.005,5019.824,4.923,91.355,29.824,38.022,436,555.786,109.23,3640.0,1461.0,142.0,71.415,51.909,1.144,2049.0,7950000000000000.0,7.7e+16,2e+17,3e+17,32297.706,104.714,917.0,157,889.23,22.15,0.15,225,-14.720000000000027,3.176533333333333,False,False,False,dry,O2,84,18,18_43,none
0.849,11.29,15.05,20.063,199.996,90.125,500.202,4002.515,5003.028,4.969,91.607,30.069,31.565,436,550.861,108.767,3635.0,1448.0,200.0,71.287,51.663,1.12,2071.0,9660000000000000.0,4.18e+16,2.67e+17,3e+17,32299.486,104.228,917.0,156,873.19,22.11,0.24,224,-13.460000000000036,3.185089285714286,False,False,False,dry,O2,30,18,18_44,none
0.973,15.558,15.049,19.971,200.226,89.998,500.244,4006.444,5008.301,4.782,91.777,30.21,32.962,436,546.737,108.734,3636.0,1370.0,107.0,71.173,51.525,1.001,2085.0,1.47e+16,1.38e+17,1.71e+16,2.99e+17,32300.661,103.856,917.0,156,882.66,22.19,0.28,223,-12.75,3.1961883408071747,False,False,False,dry,O2,48,18,18_45,none
0.979,12.604,14.998,20.086,200.289,90.216,500.313,4006.589,5008.401,4.909,91.88,29.908,29.881,436,550.535,108.847,3635.0,1311.0,53.0,71.252,51.6,0.962,2086.0,1.55e+16,1.55e+17,7.15e+17,3e+17,32300.371,103.886,917.0,156,889.31,22.06,0.11,32,-13.440000000000056,22.295,False,False,False,dry,O2,15,18,18_46,none
0.717,19.841,14.821,20.223,200.967,89.988,501.185,4020.334,5025.332,5.064,92.107,30.013,35.315,436,552.707,109.403,3640.0,1356.0,228.0,71.325,51.517,1.047,2081.0,2.04e+16,1.5e+16,5690000000000000.0,2.99e+17,32300.365,104.321,920.0,156,871.98,22.05,0.18,31,-13.340000000000032,23.010967741935485,False,False,False,dry,O2,81,18,18_47,none
0.575,17.598,15.064,20.034,201.048,89.947,501.099,4022.589,5028.19,5.084,92.464,30.099,42.049,436,543.312,110.119,3634.0,1308.0,136.0,71.414,51.893,1.151,2071.0,5980000000000000.0,3.03e+16,2.08e+17,2.98e+17,32296.384,104.843,925.0,157,890.17,22.09,0.22,33,-13.899999999999975,21.633333333333333,False,False,False,dry,O2,21,18,18_49,none
0.625,16.635,14.82,20.036,201.05,90.207,501.276,4022.54,5028.293,5.081,92.543,30.003,42.231,436,543.647,110.083,3634.0,1308.0,136.0,71.299,51.801,0.935,2071.0,5980000000000000.0,3.03e+16,2.08e+17,2.98e+17,32296.546,104.999,925.0,157,871.5,22.0,0.3,224,-13.92999999999995,3.1871875,False,False,False,dry,O2,21,18,18_22,none
0.86,16.273,14.923,20.068,202.171,89.931,502.09,4041.827,5052.167,4.993,91.593,29.9,31.209,436,544.93,109.088,3637.0,1306.0,160.0,71.513,52.018,0.882,2078.0,8130000000000000.0,4.31e+16,4.73e+17,2.99e+17,32197.189,105.416,915.0,158,872.2,22.23,0.42,226,-15.120000000000005,3.1642477876106194,False,False,False,dry,O2,15,18,18_23,none
1.054,17.339,15.141,19.986,200.543,90.083,500.335,4007.616,5009.473,5.118,92.2,30.067,43.078,436,559.829,109.283,3637.0,1373.0,132.0,71.495,51.626,1.219,2092.0,1.24e+16,2.18e+16,1.8e+17,2.99e+17,32196.96,104.432,920.0,157,871.17,22.05,0.25,223,-13.029999999999973,3.197443946188341,False,False,False,dry,O2,45,18,18_24,none
1.068,16.367,15.008,20.168,204.506,89.973,504.469,4088.058,5114.896,5.108,93.057,30.023,14.852,436,546.578,107.831,3638.0,1388.0,207.0,70.976,51.036,0.986,2089.0,2.14e+16,1.67e+17,1.21e+18,3e+17,32302.066,102.906,913.0,155,875.86,38.02,0.28,32,-10.659999999999968,22.208125,False,False,False,dry,O2,72,19,19_53,none
1.015,16.743,15.045,19.896,202.687,90.027,502.825,4025.58,5068.238,5.096,92.689,29.869,17.984,436,550.208,107.181,3635.0,1378.0,212.0,70.842,51.014,1.142,2051.0,8620000000000000.0,8170000000000000.0,4.53e+17,3e+17,32299.612,102.299,910.0,154,880.55,33.82,0.15,32,-6.899999999999977,22.090625,False,False,False,dry,O2,66,19,19_54,none
0.454,16.725,15.074,19.88,201.281,89.954,501.28,4026.832,5033.7,5.123,91.857,29.921,38.519,436,552.184,109.628,3640.0,1382.0,191.0,71.503,52.163,1.079,2050.0,1.43e+16,1.14e+17,7.16e+17,3e+17,32198.176,105.048,919.0,158,872.19,22.14,0.06,226,-15.129999999999995,3.1642920353982302,False,False,False,dry,O2,51,19,19_1,none
0.878,16.572,14.985,20.045,201.519,90.0,501.409,4027.677,5034.643,5.208,92.479,29.942,40.313,436,554.425,109.958,3636.0,1403.0,180.0,71.542,52.18,1.008,2075.0,1.46e+16,3.05e+16,652000000000000.0,3.01e+17,32199.548,105.352,924.0,158,870.85,22.16,0.42,226,-15.309999999999944,3.165088495575221,False,False,False,dry,O2,27,19,19_2,none
1.019,15.655,15.1,19.998,201.075,90.059,501.042,4020.947,5026.174,4.997,92.904,29.958,49.391,436,539.642,110.517,3637.0,1372.0,241.0,71.279,52.073,1.195,2067.0,1.11e+16,6.38e+16,5.78e+17,3e+17,32200.216,105.268,929.0,158,871.34,21.89,0.15,226,-15.309999999999944,3.165088495575221,False,False,False,dry,O2,51,19,19_3,none
0.809,16.062,15.246,20.0,202.116,90.071,502.065,4041.27,5051.622,5.074,92.567,30.079,48.813,436,543.976,110.645,3646.0,1448.0,210.0,71.542,52.295,1.131,2048.0,9870000000000000.0,3520000000000000.0,5.92e+17,2.98e+17,32202.676,105.927,929.0,159,871.82,22.14,0.3,227,-16.960000000000036,3.1584140969163,False,False,False,dry,O2,117,19,19_4,none
1.06,16.873,15.017,19.843,201.535,89.863,501.566,4031.745,5039.344,4.902,91.702,29.903,38.209,436,557.11,109.748,3640.0,1428.0,136.0,71.686,52.492,1.077,2081.0,1.98e+16,1.17e+17,5.28e+16,2.99e+17,32201.112,105.902,921.0,159,872.22,22.15,0.09,227,-16.16999999999996,3.154933920704845,False,False,False,dry,O2,48,19,19_5,none
1.183,16.733,14.84,20.22,200.967,90.121,500.895,4018.534,5023.14,4.897,91.601,30.112,40.4,436,559.342,109.126,3641.0,1388.0,198.0,71.474,51.788,1.004,2085.0,1.85e+16,6.67e+16,1.11e+18,3e+17,32200.655,104.298,917.0,156,871.83,21.97,-0.07,226,-15.610000000000014,3.16641592920354,True,False,False,dry,O2,57,19,19_6,none
0.976,16.907,14.833,20.085,200.35,89.985,500.227,4005.738,5007.085,4.925,91.161,30.085,24.36,436,551.887,108.303,3645.0,1388.0,186.0,71.499,51.715,1.047,2084.0,1.18e+16,1.06e+17,3210000000000000.0,3e+17,32201.826,103.98,911.0,156,871.62,22.1,0.26,224,-13.940000000000056,3.1872321428571437,False,False,False,dry,O2,93,19,19_7,none
0.893,16.553,15.2,19.905,199.279,90.111,499.289,3987.572,4984.552,4.964,91.504,29.981,30.706,436,551.601,108.707,3642.0,1358.0,195.0,71.341,51.445,1.188,2090.0,1.01e+16,822000000000000.0,6.04e+16,3.01e+17,32199.826,103.907,913.0,156,870.42,21.99,-0.02,224,-13.470000000000027,3.1851339285714286,True,False,False,dry,O2,75,19,19_8,none
0.933,17.188,15.056,20.148,199.099,89.916,498.96,3982.312,4978.124,4.972,91.413,29.963,36.423,436,553.684,109.008,3639.0,1368.0,270.0,71.438,51.64,0.954,2081.0,9200000000000000.0,53699999999999.88,1.38e+17,3e+17,32201.917,103.833,914.0,156,871.51,22.04,0.29,224,-13.340000000000032,3.184553571428572,False,False,False,dry,O2,45,19,19_9,none
0.767,16.94,14.975,19.992,199.908,89.842,499.968,3998.982,4998.678,4.96,91.152,30.098,24.26,436,553.28,108.357,3646.0,1459.0,185.0,71.278,51.684,0.944,2046.0,2.14e+16,4.12e+16,3.61e+17,2.99e+17,32200.26,104.455,910.0,156,871.13,22.0,0.22,225,-15.16999999999996,3.178533333333333,False,False,False,dry,O2,96,19,19_10,none
0.931,16.589,14.868,19.991,199.007,89.944,498.988,3978.123,4973.129,5.1,90.909,29.974,29.556,436,555.025,108.159,3656.0,1508.0,363.0,71.294,51.716,1.018,2046.0,8760000000000000.0,8.53e+16,4.28e+17,2.99e+17,32201.722,103.748,908.0,156,872.22,22.07,0.35,224,-13.700000000000044,3.1861607142857147,False,False,False,dry,O2,207,19,19_11,Center
1.287,16.696,14.866,19.924,198.025,89.978,498.179,3962.294,4952.647,5.157,91.183,29.923,37.944,436,559.147,108.988,3646.0,1459.0,243.0,71.578,51.279,0.928,2075.0,1.16e+16,1e+17,3.54e+17,3.01e+17,32198.929,103.595,915.0,155,871.5,22.12,0.2,223,-13.029999999999973,3.197443946188341,False,False,False,dry,O2,126,19,19_12,none
0.678,17.144,15.218,20.1,200.1,90.097,500.076,4001.973,5002.524,4.834,91.469,29.956,34.035,436,554.736,109.196,3651.0,1497.0,281.0,71.693,51.898,1.149,2037.0,2.11e+16,3970000000000000.0,6120000000000000.0,2.99e+17,32203.526,104.601,916.0,157,871.55,21.97,0.19,226,-15.690000000000056,3.166769911504425,False,False,False,dry,O2,153,19,19_13,none
0.795,18.084,15.071,19.941,199.252,90.142,499.345,3987.22,4983.712,4.984,90.858,29.97,29.165,436,549.152,108.369,3653.0,1514.0,326.0,71.673,51.779,1.19,2043.0,1.92e+16,5970000000000000.0,1.15e+18,3.01e+17,32200.302,104.692,911.0,157,871.86,22.02,0.13,226,-15.740000000000007,3.166991150442478,False,False,False,dry,O2,156,19,19_14,none
0.846,16.875,14.947,19.876,198.307,89.914,498.322,3962.995,4953.897,4.986,91.369,30.058,43.237,436,553.588,109.571,3652.0,1492.0,345.0,71.468,51.733,0.876,2077.0,1.52e+16,3.96e+16,2.29e+17,2.99e+17,32195.592,103.764,919.0,156,870.65,22.16,0.26,225,-14.389999999999986,3.1750666666666665,False,False,False,dry,O2,180,19,19_15,none
0.785,16.952,14.906,20.254,200.247,89.879,500.363,4006.336,5008.046,4.966,91.061,29.973,42.352,436,553.09,110.002,3657.0,1442.0,325.0,71.428,52.104,1.184,2054.0,5710000000000000.0,2.78e+16,3.42e+17,2.99e+17,32200.397,105.224,920.0,158,871.5,22.08,0.16,227,-16.470000000000027,3.1562555066079296,False,False,False,dry,O2,216,19,19_16,Loc
1.014,15.785,15.173,20.025,199.16,90.044,499.194,3985.087,4981.322,4.871,90.93,30.152,38.449,436,555.7,109.768,3657.0,1538.0,365.0,71.757,52.134,0.999,2052.0,1.1e+16,9.2e+16,6.33e+17,3.01e+17,32201.654,105.164,920.0,158,871.06,21.94,0.22,227,-16.340000000000032,3.15568281938326,False,False,False,dry,O2,216,19,19_17,Edge-Loc
1.191,16.353,14.908,19.904,199.6,89.983,499.38,3987.853,4984.968,5.034,90.618,30.025,39.963,436,558.475,109.181,3677.0,1515.0,625.0,71.848,52.123,1.103,2042.0,1.07e+16,9.36e+16,3.59e+17,3e+17,32199.384,104.92,915.0,157,871.08,22.06,0.16,227,-16.370000000000005,3.155814977973568,False,False,False,dry,O2,399,19,19_18,Loc
0.42,16.774,15.082,20.007,202.963,90.013,502.927,4057.045,5071.499,5.014,92.887,29.828,19.531,436,550.154,107.723,3631.0,1422.0,50.0,71.165,50.84,1.074,2072.0,4910000000000000.0,3.96e+16,9.83e+16,3.01e+17,32302.082,102.124,916.0,154,871.36,22.09,0.15,220,-10.049999999999956,3.2275,False,False,False,dry,O2,18,19,19_19,none
0.674,17.382,15.042,20.138,203.202,89.997,503.56,4068.812,5085.957,4.975,93.772,30.073,28.904,436,546.78,108.506,3636.0,1453.0,214.0,70.891,50.989,1.129,2086.0,1.47e+16,5.3e+16,901000000000000.0,3.01e+17,32298.477,102.736,920.0,154,871.43,22.21,0.3,220,-9.620000000000005,3.2255454545454545,False,False,False,dry,O2,75,19,19_20,none
0.804,17.497,15.092,19.922,204.18,90.101,504.105,4081.822,5102.26,5.146,93.829,30.105,39.371,436,553.951,109.111,3633.0,1450.0,136.0,71.002,51.35,1.11,2069.0,1.01e+16,1.39e+16,8.29e+16,3.01e+17,32298.219,103.642,928.0,156,872.33,22.01,0.12,220,-10.149999999999975,3.227954545454545,False,False,False,dry,O2,57,19,19_21,none
0.818,17.637,15.029,19.729,204.394,89.941,504.576,3956.921,5111.59,5.146,93.646,29.963,32.201,436,544.757,108.976,3629.0,1369.0,151.0,70.853,51.288,1.166,2093.0,1.23e+16,8.02e+16,8.92e+16,2.99e+17,32299.26,103.55,924.0,155,877.71,32.56,0.03,32,-9.049999999999956,22.1578125,False,False,False,dry,O2,18,19,19_52,none
0.906,15.793,15.089,20.109,203.773,90.059,503.754,4054.572,5093.287,4.992,93.25,30.057,25.481,436,552.287,108.566,3631.0,1342.0,236.0,71.01,51.158,1.174,2086.0,2.02e+16,2.02e+17,5.76e+17,3e+17,32299.0,103.054,920.0,155,891.92,34.98,0.31,32,-9.460000000000036,22.170625,False,False,False,dry,O2,24,19,19_51,none
0.626,19.989,14.968,20.125,202.362,90.092,502.381,4001.303,5063.23,5.102,93.008,30.18,28.481,436,548.796,108.122,3631.0,1455.0,216.0,71.399,51.068,1.234,2081.0,2.03e+16,7.67e+16,1.03e+18,3e+17,32300.556,102.895,918.0,154,881.38,34.45,0.09,220,-9.600000000000025,3.2254545454545456,False,False,False,dry,O2,21,19,19_50,none
1.257,12.404,14.855,19.935,205.813,89.909,505.617,4113.508,5142.05,5.22,92.484,30.004,19.553,436,553.787,107.471,3633.0,1338.0,269.0,71.399,51.58,1.108,2091.0,3480000000000000.0,1.56e+16,1.97e+17,3e+17,32302.265,103.845,913.0,156,884.5,28.54,0.2,222,-11.690000000000056,3.205810810810811,False,False,False,dry,O2,9,19,19_49,none
0.817,17.308,14.954,19.938,200.875,89.976,500.611,4012.837,5015.931,5.046,91.855,30.117,35.73,436,560.356,109.169,3638.0,1413.0,145.0,71.462,52.037,0.941,2085.0,8210000000000000.0,1.68e+16,2.47e+17,3e+17,32199.111,104.716,917.0,157,871.44,22.01,0.33,223,-12.970000000000027,3.197174887892377,False,False,False,dry,O2,57,18,18_25,none
0.769,17.087,15.008,19.968,200.37,90.021,500.447,4008.121,5010.217,5.023,91.856,30.02,34.694,436,552.664,109.439,3635.0,1282.0,114.0,71.359,52.065,0.914,2061.0,1.31e+16,6.89e+16,1.78e+17,3.01e+17,32201.119,104.863,918.0,157,871.64,21.94,0.29,224,-13.970000000000027,3.1873660714285714,False,False,False,dry,O2,12,18,18_26,none
0.774,16.294,14.95,20.12,200.789,90.014,500.722,4017.107,5021.609,5.246,92.065,30.236,45.629,436,552.808,109.714,3644.0,1428.0,210.0,71.497,52.028,1.004,2088.0,2900000000000000.0,2.77e+16,1.33e+17,3e+17,32200.064,104.743,920.0,157,871.28,22.13,0.31,224,-13.970000000000027,3.1873660714285714,False,False,False,dry,O2,108,18,18_27,none
1.822,16.567,15.045,20.038,204.515,89.89,501.273,4027.044,5033.62,5.185,92.005,29.912,38.463,436,552.064,109.741,3640.0,1561.0,191.0,71.478,51.957,1.052,2050.0,1.43e+16,1.14e+17,7.16e+17,3e+17,32198.22,105.252,919.0,158,872.62,22.06,0.17,226,-15.220000000000027,3.1646902654867257,False,False,False,dry,O2,51,19,19_28,none
1.857,16.681,15.013,20.018,204.521,90.147,501.441,4027.899,5034.716,5.029,92.594,30.19,40.398,436,554.526,110.031,3636.0,1665.0,180.0,71.567,52.205,1.157,2075.0,1.46e+16,3.05e+16,652000000000000.0,3.01e+17,32199.544,105.27,924.0,158,874.45,22.0,0.38,226,-15.309999999999944,3.165088495575221,False,False,False,dry,O2,27,19,19_29,none
1.673,15.66,15.099,19.994,203.197,90.029,501.089,4020.991,5026.202,5.014,92.922,30.116,49.687,436,539.643,110.565,3637.0,1573.0,241.0,71.484,52.185,0.871,2067.0,1.11e+16,6.38e+16,5.78e+17,3e+17,32200.497,105.213,929.0,158,874.66,22.07,0.23,226,-15.66999999999996,3.166681415929203,False,False,False,dry,O2,51,19,19_30,none
1.045,16.004,15.097,19.905,195.523,89.986,501.931,4041.342,5051.469,5.079,92.198,29.861,48.8,436,543.754,110.51,3646.0,1526.0,210.0,71.803,52.495,1.008,2048.0,9870000000000000.0,3520000000000000.0,5.92e+17,2.98e+17,32202.374,105.621,929.0,159,879.07,22.35,0.01,227,-17.0,3.158590308370044,False,False,False,dry,O2,117,19,19_31,none
1.352,16.955,14.975,19.814,196.491,89.959,501.62,4031.458,5039.304,5.05,91.617,29.996,38.268,436,557.155,109.784,3640.0,1481.0,136.0,71.569,52.398,0.997,2081.0,1.98e+16,1.17e+17,5.28e+16,2.99e+17,32201.116,106.083,921.0,159,874.0,22.17,0.24,227,-15.860000000000014,3.153568281938326,False,False,False,dry,O2,48,19,19_32,none
0.933,16.638,14.928,20.054,196.57,90.043,501.069,4018.384,5023.065,5.05,91.698,29.985,40.48,436,559.399,109.119,3641.0,1588.0,198.0,71.724,51.752,1.013,2085.0,1.85e+16,6.67e+16,1.11e+18,3e+17,32200.724,104.242,917.0,156,877.64,22.02,0.19,226,-15.600000000000025,3.1663716814159293,False,False,False,dry,O2,57,19,19_33,none
0.868,17.26,14.972,19.945,197.684,90.039,500.219,4005.664,5007.333,4.968,91.205,29.838,24.303,436,551.784,108.412,3645.0,1441.0,186.0,71.644,51.666,1.058,2084.0,1.18e+16,1.06e+17,3210000000000000.0,3e+17,32201.714,104.014,911.0,156,879.85,22.24,0.19,224,-14.0,3.1875,False,False,False,dry,O2,93,19,19_34,none
1.333,16.507,15.139,20.004,198.06,89.908,499.421,3987.702,4984.547,5.054,91.501,30.229,30.66,436,551.695,108.606,3642.0,1441.0,195.0,71.354,51.651,1.07,2090.0,1.01e+16,821999999999999.9,6.04e+16,3.01e+17,32199.768,103.74,913.0,156,879.22,22.09,0.11,224,-13.629999999999995,3.185848214285714,False,False,False,dry,O2,75,19,19_35,none
1.072,18.773,15.286,20.078,203.237,89.914,500.666,4053.472,5008.861,4.915,93.582,30.003,55.885,365,534.501,107.208,3674.0,1487.0,511.0,72.159,51.072,1.024,2014.0,1.35e+16,3.97e+16,4.45e+17,2.99e+17,32335.353,104.157,902.0,154,1114.37,33.45,0.25,118,8.990000000000009,5.856016949152543,False,False,False,dry,O2,121,17,17_24,none
1.715,17.361,15.023,20.075,197.236,89.913,499.016,3982.576,4978.212,5.259,91.579,29.88,36.344,436,553.676,108.915,3639.0,1402.0,270.0,71.044,51.451,0.93,2081.0,9200000000000000.0,53700000000000.06,1.38e+17,3e+17,32202.067,104.11,914.0,156,874.14,22.2,0.22,224,-13.620000000000005,3.1858035714285715,False,False,False,dry,O2,45,19,19_36,none
0.659,16.511,14.838,19.856,197.175,89.973,498.795,3978.157,4972.997,4.941,90.733,29.946,29.632,436,555.156,108.081,3656.0,1508.0,363.0,71.37,51.466,1.01,2046.0,8760000000000000.0,8.53e+16,4.28e+17,2.99e+17,32201.922,103.821,908.0,156,891.53,22.1,0.18,32,-13.779999999999973,22.305625,False,False,False,dry,O2,207,19,19_38,Center
0.569,16.404,14.864,20.148,197.577,89.944,498.106,3962.124,4952.885,4.857,91.392,29.92,37.983,436,558.804,109.009,3646.0,1459.0,243.0,71.296,51.365,1.071,2075.0,1.16e+16,1e+17,3.54e+17,3.01e+17,32198.888,103.414,915.0,155,874.19,22.23,0.38,32,-12.909999999999968,22.2784375,False,False,False,dry,O2,126,19,19_39,none
1.966,17.357,15.298,19.907,198.02,89.891,500.147,4001.913,5002.302,5.018,91.379,30.093,33.914,436,554.579,109.197,3651.0,1497.0,281.0,71.184,51.866,1.003,2037.0,2.11e+16,3970000000000000.0,6120000000000000.0,2.99e+17,32203.47,104.907,916.0,157,879.25,22.05,0.21,32,-15.460000000000036,22.358125,False,False,False,dry,O2,153,19,19_40,none
1.886,16.197,14.949,19.864,199.123,89.897,499.258,3987.043,4983.823,5.024,90.657,30.011,29.105,436,549.126,108.482,3653.0,1514.0,326.0,71.179,51.845,1.085,2043.0,1.92e+16,5970000000000000.0,1.15e+18,3.01e+17,32200.122,104.813,911.0,157,890.66,22.06,0.2,31,-15.649999999999975,23.085483870967742,False,False,False,dry,O2,156,19,19_41,none
1.767,18.956,14.869,19.813,198.392,89.966,498.077,3963.199,4953.83,4.83,91.484,30.06,43.285,436,553.604,109.395,3652.0,1492.0,345.0,71.196,51.555,0.957,2077.0,1.52e+16,3.96e+16,2.29e+17,2.99e+17,32195.856,103.789,919.0,156,873.55,32.87,0.37,32,-14.649999999999975,22.3328125,False,False,False,dry,O2,180,19,19_42,none
0.832,18.929,14.994,19.93,198.675,89.871,500.362,4006.571,5008.082,4.862,91.064,29.865,42.35,436,553.052,109.858,3657.0,1442.0,325.0,71.114,52.044,1.093,2054.0,5710000000000000.0,2.78e+16,3.42e+17,2.99e+17,32200.595,105.042,920.0,158,881.66,31.76,0.27,31,-16.50999999999999,23.113225806451613,False,False,False,dry,O2,216,19,19_43,Loc
1.392,13.728,15.059,19.937,202.054,90.035,499.141,3985.029,4981.33,5.139,90.891,30.033,38.662,436,555.692,109.744,3657.0,1538.0,175.0,71.324,52.011,1.002,2052.0,1.1e+16,9.2e+16,6.33e+17,3.01e+17,32201.498,105.202,920.0,158,884.1,39.36,0.33,34,-16.389999999999986,21.07029411764706,False,False,False,dry,O2,216,19,19_44,Edge-Loc
1.056,18.76,15.168,20.026,203.087,90.071,499.495,3987.915,4984.837,4.951,90.695,30.057,39.86,436,558.542,109.041,3677.0,1515.0,202.0,71.123,51.87,0.998,2042.0,1.07e+16,9.36e+16,3.59e+17,3e+17,32199.337,104.964,915.0,157,872.08,32.95,0.07,33,-16.25999999999999,21.704848484848483,False,False,False,dry,O2,399,19,19_45,Loc
0.995,20.621,15.113,19.969,202.326,89.987,503.007,4057.049,5071.395,5.099,92.878,30.034,19.343,436,550.221,107.816,3631.0,1422.0,313.0,71.19,50.968,0.96,2072.0,4910000000000000.0,3.96e+16,9.83e+16,3.01e+17,32302.223,102.38,916.0,154,884.09,37.92,0.21,32,-9.889999999999986,22.1840625,False,False,False,dry,O2,18,19,19_46,none
1.189,11.366,15.254,19.89,202.877,90.066,503.438,4068.862,5085.881,5.081,93.693,30.127,28.956,436,546.751,108.41,3636.0,1453.0,224.0,71.253,50.853,1.113,2086.0,1.47e+16,5.3e+16,901000000000000.0,3.01e+17,32298.488,102.568,920.0,154,872.43,40.04,0.35,220,-9.490000000000007,3.2249545454545454,False,False,False,dry,O2,75,19,19_47,none
1.97,15.244,15.08,20.074,202.737,89.957,504.186,4081.88,5102.312,5.139,93.938,29.998,39.414,436,553.754,109.076,3633.0,1450.0,333.0,71.08,51.604,1.044,2069.0,1.01e+16,1.39e+16,8.29e+16,3.01e+17,32298.174,103.677,928.0,156,875.19,35.69,0.23,220,-10.190000000000056,3.228136363636364,False,False,False,dry,O2,57,19,19_48,none
1.649,16.976,15.005,19.898,197.817,90.07,500.119,3999.041,4998.875,4.825,91.207,29.981,24.166,436,553.258,108.484,3646.0,1459.0,185.0,71.168,51.792,1.093,2046.0,2.14e+16,4.12e+16,3.61e+17,2.99e+17,32200.399,104.495,910.0,156,871.87,22.02,0.46,32,-14.809999999999944,22.3378125,False,False,False,dry,O2,96,19,19_37,none
0.225,19.371,15.164,19.946,198.239,90.222,498.522,4080.671,5064.459,5.085,89.79,30.084,51.623,365,516.322,107.951,3647.0,1509.0,244.0,69.18,50.603,0.879,2059.0,1.44e+16,1.29e+17,6.72e+17,2.99e+17,32062.43,104.192,885.0,152,1253.26,35.12,0.14,177,10.92999999999995,3.8930508474576273,False,False,False,dry,O2,88,15,15_22,none
1.574,16.102,15.112,19.852,206.432,90.13,503.298,4084.078,4911.006,5.09,91.409,29.863,48.916,436,495.108,107.121,3682.0,1575.0,298.0,71.319,51.147,1.092,2055.0,1.68e+16,1.08e+17,5.69e+17,3e+17,31559.913,102.735,894.0,157,1030.39,36.75,0.18,181,0.6699999999999591,3.863701657458564,False,False,False,dry,O2,89,17,17_23,none
1.041,13.443,15.114,19.947,202.54,90.003,503.495,4116.715,4983.573,5.027,92.808,30.054,28.242,405,547.767,108.007,3656.0,1319.0,337.0,71.117,51.678,1.077,2058.0,1.24e+16,8.14e+16,5.93e+17,2.99e+17,32007.096,99.603,899.0,157,861.96,29.18,0.24,56,-3.759999999999991,12.567142857142857,False,False,False,dry,O2,68,17,17_21,none
1.441,16.409,15.097,19.972,202.908,89.991,502.161,4049.672,5067.716,5.04,92.629,30.015,48.629,365,510.685,106.512,3643.0,1630.0,310.0,71.131,50.906,1.08,2060.0,1.07e+16,1.33e+17,3.84e+17,3.01e+17,32203.57,102.91,914.0,152,1126.93,39.72,0.26,76,-4.289999999999964,9.266973684210528,False,False,False,dry,O2,70,16,16_51,none
0.727,14.434,15.326,19.989,204.279,90.008,499.458,4105.46,5076.688,4.925,92.148,29.859,47.552,436,519.994,106.401,3636.0,1534.0,186.0,70.493,51.16,0.943,2079.0,8540000000000000.0,1.34e+17,8.16e+17,3e+17,31832.18,99.928,902.0,155,1044.01,38.37,0.03,72,-4.0,9.77777777777778,False,False,False,dry,O2,57,16,16_52,none
0.964,12.309,14.974,19.983,204.575,90.086,505.664,3960.616,4923.061,4.887,90.043,29.928,52.987,405,514.789,108.68,3653.0,1432.0,224.0,70.487,51.713,0.934,2067.0,2620000000000000.0,7.24e+16,6e+17,3.01e+17,30830.87,103.334,896.0,153,1241.07,41.19,0.12,76,-17.519999999999982,9.441052631578946,False,False,False,dry,O2,49,16,16_53,none
0.605,18.302,14.928,20.176,203.178,90.16,494.881,4024.412,4994.332,5.095,94.738,29.89,34.364,436,513.667,106.957,3656.0,1680.0,464.0,71.545,51.413,0.862,2052.0,1.04e+16,1.18e+17,3.42e+17,3e+17,31869.292,103.188,906.0,153,1067.11,37.57,0.31,15,-13.840000000000032,47.589333333333336,False,False,False,dry,O2,152,16,16_54,none
1.444,16.223,15.059,20.028,198.467,89.992,502.373,4037.691,4928.619,5.082,93.061,29.892,39.93,436,530.636,107.135,3685.0,1634.0,230.0,72.021,51.844,0.947,2042.0,5170000000000000.0,1.71e+16,7.53e+17,3e+17,31639.336,103.786,902.0,155,988.8,31.79,0.11,144,0.6200000000000045,4.856805555555556,False,False,False,dry,O2,139,16,16_1,none
0.304,12.542,15.05,19.933,202.095,89.885,507.082,4005.81,4988.804,4.937,92.501,29.992,48.206,405,500.168,108.582,3655.0,1437.0,484.0,72.219,51.106,1.212,2039.0,1.3e+16,1.83e+17,3.86e+17,3.01e+17,31468.319,102.7,923.0,153,1219.96,31.44,0.16,125,-15.809999999999944,5.72648,False,False,False,wet,H2O,118,16,16_2,none
1.316,12.864,15.334,20.014,199.395,90.019,501.346,4067.506,5083.815,5.128,91.588,30.062,42.84,365,545.17,104.686,3625.0,1505.0,316.0,72.738,51.872,1.035,2042.0,1.61e+16,7.85e+16,9.67e+17,3e+17,30906.671,104.221,910.0,149,871.1,40.11,0.29,45,-31.96000000000004,16.265777777777778,False,False,False,dry,O2,187,16,16_3,none
1.148,15.198,14.871,20.067,201.098,90.005,503.288,4038.761,5105.166,5.01,89.387,29.962,38.279,405,522.712,106.592,3654.0,1515.0,432.0,71.777,50.908,1.061,2077.0,9420000000000000.0,1.8e+17,4.59e+17,3.02e+17,31668.618,104.581,919.0,157,964.78,30.88,0.32,101,-8.860000000000014,7.018415841584159,False,False,False,dry,O2,127,16,16_4,none
0.804,13.714,14.905,20.062,200.144,90.113,501.412,3929.367,5075.557,5.121,91.183,29.938,36.412,365,525.368,104.138,3646.0,1564.0,316.0,71.282,50.35,0.993,2089.0,3160000000000000.0,5.03e+16,1.05e+18,3.01e+17,30876.389,103.302,881.0,154,1044.89,29.66,0.28,165,-27.889999999999983,4.4114545454545455,False,False,False,wet,H2O,57,16,16_5,none
1.089,14.406,14.932,20.022,207.308,90.018,500.928,4065.748,4944.13,4.747,92.419,29.954,51.695,405,506.796,107.556,3692.0,1592.0,369.0,70.662,50.629,0.996,2029.0,1.26e+16,2.4e+16,7.29e+17,3.01e+17,32023.093,103.937,871.0,154,1070.17,33.62,0.14,191,-15.75,3.74738219895288,False,False,False,dry,O2,136,16,16_6,none
1.447,13.134,14.731,20.08,201.099,89.886,501.536,4042.263,5118.933,5.25,91.466,29.939,37.735,405,487.244,109.246,3657.0,1557.0,489.0,70.0,51.637,1.095,2087.0,1.86e+16,1.38e+17,3.26e+17,3.01e+17,32434.819,105.811,908.0,156,979.49,31.85,0.01,145,-11.220000000000027,4.904965517241379,False,False,False,dry,O2,234,16,16_7,Edge-Loc
1.316,15.058,15.087,19.931,199.882,89.924,497.285,4129.139,5013.3,4.945,90.431,30.059,66.052,405,513.12,108.429,3683.0,1688.0,363.0,70.37,51.521,1.288,2015.0,1.06e+16,6.33e+16,5.17e+17,3.02e+17,31494.259,104.481,891.0,157,1077.14,37.1,0.2,181,-0.8899999999999864,3.87232044198895,False,False,False,wet,H2O,159,16,16_8,none
1.363,13.2,14.896,20.06,200.987,89.87,500.224,4075.025,4972.055,4.839,90.524,29.993,56.922,405,516.035,108.014,3681.0,1465.0,276.0,70.403,51.493,1.1,2051.0,9390000000000000.0,1.8e+17,9.22e+17,2.99e+17,30734.588,105.263,910.0,153,1002.03,26.48,0.27,201,-4.42999999999995,3.504626865671641,False,False,False,dry,O2,162,16,16_9,none
1.393,14.122,15.071,19.872,199.174,90.033,501.493,4129.977,4954.934,5.12,91.908,30.045,32.133,365,507.789,108.065,3645.0,1456.0,214.0,71.833,50.971,0.945,2082.0,1.23e+16,1.48e+17,4.06e+17,3e+17,32057.896,106.02,898.0,152,1053.23,33.02,0.22,79,1.1900000000000546,8.845696202531645,False,False,False,wet,H2O,61,16,16_10,none
1.074,15.177,14.914,20.06,203.0,89.876,496.181,4112.17,5003.502,4.837,92.212,30.217,46.499,405,548.269,108.467,3671.0,1623.0,319.0,70.522,51.892,0.924,2069.0,1.3e+16,1.02e+17,7.47e+17,2.99e+17,31364.446,103.329,900.0,152,883.93,38.15,0.22,59,10.399999999999975,11.68813559322034,False,False,False,wet,H2O,118,16,16_11,none
1.033,11.798,14.984,20.032,196.068,89.949,501.816,4041.002,5103.869,5.014,91.387,30.071,59.787,436,493.869,107.84,3633.0,1438.0,253.0,71.0,51.137,0.949,2087.0,7550000000000000.0,9.44e+16,9.74e+17,3.02e+17,32541.889,101.74,892.0,153,1011.89,23.53,0.18,89,10.960000000000036,7.742022471910112,False,False,False,dry,O2,97,16,16_12,none
1.183,17.913,14.949,20.125,201.106,89.957,496.021,4118.777,4884.03,4.993,91.364,30.112,25.771,365,494.415,106.123,3667.0,1468.0,385.0,70.562,50.396,1.301,2043.0,9650000000000000.0,4.74e+16,6.62e+17,2.98e+17,33034.497,104.363,923.0,152,1196.79,36.34,0.16,162,-8.629999999999995,4.374259259259259,False,False,False,wet,H2O,86,16,16_13,none
1.01,17.074,14.983,19.974,200.48,89.857,500.525,3983.166,5095.46,5.021,90.885,29.853,38.552,405,503.431,108.859,3645.0,1487.0,276.0,71.593,50.645,1.067,2068.0,1.12e+16,1.54e+17,6.69e+17,3e+17,31946.09,100.953,884.0,153,1191.32,40.92,0.21,31,-4.399999999999977,22.72258064516129,False,False,False,dry,O2,96,16,16_14,none
1.612,16.931,15.093,20.265,201.692,90.106,502.205,4073.216,4886.362,5.143,91.956,29.86,51.406,405,493.768,108.081,3680.0,1588.0,292.0,69.889,51.466,1.012,2032.0,1.39e+16,7.15e+16,7.37e+17,3e+17,31897.774,105.208,873.0,155,1042.76,33.95,0.14,119,-9.289999999999964,5.960420168067227,False,False,False,wet,H2O,115,16,16_15,none
0.959,16.876,14.934,20.063,204.248,90.036,503.487,3992.396,5045.432,5.036,92.272,30.058,39.72,365,528.005,109.482,3663.0,1318.0,544.0,71.461,51.378,1.212,2064.0,1.6e+16,9.27e+16,3.73e+17,3e+17,32602.85,102.64,904.0,155,1096.28,34.45,0.25,96,-4.92999999999995,7.343020833333333,False,False,False,wet,H2O,118,16,16_16,none
0.758,13.585,14.911,20.17,202.66,90.043,498.396,4044.476,5005.705,4.988,93.151,29.916,50.934,405,534.377,108.856,3682.0,1360.0,298.0,70.994,50.086,1.065,2037.0,3600000000000000.0,1.22e+17,4.46e+17,3.01e+17,31571.796,101.067,892.0,155,1178.76,33.1,0.16,154,-15.340000000000032,4.645064935064935,False,False,False,wet,H2O,79,16,16_17,none
1.21,14.476,15.095,20.0,202.369,89.934,495.364,4001.222,5021.726,5.104,92.505,30.007,49.458,436,494.981,108.044,3627.0,1577.0,429.0,72.135,51.388,0.994,2079.0,1.44e+16,2.04e+17,2.42e+17,3.02e+17,32059.219,105.838,940.0,155,984.52,42.82,0.32,105,-13.120000000000005,6.791619047619047,False,False,False,wet,H2O,80,16,16_18,none
1.667,16.459,15.14,19.812,200.94,89.961,494.694,4019.13,5172.121,5.049,91.056,29.848,35.783,365,564.362,111.688,3661.0,1677.0,625.0,71.626,51.253,1.086,2064.0,1.53e+16,1.9e+17,4.89e+17,3e+17,31414.167,102.229,878.0,156,1091.03,38.1,0.41,92,-4.289999999999964,7.655326086956522,False,False,False,dry,O2,202,16,16_19,Edge-Loc
0.966,15.015,14.904,20.006,200.456,90.138,502.69,3984.64,5033.307,4.829,92.233,30.04,36.338,436,509.22,107.632,3634.0,1530.0,219.0,70.471,51.865,1.024,2075.0,6930000000000000.0,2.54e+16,6.46e+17,3.02e+17,31254.35,104.018,882.0,151,1095.0,39.95,0.23,152,-5.07000000000005,4.638618421052632,False,False,False,dry,O2,98,16,16_50,none
1.517,14.098,14.758,20.037,203.705,90.062,498.321,4068.03,5059.932,5.038,93.01,29.902,50.312,436,519.281,109.948,3680.0,1501.0,286.0,69.762,51.104,1.031,2067.0,1.35e+16,1.2e+17,4.02e+17,3.01e+17,31370.152,102.872,904.0,155,1049.24,37.29,0.05,101,-10.139999999999986,7.031089108910891,False,False,False,dry,O2,148,16,16_20,none
1.527,16.647,14.917,20.164,202.415,90.238,502.457,4096.011,5023.388,4.874,89.265,30.077,51.56,365,516.647,105.012,3668.0,1543.0,669.0,70.878,50.582,1.016,2052.0,8990000000000000.0,9.34e+16,2.63e+17,3e+17,31606.55,104.04,886.0,154,996.78,36.76,0.25,150,-12.470000000000027,4.7498000000000005,False,False,False,wet,H2O,259,16,16_49,Scratch
1.418,14.007,14.695,19.943,203.53,89.923,498.292,4067.807,5059.843,4.999,93.169,29.928,50.432,436,519.475,110.033,3680.0,1501.0,286.0,69.651,51.234,0.946,2067.0,1.35e+16,1.2e+17,4.02e+17,3.01e+17,31370.179,102.764,904.0,155,1055.6,37.53,0.11,101,-10.129999999999995,7.030990099009901,False,False,False,dry,O2,148,16,16_47,none
1.292,9.731,14.803,20.046,201.772,90.047,501.815,4021.966,4937.684,4.962,92.121,30.004,39.336,436,528.89,106.494,3644.0,1486.0,315.0,69.985,50.88,1.207,2076.0,8720000000000000.0,1e+17,6.54e+17,2.98e+17,31438.766,104.842,908.0,148,1045.79,29.11,0.23,145,-8.360000000000014,4.885241379310345,False,False,False,dry,O2,92,15,15_24,none
2.378,17.824,15.088,19.869,196.625,89.933,501.183,3996.752,5110.597,4.984,89.373,29.846,41.38,405,519.51,109.174,3638.0,1456.0,417.0,69.271,50.494,1.006,2094.0,7300000000000000.0,1.13e+17,6.12e+17,3e+17,32297.42,102.53,893.0,152,1178.49,49.16,0.3,74,-15.17999999999995,9.664594594594591,False,False,False,wet,H2O,59,15,15_25,none
1.045,13.276,14.857,19.909,201.899,89.91,498.507,4074.176,4971.206,5.212,89.21,30.051,58.806,365,461.923,104.865,3643.0,1420.0,172.0,70.536,51.358,0.958,2093.0,1.82e+16,6.32e+16,6.9e+17,3.01e+17,31153.685,103.817,927.0,154,923.57,37.07,0.04,75,-7.480000000000018,9.433066666666669,False,False,False,wet,H2O,54,15,15_26,none
1.384,15.87,14.837,20.056,200.49,89.998,501.955,4078.043,4942.627,4.987,92.433,29.897,30.145,436,491.117,109.556,3669.0,1506.0,285.0,72.049,50.152,1.006,2060.0,1.3e+16,1.49e+17,6.14e+17,3.02e+17,32181.402,104.481,906.0,156,1171.5,29.5,0.16,108,-0.8700000000000045,6.489537037037037,False,False,False,dry,O2,91,15,15_27,none
1.341,20.557,14.845,19.876,198.497,90.199,502.252,4038.031,4928.426,5.123,92.975,29.867,39.908,436,530.789,107.064,3685.0,1561.0,230.0,71.263,51.805,1.121,2042.0,5170000000000000.0,1.71e+16,7.53e+17,3e+17,31639.364,103.757,902.0,155,991.42,31.78,0.43,144,0.8999999999999773,4.854861111111111,False,False,False,dry,O2,139,16,16_28,none
0.561,11.296,14.839,19.897,202.229,90.054,507.116,4005.929,4988.794,5.024,92.613,29.981,48.362,405,500.22,108.629,3655.0,1665.0,484.0,71.031,53.073,0.968,2039.0,1.3e+16,1.83e+17,3.86e+17,3.01e+17,31468.361,102.318,923.0,153,1220.33,31.51,0.18,125,-15.91999999999996,5.72736,False,False,False,wet,H2O,118,16,16_29,none
1.473,15.353,15.091,20.047,199.681,90.073,501.217,4067.584,5083.973,5.143,91.724,30.092,42.937,365,545.053,104.614,3625.0,1573.0,316.0,71.19,50.72,1.133,2042.0,1.61e+16,7.85e+16,9.67e+17,3e+17,30906.423,104.268,910.0,149,886.37,39.92,0.06,45,-31.659999999999968,16.25911111111111,False,False,False,dry,O2,187,16,16_30,none
1.052,12.49,14.959,19.913,201.235,90.129,503.379,4038.792,5104.9,4.961,89.258,29.939,38.091,405,522.694,106.548,3654.0,1526.0,432.0,71.315,52.282,0.944,2077.0,9420000000000000.0,1.8e+17,4.59e+17,3.02e+17,31668.807,104.521,919.0,157,977.14,30.82,0.35,101,-8.850000000000023,7.018316831683168,False,False,False,dry,O2,127,16,16_31,none
1.002,19.868,14.952,19.985,200.231,89.951,501.534,3929.495,5075.504,5.073,91.179,30.049,36.742,365,525.636,104.029,3646.0,1481.0,316.0,71.423,50.67,1.032,2089.0,3160000000000000.0,5.03e+16,1.05e+18,3.01e+17,30876.159,103.283,881.0,154,1049.92,29.83,0.06,165,-27.92999999999995,4.411696969696969,False,False,False,wet,H2O,57,16,16_32,none
1.162,15.938,14.895,19.995,207.236,90.007,501.065,4065.624,4944.097,5.045,92.469,29.984,51.684,405,506.799,107.446,3692.0,1588.0,369.0,70.594,50.881,0.996,2029.0,1.26e+16,2.4e+16,7.29e+17,3.01e+17,32023.144,103.781,871.0,154,1081.29,33.47,0.13,191,-15.539999999999964,3.746282722513089,False,False,False,dry,O2,136,16,16_33,none
1.572,17.486,14.933,20.231,201.131,89.903,501.655,4042.381,5118.965,4.985,91.503,30.045,37.909,405,487.345,109.099,3657.0,1441.0,489.0,70.026,51.312,1.101,2087.0,1.86e+16,1.38e+17,3.26e+17,3.01e+17,32434.826,105.905,908.0,156,993.61,31.76,0.27,145,-11.049999999999956,4.903793103448275,False,False,False,dry,O2,234,16,16_34,Edge-Loc
1.234,16.308,15.052,20.068,199.843,90.049,497.222,4129.001,5013.151,4.897,90.447,30.182,66.223,405,513.266,108.218,3683.0,1441.0,363.0,70.424,51.348,1.032,2015.0,1.06e+16,6.33e+16,5.17e+17,3.02e+17,31494.323,104.775,891.0,157,1094.59,37.18,0.29,181,-0.9700000000000272,3.872762430939227,False,False,False,wet,H2O,159,16,16_35,none
1.371,13.345,14.996,20.03,200.801,89.964,500.24,4074.969,4972.096,4.934,90.673,30.003,57.263,405,515.864,108.121,3681.0,1402.0,276.0,70.288,51.849,0.902,2051.0,9390000000000000.0,1.8e+17,9.22e+17,2.99e+17,30734.575,105.18,910.0,153,1004.59,26.47,0.11,201,-4.169999999999959,3.503333333333333,False,False,False,dry,O2,162,16,16_36,none
1.358,14.143,14.748,20.141,199.185,90.089,501.346,4129.963,4955.028,5.364,91.796,29.8,32.295,365,507.787,107.984,3645.0,1456.0,214.0,71.601,51.546,0.938,2082.0,1.23e+16,1.48e+17,4.06e+17,3e+17,32057.911,106.241,898.0,152,1058.37,32.99,0.35,79,1.1900000000000546,8.845696202531645,False,False,False,wet,H2O,61,16,16_37,none
1.101,15.147,14.861,20.056,202.958,89.885,496.431,4112.276,5003.434,5.065,92.036,29.966,46.341,405,548.287,108.114,3671.0,1623.0,319.0,70.587,51.532,1.162,2069.0,1.3e+16,1.02e+17,7.47e+17,2.99e+17,31364.432,103.515,900.0,152,900.81,38.12,0.2,59,10.399999999999975,11.68813559322034,False,False,False,wet,H2O,118,16,16_38,none
1.154,12.226,15.098,19.863,196.304,89.971,501.706,4040.998,5103.857,4.953,91.178,30.095,59.837,436,493.757,107.925,3633.0,1438.0,253.0,71.161,51.093,0.978,2087.0,7550000000000000.0,9.44e+16,9.74e+17,3.02e+17,32541.948,101.644,892.0,153,1019.55,23.65,0.31,89,10.809999999999944,7.74370786516854,False,False,False,dry,O2,97,16,16_39,none
1.355,17.755,14.979,19.793,200.899,90.022,496.078,4118.946,4884.003,5.024,91.238,29.883,26.066,365,494.578,106.082,3667.0,1468.0,385.0,70.773,51.57,1.175,2043.0,9650000000000000.0,4.74e+16,6.62e+17,2.98e+17,33034.642,104.31,923.0,152,1203.29,36.19,0.32,162,-8.950000000000045,4.376234567901235,False,False,False,wet,H2O,86,16,16_40,none
1.096,17.207,14.906,19.893,200.596,90.032,500.436,3983.179,5095.405,4.904,90.879,30.08,38.471,405,503.483,108.941,3645.0,1487.0,276.0,71.327,50.738,1.016,2068.0,1.12e+16,1.54e+17,6.69e+17,3e+17,31946.043,101.048,884.0,153,1206.56,40.9,0.31,31,-4.42999999999995,22.723548387096773,False,False,False,dry,O2,96,16,16_41,none
1.733,17.054,14.939,19.949,201.951,89.925,502.203,4073.43,4886.178,4.868,92.03,29.968,51.306,405,493.782,107.866,3680.0,1588.0,292.0,69.932,51.261,1.176,2032.0,1.39e+16,7.15e+16,7.37e+17,3e+17,31898.071,105.212,873.0,155,1057.01,34.06,0.16,119,-9.309999999999944,5.960588235294117,False,False,False,wet,H2O,54,16,16_42,none
0.893,17.024,15.123,20.288,204.154,90.098,503.354,3992.343,5045.365,4.995,92.341,29.962,39.849,365,527.911,109.701,3663.0,1318.0,544.0,71.469,51.408,0.78,2064.0,1.6e+16,9.27e+16,3.73e+17,3e+17,32602.758,102.726,904.0,155,1111.4,34.58,0.12,96,-5.2000000000000455,7.345833333333334,False,False,False,wet,H2O,84,16,16_43,none
0.963,13.619,14.842,19.881,202.699,90.006,498.479,4044.326,5005.727,5.178,93.223,30.084,50.979,405,534.173,108.877,3682.0,1360.0,298.0,71.074,50.254,1.058,2037.0,3600000000000000.0,1.22e+17,4.46e+17,3.01e+17,31571.867,101.146,892.0,155,1185.32,33.22,0.23,154,-15.33000000000004,4.6450000000000005,False,False,False,wet,H2O,30,16,16_44,none
1.101,14.501,15.327,20.085,202.346,89.947,495.346,4000.95,5021.387,4.993,92.637,30.068,49.304,436,495.271,108.167,3627.0,1577.0,429.0,72.275,51.331,0.981,2079.0,1.44e+16,2.04e+17,2.42e+17,3.02e+17,32059.353,105.854,940.0,155,1001.52,42.98,0.22,105,-13.33000000000004,6.793619047619048,False,False,False,wet,H2O,48,16,16_45,none
1.75,16.516,15.102,19.947,200.983,89.87,494.588,4019.205,5172.044,5.042,91.154,29.931,35.64,365,564.282,111.621,3661.0,1677.0,625.0,71.721,51.236,1.005,2064.0,1.53e+16,1.9e+17,4.89e+17,3e+17,31414.253,102.331,878.0,156,1098.47,38.26,0.33,92,-4.269999999999982,7.655108695652173,False,False,False,dry,O2,15,16,16_46,none
1.404,14.574,14.808,19.998,197.488,90.071,505.909,4102.423,5003.28,5.06,94.828,29.973,34.748,436,504.346,108.338,3639.0,1493.0,321.0,71.715,50.97,1.169,2057.0,9300000000000000.0,6.26e+16,4.25e+17,3.01e+17,31692.319,105.557,906.0,156,977.62,29.0,0.18,157,-6.360000000000014,4.499108280254777,False,False,False,dry,O2,98,16,16_48,none
1.612,14.816,15.008,19.981,197.2,90.168,505.722,4102.198,5003.339,5.155,94.698,30.021,34.685,436,504.449,108.166,3639.0,1493.0,321.0,71.613,50.824,0.952,2057.0,9300000000000000.0,6.26e+16,4.25e+17,3.01e+17,31692.321,105.503,906.0,156,971.81,28.67,0.26,157,-6.409999999999968,4.499426751592356,False,False,False,dry,O2,98,16,16_21,none
1.516,16.508,15.02,20.084,202.447,90.123,502.462,4095.998,5023.337,4.898,89.19,30.024,51.684,365,516.397,104.979,3668.0,1543.0,669.0,70.887,50.391,1.013,2052.0,8990000000000000.0,9.34e+16,2.63e+17,3e+17,31606.627,104.11,886.0,154,984.74,36.91,0.22,150,-12.529999999999973,4.7502,False,False,False,wet,H2O,259,16,16_22,Scratch
1.055,14.809,15.123,20.034,200.499,89.931,502.789,3984.896,5033.228,5.059,92.266,29.955,36.544,436,509.283,107.48,3634.0,1530.0,219.0,70.429,51.858,0.982,2075.0,6930000000000000.0,2.54e+16,6.46e+17,3.02e+17,31254.304,104.032,882.0,151,1085.22,39.68,0.11,152,-4.9500000000000455,4.637828947368422,False,False,False,dry,O2,98,16,16_23,none
0.995,11.158,15.081,20.034,206.576,90.061,499.951,4055.859,5055.408,5.29,91.55,30.141,30.647,405,515.472,107.265,3667.0,1623.0,291.0,72.014,51.507,0.857,2063.0,1.32e+16,1.48e+17,5.52e+17,3e+17,32053.315,103.653,899.0,159,1100.76,32.61,0.26,154,-15.970000000000027,4.649155844155844,False,False,False,dry,O2,123,17,17_52,none
1.273,17.16,14.688,20.08,194.474,89.907,499.984,4029.146,5028.027,4.891,90.904,30.0,31.0,365,529.606,108.359,3647.0,1205.0,630.0,70.681,51.466,0.917,2059.0,1.47e+16,3.94e+16,4.87e+17,3.02e+17,31181.521,102.554,902.0,149,1092.9,36.7,0.13,168,-0.3400000000000318,4.168690476190476,False,False,False,wet,H2O,77,17,17_53,none
1.78,16.321,15.008,19.906,199.564,90.04,501.226,3971.13,5055.501,5.043,91.246,29.805,37.96,436,486.357,108.257,3672.0,1589.0,343.0,71.584,50.978,0.951,2030.0,6220000000000000.0,1.18e+17,8.26e+17,3.02e+17,32463.866,103.35,900.0,153,1143.46,35.4,0.17,152,-7.769999999999982,4.656381578947368,False,False,False,dry,O2,129,17,17_54,none
1.846,12.831,15.119,20.019,198.764,90.038,504.28,4054.326,4903.578,4.892,93.489,29.866,22.925,436,513.522,107.968,3677.0,1500.0,383.0,71.863,51.516,0.908,2018.0,1.5e+16,1.09e+17,4.13e+17,2.99e+17,32423.237,102.805,923.0,157,1042.31,40.97,0.22,36,3.649999999999977,19.343055555555555,False,False,False,wet,H2O,140,17,17_1,none
1.078,15.946,14.998,19.909,196.907,89.959,499.931,4063.636,5100.966,5.037,92.381,30.023,37.991,405,509.076,108.607,3649.0,1663.0,180.0,71.493,51.165,1.05,2065.0,1.06e+16,1.07e+17,7.08e+17,3.02e+17,31593.012,103.269,884.0,156,1206.17,30.14,0.19,50,-13.039999999999964,14.2608,False,False,False,dry,O2,96,17,17_2,none
0.479,17.951,15.183,20.055,194.904,90.185,500.316,4156.297,4926.2,5.106,93.157,30.016,36.407,405,518.908,108.562,3620.0,1355.0,335.0,73.017,50.576,0.878,2114.0,1.37e+16,1.05e+17,5.54e+17,2.99e+17,31894.96,102.802,909.0,151,1070.94,34.52,0.09,152,-5.629999999999996,4.642302631578947,False,False,False,dry,O2,54,17,17_3,none
1.107,18.208,15.023,19.994,198.175,89.805,494.919,3989.488,5002.567,5.136,92.615,30.024,28.522,436,536.577,106.008,3678.0,1372.0,270.0,72.141,51.839,1.193,2031.0,4020000000000000.0,2.02e+16,6.15e+17,3.01e+17,32433.285,100.374,873.0,155,1037.51,30.13,0.23,128,-20.870000000000005,5.631796875,False,False,False,wet,H2O,71,17,17_4,none
0.91,14.939,15.177,20.039,200.4,90.204,499.1,3972.782,5036.199,4.826,92.358,29.98,37.841,436,540.06,106.64,3648.0,1570.0,197.0,71.468,51.56,1.074,2054.0,8540000000000000.0,1.37e+17,2.79e+17,3.01e+17,31510.749,101.64,910.0,157,1059.93,35.99,0.17,184,-2.1900000000000546,3.81625,False,False,False,dry,O2,50,17,17_5,none
1.223,15.746,15.016,19.882,200.361,89.942,501.031,3987.681,5002.13,5.177,92.772,29.936,41.501,405,527.222,109.209,3651.0,1522.0,392.0,70.507,50.92,1.055,2045.0,1.19e+16,9.05e+16,8.65e+17,3.01e+17,31825.156,103.977,891.0,151,1079.15,38.32,0.3,87,-26.66999999999996,8.352528735632184,False,False,False,dry,O2,103,17,17_6,none
0.946,13.304,15.008,19.962,204.63,90.002,493.411,4078.436,5007.072,4.857,91.42,30.11,59.118,436,570.837,109.318,3653.0,1507.0,557.0,71.638,51.465,0.855,2044.0,1.04e+16,8.81e+16,1.03e+18,2.98e+17,31763.622,99.33,883.0,157,956.28,34.52,0.01,135,1.009999999999991,5.177703703703704,False,False,False,dry,O2,141,17,17_7,none
1.641,13.698,15.232,19.877,197.728,89.986,499.256,4047.091,5005.892,5.012,94.154,29.769,44.743,405,523.296,110.181,3678.0,1360.0,266.0,69.185,51.618,1.166,2031.0,9490000000000000.0,1.28e+17,5.21e+17,3e+17,31580.253,104.236,898.0,155,993.76,33.76,0.05,69,-12.799999999999956,10.330434782608696,False,False,False,wet,H2O,78,17,17_8,none
0.455,13.796,15.099,19.943,205.043,89.977,500.054,4042.766,5000.843,4.862,91.206,30.021,39.987,436,513.312,109.452,3667.0,1525.0,471.0,71.552,51.856,1.093,2043.0,9550000000000000.0,8.44e+16,2.21e+17,2.99e+17,32274.481,103.21,898.0,153,1183.49,33.43,0.06,140,-10.259999999999993,5.073285714285714,False,False,False,dry,O2,205,17,17_9,Random
1.028,15.356,15.004,20.054,194.473,90.055,502.036,4080.745,4984.884,5.027,90.528,30.127,49.965,436,543.279,107.741,3646.0,1495.0,354.0,71.634,50.582,1.243,2062.0,1.04e+16,7.78e+16,8.9e+17,2.99e+17,32210.093,104.786,924.0,157,1028.01,30.79,0.16,156,-2.539999999999964,4.503461538461538,False,False,False,wet,H2O,72,17,17_10,none
1.283,18.183,15.004,20.01,203.053,90.025,499.883,4016.216,5029.477,4.955,91.532,30.083,48.978,405,530.533,108.564,3672.0,1500.0,424.0,70.846,51.16,1.043,2056.0,1.09e+16,8.62e+16,6.16e+17,2.99e+17,31549.053,104.852,881.0,154,1210.23,33.89,0.23,179,0.3899999999999863,3.908435754189944,False,False,False,dry,O2,113,17,17_11,none
1.03,16.901,15.248,19.878,198.268,90.028,504.215,4083.229,4924.575,5.143,90.862,30.016,22.79,436,441.569,109.355,3647.0,1431.0,319.0,70.885,51.331,1.079,2090.0,8850000000000000.0,9.78e+16,5.93e+17,2.99e+17,32087.77,102.927,895.0,157,1108.33,40.52,0.16,94,-33.059999999999945,7.798510638297872,False,False,False,dry,O2,68,17,17_12,none
0.658,13.474,14.909,20.023,202.547,90.001,498.299,4059.783,5099.378,5.097,93.532,29.696,47.211,405,507.183,108.965,3662.0,1583.0,360.0,72.37,50.595,1.063,2042.0,1.63e+16,1.38e+17,7.54e+17,3.01e+17,31501.319,102.768,910.0,153,1191.01,36.87,0.29,117,1.6399999999999864,5.968888888888889,False,False,False,dry,O2,123,17,17_13,none
1.907,14.511,15.142,19.951,202.88,90.182,499.454,3974.221,5006.994,5.099,93.32,30.021,48.04,436,502.721,109.114,3645.0,1434.0,337.0,71.539,50.189,1.128,2082.0,9290000000000000.0,1.65e+17,2.95e+17,3e+17,30658.994,103.333,922.0,153,1188.8,35.32,0.14,127,-3.200000000000045,5.537007874015749,False,False,False,dry,O2,77,17,17_14,none
1.09,15.102,15.015,20.08,201.759,90.048,505.955,3996.646,4998.297,5.073,92.783,30.081,17.538,405,513.776,107.503,3621.0,1384.0,506.0,72.121,51.417,1.069,2097.0,1.68e+16,1.26e+17,1.1e+18,3.01e+17,31542.392,100.242,905.0,151,1011.81,34.51,0.2,101,-5.059999999999945,6.98079207920792,False,False,False,wet,H2O,42,17,17_15,none
1.226,18.27,14.894,19.697,199.522,89.995,494.968,4094.658,4910.734,4.994,90.139,29.894,26.188,365,476.908,108.289,3654.0,1509.0,435.0,71.081,50.464,1.002,2097.0,1.36e+16,1.46e+17,4.77e+17,3e+17,31486.982,102.636,885.0,154,1259.84,37.67,0.42,145,-20.75999999999999,4.970758620689655,False,False,False,dry,O2,89,17,17_16,none
1.459,15.577,14.883,20.013,194.204,90.048,498.486,3966.661,5018.468,5.195,94.09,30.002,57.26,436,510.961,108.9,3639.0,1498.0,337.0,71.229,50.326,1.021,2090.0,1.64e+16,4.65e+16,2.58e+17,3.01e+17,31179.118,103.544,904.0,153,1132.34,34.7,0.05,103,-16.090000000000032,6.952330097087379,False,False,False,dry,O2,78,17,17_17,none
1.582,14.292,15.024,19.824,197.012,89.832,501.529,3961.792,4985.607,5.022,89.721,30.056,56.093,405,476.751,108.502,3673.0,1372.0,268.0,70.758,50.648,1.118,2021.0,9250000000000000.0,8.4e+16,1.06e+18,2.99e+17,32292.265,100.545,904.0,158,1130.32,33.05,0.05,129,-16.350000000000023,5.553100775193799,False,False,False,wet,H2O,69,17,17_18,none
1.672,11.409,15.017,19.797,197.283,90.018,500.994,4053.844,4980.774,4.78,91.354,29.913,22.298,365,503.539,105.327,3668.0,1479.0,398.0,68.091,50.246,1.002,2048.0,9530000000000000.0,8.47e+16,5.91e+17,3.01e+17,31684.155,101.844,905.0,156,1081.32,35.99,0.29,133,-13.879999999999995,5.367518796992481,False,False,False,dry,O2,122,17,17_19,none
0.999,17.564,15.043,19.824,202.487,90.011,501.005,4136.041,5099.304,4.9,92.519,29.892,29.882,436,534.196,109.58,3665.0,1556.0,435.0,73.08,51.382,1.001,2024.0,1.2e+16,1.04e+17,7.73e+17,3.02e+17,31473.368,102.821,903.0,155,1181.73,35.55,0.24,146,-17.289999999999964,4.912945205479452,False,False,False,dry,O2,161,17,17_20,none
0.987,18.819,15.056,19.898,203.143,89.899,500.696,3978.885,5008.949,4.801,93.707,30.06,55.995,365,534.511,107.186,3674.0,1487.0,511.0,72.24,51.988,1.134,2014.0,1.35e+16,3.97e+16,4.45e+17,2.99e+17,32335.175,103.936,902.0,154,1124.32,32.4,0.17,118,9.039999999999964,5.855593220338983,False,False,False,dry,O2,121,17,17_51,none
1.39,15.828,15.095,19.929,206.224,90.055,503.258,3985.569,4911.002,4.945,91.256,29.948,48.87,436,495.195,107.16,3682.0,1575.0,298.0,71.332,51.081,0.92,2055.0,1.68e+16,1.08e+17,5.69e+17,3e+17,31559.929,102.864,894.0,157,1031.02,49.91,0.45,181,0.5,3.8646408839779007,False,False,False,dry,O2,89,17,17_50,none
0.943,13.437,15.044,20.079,199.171,89.97,500.816,4071.537,4968.398,5.071,93.949,30.069,41.759,365,496.323,108.023,3613.0,1517.0,207.0,70.401,51.137,0.991,2110.0,1.8e+16,9.52e+16,6.15e+17,3e+17,31068.135,101.993,903.0,152,1067.91,29.11,0.27,112,0.5599999999999454,6.245,False,False,False,wet,H2O,46,17,17_49,none
1.744,13.232,15.069,20.008,202.443,89.975,503.363,4062.817,4983.882,4.808,92.857,29.931,28.09,405,547.803,107.96,3656.0,1402.0,337.0,71.414,50.765,1.001,2058.0,1.24e+16,8.14e+16,5.93e+17,2.99e+17,32007.198,99.818,899.0,157,875.54,33.94,0.15,56,-3.940000000000055,12.570357142857144,False,False,False,dry,O2,68,17,17_48,none
1.32,16.049,15.004,20.109,202.854,90.037,502.047,4049.691,5067.653,4.882,92.578,29.88,48.727,365,510.642,106.586,3643.0,1630.0,310.0,71.108,50.969,0.993,2060.0,1.07e+16,1.33e+17,3.84e+17,3.01e+17,32203.464,103.087,914.0,152,1126.11,39.67,0.19,76,-4.240000000000009,9.266315789473683,False,False,False,dry,O2,70,16,16_24,none
0.771,14.463,14.835,20.177,200.749,89.943,499.242,4105.283,5076.873,5.015,91.955,29.968,47.582,436,519.971,106.77,3636.0,1534.0,186.0,70.321,51.074,0.922,2079.0,8540000000000000.0,1.34e+17,8.16e+17,3e+17,31832.155,99.92,902.0,155,1043.38,38.42,0.1,72,-4.159999999999968,9.78,False,False,False,dry,O2,57,16,16_25,none
0.914,12.373,14.999,20.337,206.001,89.948,505.655,3960.783,4922.871,4.699,90.203,29.964,52.993,405,514.819,108.54,3653.0,1432.0,224.0,70.557,51.637,1.11,2067.0,2620000000000000.0,7.24e+16,6e+17,3.01e+17,30830.829,103.537,896.0,153,1223.67,41.1,0.09,76,-17.57000000000005,9.44171052631579,False,False,False,dry,O2,49,16,16_26,none
0.35,18.359,15.126,20.042,196.993,89.997,494.911,4024.435,4994.605,4.937,94.809,30.03,34.424,436,513.625,107.071,3656.0,1680.0,464.0,71.536,51.436,0.929,2052.0,1.04e+16,1.18e+17,3.42e+17,3e+17,31869.346,103.23,906.0,153,1049.78,37.7,0.21,15,5.830000000000041,46.278,False,False,False,dry,O2,152,16,16_27,none
1.698,12.835,14.93,20.06,195.572,90.133,504.176,4054.428,4903.581,4.852,93.582,29.935,22.942,436,513.632,108.011,3677.0,1500.0,383.0,71.861,51.656,1.097,2018.0,1.5e+16,1.09e+17,4.13e+17,2.99e+17,32423.358,102.838,923.0,157,1061.25,40.95,0.38,36,-12.66999999999996,19.796388888888888,False,False,False,wet,H2O,140,17,17_28,none
1.469,15.741,14.903,19.922,196.381,90.005,500.248,4063.403,5100.801,4.948,92.353,30.099,37.882,405,509.062,108.635,3649.0,1663.0,180.0,71.267,51.197,1.009,2065.0,1.06e+16,1.07e+17,7.08e+17,3.02e+17,31593.159,103.104,884.0,156,1209.06,30.45,0.24,50,-14.549999999999956,14.291,False,False,False,dry,O2,96,17,17_29,none
1.277,17.883,15.01,20.008,196.564,90.061,500.436,4156.302,4926.245,4.947,92.934,29.932,36.516,405,519.062,108.505,3620.0,1355.0,335.0,72.787,50.717,1.258,2114.0,1.37e+16,1.05e+17,5.54e+17,2.99e+17,31895.405,102.851,909.0,151,1078.18,34.35,-0.04,152,-15.389999999999986,4.706513157894737,True,False,False,dry,O2,54,17,17_30,none
1.475,18.31,14.967,20.146,197.581,89.996,494.939,3989.503,5003.028,5.084,92.762,29.882,28.563,436,536.7,106.012,3678.0,1372.0,270.0,72.015,51.939,1.165,2031.0,4020000000000000.0,2.02e+16,6.15e+17,3.01e+17,32433.365,100.479,873.0,155,1054.3,30.04,0.13,128,-13.110000000000014,5.571171875,False,False,False,wet,H2O,71,17,17_31,none
1.139,14.704,14.984,20.031,197.93,90.045,499.292,3972.86,5036.395,4.964,92.45,29.789,37.949,436,539.997,106.8,3648.0,1570.0,197.0,71.602,51.727,0.872,2054.0,8540000000000000.0,1.37e+17,2.79e+17,3.01e+17,31510.83,101.731,910.0,157,1065.11,35.92,0.13,184,-14.440000000000056,3.882826086956522,False,False,False,dry,O2,50,17,17_32,none
1.093,15.874,14.85,19.938,197.088,90.026,501.178,3987.691,5002.204,4.922,92.646,30.075,41.596,405,527.308,109.103,3651.0,1522.0,392.0,70.286,51.177,1.032,2045.0,1.19e+16,9.05e+16,8.65e+17,3.01e+17,31825.269,104.017,891.0,151,1080.23,38.32,0.14,87,-10.0,8.160919540229886,False,False,False,dry,O2,103,17,17_33,none
1.709,13.397,15.033,19.935,198.115,90.006,493.318,4078.305,5007.202,4.918,91.548,29.989,59.039,436,571.053,109.462,3653.0,1507.0,557.0,71.538,51.609,0.762,2044.0,1.04e+16,8.81e+16,1.03e+18,2.98e+17,31763.634,99.519,883.0,157,959.19,34.51,0.2,135,-10.700000000000044,5.264444444444445,False,False,False,dry,O2,141,17,17_34,none
1.728,13.384,15.142,20.125,199.27,89.931,500.825,4041.051,4968.469,4.915,93.85,30.058,41.691,365,496.405,108.203,3613.0,1517.0,207.0,70.46,50.765,0.942,2110.0,1.8e+16,9.52e+16,6.15e+17,3e+17,31068.391,101.761,903.0,152,1067.37,40.23,0.37,112,0.5800000000000409,6.244821428571428,False,False,False,wet,H2O,46,17,17_22,none
1.884,13.661,15.294,19.746,197.055,89.939,499.464,4047.108,5006.099,4.863,94.169,29.911,44.826,405,523.318,110.178,3678.0,1360.0,266.0,69.462,51.478,1.128,2031.0,9490000000000000.0,1.28e+17,5.21e+17,3e+17,31580.274,104.278,898.0,155,994.77,33.9,0.35,69,-11.730000000000018,10.314927536231885,False,False,False,wet,H2O,78,17,17_35,none
1.227,15.522,15.078,19.922,197.882,90.122,502.056,4080.55,4984.874,5.214,90.402,29.91,49.984,436,543.376,107.502,3646.0,1468.0,354.0,71.574,50.559,1.185,2062.0,1.04e+16,7.78e+16,8.9e+17,2.99e+17,32209.86,104.931,924.0,157,1032.77,32.02,0.11,156,-2.240000000000009,4.501538461538462,False,False,False,wet,H2O,72,17,17_37,none
1.413,18.097,14.987,19.939,199.083,90.086,500.16,4001.363,5029.58,4.933,91.47,30.016,49.038,405,530.59,108.55,3672.0,1466.0,424.0,70.832,51.258,1.047,2056.0,1.09e+16,8.62e+16,6.16e+17,2.99e+17,31549.073,105.031,881.0,154,1228.42,39.54,0.2,179,0.57000000000005,3.907430167597765,False,False,False,dry,O2,113,17,17_38,none
1.026,17.063,15.311,19.991,198.401,89.824,504.146,4054.862,4924.603,5.037,91.046,29.898,22.656,436,441.767,109.46,3647.0,1390.0,319.0,70.837,51.495,1.165,2090.0,8850000000000000.0,9.78e+16,5.93e+17,2.99e+17,32087.54,103.042,895.0,157,1111.05,32.74,0.11,94,-32.85000000000002,7.796276595744681,False,False,False,dry,O2,68,17,17_39,none
0.962,13.584,14.808,19.962,198.747,90.067,498.428,3957.006,5099.331,5.005,93.678,30.028,47.022,405,506.987,108.872,3662.0,1561.0,360.0,72.299,50.68,1.095,2042.0,1.63e+16,1.38e+17,7.54e+17,3.01e+17,31501.117,102.863,910.0,153,1194.53,38.19,0.15,117,1.4500000000000457,5.97051282051282,False,False,False,dry,O2,123,17,17_40,none
1.381,14.489,15.149,19.94,201.983,89.977,499.41,4087.867,5006.921,5.094,93.413,30.089,48.098,436,502.84,108.954,3645.0,1665.0,337.0,71.459,50.415,0.967,2082.0,9290000000000000.0,1.65e+17,2.95e+17,3e+17,30658.818,103.387,922.0,153,1198.98,39.86,0.29,127,-2.990000000000009,5.535354330708661,False,False,False,dry,O2,77,17,17_41,none
1.869,15.073,14.945,19.962,203.093,89.939,506.003,4025.382,4998.388,5.217,92.819,29.972,17.439,405,513.715,107.231,3621.0,1573.0,506.0,72.177,50.7,1.191,2097.0,1.68e+16,1.26e+17,1.1e+18,3.01e+17,31542.434,100.203,905.0,151,1024.29,35.79,0.2,101,-5.019999999999982,6.98039603960396,False,False,False,wet,H2O,42,17,17_42,none
1.435,18.36,14.927,19.98,202.617,90.008,495.213,4036.837,4910.635,5.021,90.066,30.009,26.255,365,476.989,108.191,3654.0,1526.0,435.0,70.958,51.902,0.913,2097.0,1.36e+16,1.46e+17,4.77e+17,3e+17,31487.238,102.611,885.0,154,1279.69,28.63,0.2,145,-20.789999999999964,4.970965517241379,False,False,False,dry,O2,89,17,17_43,none
0.566,15.711,14.999,19.981,202.718,90.032,498.428,4014.092,5018.442,5.19,94.173,29.939,56.971,436,510.996,108.963,3639.0,1481.0,337.0,71.009,53.332,0.899,2090.0,1.64e+16,4.65e+16,2.58e+17,3.01e+17,31179.189,103.35,904.0,153,1148.8,34.51,0.15,103,-16.029999999999973,6.951747572815534,False,False,False,dry,O2,78,17,17_44,none
0.69,14.178,14.957,20.053,202.836,89.851,501.681,3985.779,4985.663,5.06,89.523,29.912,56.075,405,476.794,108.32,3673.0,1588.0,268.0,70.9,50.647,1.243,2021.0,9250000000000000.0,8.4e+16,1.06e+18,2.99e+17,32292.136,100.492,904.0,158,1136.3,34.79,0.07,129,-16.460000000000036,5.553953488372093,False,False,False,wet,H2O,69,17,17_45,none
1.885,11.33,14.923,20.065,197.136,90.008,501.18,4047.683,4980.583,4.776,91.379,30.018,22.277,365,503.862,105.212,3668.0,1441.0,398.0,68.225,51.933,0.942,2048.0,9530000000000000.0,8.47e+16,5.91e+17,3.01e+17,31684.192,101.722,905.0,156,1097.9,32.61,0.25,133,-13.779999999999973,5.366766917293233,False,False,False,dry,O2,122,17,17_46,none
2.015,17.332,15.04,19.929,202.432,89.937,501.237,3955.32,5099.438,5.043,92.621,29.988,29.888,436,534.381,109.433,3665.0,1441.0,435.0,72.917,50.592,1.067,2024.0,1.2e+16,1.04e+17,7.73e+17,3.02e+17,31473.543,103.06,903.0,155,1193.28,37.82,0.08,146,-16.950000000000045,4.910616438356165,False,False,False,dry,O2,161,17,17_47,none
1.748,13.867,14.962,19.795,197.628,89.972,499.961,4042.846,5000.822,4.89,91.41,29.914,39.757,436,513.296,109.548,3667.0,1709.0,471.0,71.558,51.989,0.988,2043.0,9550000000000000.0,8.44e+16,2.21e+17,2.99e+17,32274.618,103.162,898.0,153,1186.78,32.96,0.33,140,-9.840000000000032,5.070285714285714,False,False,False,dry,O2,205,17,17_36,Random
0.709,15.217,14.861,19.977,202.198,89.926,502.078,4055.944,4959.069,5.172,90.65,29.833,47.68,405,534.2,110.225,3637.0,1630.0,185.0,71.652,50.981,0.955,2091.0,1.23e+16,9.3e+16,2.59e+17,3.03e+17,32922.918,104.921,923.0,152,1049.24,36.86,0.21,147,-9.960000000000036,4.829659863945579,False,False,False,dry,O2,91,1,1_47,none
1.462,12.213,15.175,20.022,200.302,89.988,498.048,4041.974,5032.458,5.254,90.463,29.953,53.509,365,542.894,107.81,3692.0,1662.0,398.0,70.954,51.942,1.039,2034.0,1.15e+16,1.29e+17,8.39e+17,3.02e+17,32089.346,100.62,888.0,156,1165.67,40.27,0.11,195,-9.720000000000027,3.639589743589744,False,False,False,dry,O2,221,11,11_1,Edge-Ring
1.832,14.753,14.938,20.067,203.058,89.967,498.322,3971.355,5038.98,5.114,91.202,30.091,38.215,436,537.506,108.129,3663.0,1562.0,394.0,69.287,51.105,0.976,2070.0,9740000000000000.0,1.41e+17,3.6e+17,3e+17,30857.226,101.941,897.0,154,1090.82,42.29,0.22,84,3.7000000000000455,8.289285714285715,False,False,False,dry,O2,99,1,1_49,none
1.327,15.381,15.083,20.038,201.112,89.869,494.93,4033.876,4991.495,5.085,91.715,29.963,12.602,436,507.705,103.399,3642.0,1484.0,635.0,71.741,51.206,0.972,2081.0,1.6e+16,1.35e+17,6.72e+17,2.99e+17,30418.777,103.309,890.0,157,965.5,30.14,0.12,144,-20.19000000000005,5.001319444444444,False,False,False,dry,O2,200,7,7_45,Center
1.944,16.193,15.014,20.03,200.068,90.182,503.339,4029.087,4990.107,4.913,90.354,29.994,28.531,365,499.693,109.663,3679.0,1511.0,660.0,71.058,50.611,0.934,2053.0,1.42e+16,1.87e+16,2.19e+17,3.01e+17,30786.634,101.355,920.0,154,1002.64,25.56,0.35,56,-8.490000000000009,12.651607142857143,False,False,False,dry,O2,255,1,1_48,Edge-Loc
0.65,13.303,15.085,20.07,202.806,89.99,500.356,3978.77,4940.755,5.196,91.584,30.039,61.408,405,514.726,106.397,3668.0,1418.0,227.0,69.728,51.446,0.887,2033.0,1.3e+16,1e+17,7.4e+17,3.02e+17,32409.462,106.241,899.0,154,1027.29,35.51,-0.1,157,-19.590000000000032,4.583375796178344,True,False,False,wet,H2O,95,1,1_46,none
1.339,20.207,15.007,19.827,200.457,90.023,498.347,3972.458,5047.836,4.98,91.054,29.975,27.665,436,494.257,111.31,3646.0,1437.0,358.0,71.27,51.258,0.987,2056.0,1.77e+16,1.31e+17,9.92e+17,3.01e+17,30534.788,100.566,915.0,156,1039.46,35.4,0.25,125,-20.610000000000014,5.76488,False,False,False,wet,H2O,70,1,1_52,none
1.35,17.858,14.95,19.724,200.491,89.955,504.332,3966.091,5025.617,4.94,94.402,29.989,55.521,365,496.029,108.21,3670.0,1696.0,462.0,70.904,51.43,1.042,2040.0,1.13e+16,1.17e+17,8.01e+17,3e+17,30483.295,102.14,893.0,156,1229.16,41.41,0.29,136,-2.3799999999999955,5.164558823529411,False,False,False,dry,O2,242,12,12_17,Scratch
0.761,17.977,14.817,20.024,200.841,89.908,494.544,3952.589,5052.222,4.964,90.523,29.983,37.653,405,514.793,108.098,3661.0,1523.0,355.0,71.927,50.895,1.131,2027.0,5210000000000000.0,4.09e+16,6.66e+17,3.01e+17,31614.009,104.321,917.0,155,1070.82,37.25,0.18,137,-9.360000000000014,5.177810218978102,False,False,False,dry,O2,130,1,1_51,none
1.864,16.768,15.256,19.838,197.84,89.978,495.336,4035.425,5098.593,5.064,90.383,30.117,52.897,365,532.387,109.246,3655.0,1526.0,423.0,72.396,50.736,0.966,2033.0,1.26e+16,3.11e+16,7.9e+17,3.02e+17,32295.533,100.716,884.0,155,1074.96,31.35,-0.01,117,-8.200000000000045,6.052991452991454,True,False,False,dry,O2,117,1,1_50,none
1.193,18.746,15.058,20.242,205.491,89.996,495.3,4036.151,5078.991,4.879,94.586,29.904,34.088,405,541.564,110.909,3658.0,1531.0,387.0,71.411,50.769,0.933,2050.0,8520000000000000.0,1.9e+17,5.61e+17,2.98e+17,30891.407,100.432,910.0,154,1159.89,30.54,0.19,151,-6.289999999999964,4.677417218543046,False,False,False,wet,H2O,105,2,2_7,none
1.519,15.226,14.926,19.911,201.757,89.929,503.118,4068.412,5097.379,5.129,93.42,29.885,30.17,365,536.394,109.825,3689.0,1382.0,480.0,71.687,50.68,0.989,2033.0,1.06e+16,1.22e+16,3.96e+17,3.01e+17,31818.519,102.419,920.0,152,1030.75,34.06,0.35,55,-5.580000000000041,12.828727272727274,False,False,False,dry,O2,125,2,2_16,none
1.226,13.714,14.983,20.029,198.384,90.1,495.895,3985.746,4979.258,4.822,90.245,30.089,30.349,365,523.42,108.825,3633.0,1607.0,417.0,70.274,50.832,0.925,2071.0,8410000000000000.0,1.66e+17,9.85e+17,3e+17,31359.54,102.941,894.0,156,1011.01,36.7,0.1,148,-7.07000000000005,4.777500000000001,False,False,False,wet,H2O,83,1,1_45,none
1.374,17.376,14.915,19.93,198.973,90.183,502.511,3985.879,4964.4,5.031,91.567,29.904,35.749,365,549.611,108.855,3685.0,1423.0,570.0,71.694,52.403,1.133,2018.0,1.15e+16,8.37e+16,5.17e+17,2.98e+17,31801.635,103.682,866.0,153,945.68,36.93,0.39,112,-8.259999999999991,6.32375,False,False,False,wet,H2O,199,6,6_31,Edge-Loc
1.404,20.696,15.161,20.018,198.858,89.918,499.297,4035.497,5006.017,4.99,91.31,29.933,52.326,405,508.409,110.002,3693.0,1536.0,468.0,72.06,50.325,0.988,2007.0,6800000000000000.0,5.4e+16,3.38e+17,3.01e+17,31914.233,102.895,919.0,156,973.18,36.62,0.12,120,-19.840000000000032,5.998666666666667,False,False,False,dry,O2,282,8,8_49,Loc
1.768,16.938,15.218,19.997,198.138,90.113,503.195,4084.99,4933.782,5.161,90.31,29.791,43.439,405,472.819,106.652,3648.0,1399.0,402.0,70.416,51.096,1.084,2087.0,5930000000000000.0,9.22e+16,1.2e+17,3e+17,31490.688,105.744,890.0,154,1058.85,32.31,0.2,114,-7.279999999999973,6.204210526315789,False,False,False,dry,O2,91,2,2_1,none
1.824,13.871,14.959,19.901,199.558,90.115,493.99,4044.999,5009.421,4.942,89.148,29.892,44.85,436,534.535,109.371,3669.0,1457.0,288.0,72.065,52.411,1.019,2043.0,1.12e+16,9.48e+16,5.56e+17,3.01e+17,32725.384,103.842,911.0,156,1240.52,37.59,0.2,106,-7.299999999999954,6.672641509433962,False,False,False,wet,H2O,109,2,2_2,none
1.231,14.482,15.162,19.873,199.429,90.158,504.024,4010.134,5055.226,5.051,92.871,30.129,42.428,436,541.783,107.233,3642.0,1425.0,475.0,71.595,51.305,1.027,2070.0,7300000000000000.0,6.26e+16,8.16e+17,3.01e+17,31538.407,104.099,896.0,152,1096.9,32.84,0.36,165,-14.120000000000005,4.328,False,False,False,wet,H2O,93,2,2_3,none
0.131,13.525,15.04,20.029,200.801,90.036,499.54,4080.213,5004.17,4.981,91.837,30.136,46.199,405,542.247,107.178,3644.0,1571.0,124.0,71.598,50.345,0.964,2061.0,1.79e+16,9.12e+16,6.31e+17,3e+17,31998.29,100.335,920.0,154,1132.98,32.34,0.43,174,-4.240000000000009,4.0473563218390805,False,False,False,dry,O2,42,2,2_4,none
1.015,14.645,15.219,19.986,197.312,89.984,499.403,4039.397,5118.937,4.954,90.961,30.033,63.098,405,510.927,108.342,3653.0,1655.0,479.0,71.134,50.824,1.123,2034.0,9720000000000000.0,8.64e+16,6.33e+17,3e+17,31811.588,103.458,923.0,154,1022.97,37.86,0.32,75,0.3400000000000318,9.3288,False,False,False,wet,H2O,149,2,2_5,none
0.778,20.031,14.967,19.91,198.952,89.973,502.411,4072.835,5016.43,5.227,88.803,30.114,40.702,436,519.0,109.509,3655.0,1576.0,353.0,69.768,51.098,1.22,2049.0,1.01e+16,2.13e+16,7.53e+17,3.02e+17,31092.938,101.591,903.0,156,959.29,33.37,0.11,144,-13.220000000000027,4.952916666666667,False,False,False,wet,H2O,146,1,1_54,none
0.812,17.627,15.001,20.108,198.797,90.002,506.001,4017.33,5018.602,4.758,90.45,29.836,49.258,436,532.981,106.5,3637.0,1671.0,210.0,71.681,50.073,0.943,2073.0,2.05e+16,1.43e+17,5e+17,3e+17,32268.61,103.026,898.0,159,1106.47,38.99,0.17,204,3.1000000000000227,3.416176470588235,False,False,False,dry,O2,90,1,1_53,none
1.597,17.76,14.958,20.123,195.7,90.042,498.539,4103.962,4976.42,5.064,90.509,29.928,35.0,405,518.303,106.342,3666.0,1259.0,395.0,71.265,51.829,0.901,2063.0,1.34e+16,1.69e+17,3.92e+17,3.01e+17,32124.067,104.2,900.0,157,1101.52,31.6,0.19,167,-2.6499999999999773,4.20748502994012,False,False,False,wet,H2O,77,2,2_6,none
1.309,17.84,14.943,20.11,193.398,90.037,495.859,4082.89,5024.731,4.925,92.833,30.142,24.226,436,520.148,107.921,3685.0,1555.0,304.0,70.584,50.747,1.133,2008.0,9280000000000000.0,1.04e+17,8.95e+17,3.01e+17,31517.173,105.977,885.0,153,1041.06,35.88,0.19,113,-12.980000000000018,6.309557522123894,False,False,False,dry,O2,176,2,2_8,none
0.871,13.167,14.927,20.099,200.859,90.041,499.462,4003.117,4996.31,5.071,92.438,29.964,64.712,365,496.003,108.018,3668.0,1604.0,484.0,69.821,52.121,1.03,2026.0,1.42e+16,1.32e+17,8e+17,3e+17,31790.343,100.695,867.0,150,1131.76,43.07,0.15,64,-4.039999999999964,11.000625,False,False,False,dry,O2,115,2,2_9,none
1.236,17.441,14.901,20.114,197.92,90.037,505.457,4068.139,5103.802,4.95,94.804,30.12,34.307,436,546.788,108.892,3654.0,1492.0,147.0,70.698,51.518,0.992,2062.0,6520000000000000.0,8.25e+16,6.08e+17,3.01e+17,32067.883,102.637,901.0,154,1011.56,26.96,0.18,113,-11.389999999999986,6.295486725663717,False,False,False,dry,O2,69,2,2_10,none
1.379,15.522,14.67,19.926,204.065,89.979,503.372,4024.361,5010.938,4.928,89.591,30.058,43.441,436,501.182,107.042,3658.0,1349.0,543.0,70.959,51.29,0.84,2051.0,1.42e+16,1.49e+17,5.79e+17,3.01e+17,31126.779,105.055,893.0,158,1096.7,39.1,0.23,147,-23.350000000000023,4.920748299319728,False,False,False,wet,H2O,128,2,2_11,none
1.702,16.407,15.113,19.974,201.577,90.077,497.677,4072.864,5006.262,4.968,91.114,29.994,52.291,405,508.487,110.018,3693.0,1536.0,468.0,72.136,50.333,0.933,2007.0,6800000000000000.0,5.4e+16,3.38e+17,3.01e+17,31914.364,102.976,919.0,156,955.97,36.99,0.29,120,-19.92999999999995,5.999416666666666,False,False,False,dry,O2,282,8,8_22,Loc
2.087,19.42,15.011,20.003,201.93,90.022,500.445,4021.636,5107.142,4.996,92.976,29.895,43.692,405,539.245,108.641,3641.0,1462.0,620.0,69.841,51.364,0.914,2093.0,1.13e+16,1.13e+17,-6.93e+16,2.99e+17,31104.276,102.721,923.0,157,910.91,28.89,0.27,128,-13.16999999999996,5.571640625,False,False,True,wet,H2O,129,2,2_12,none
1.257,15.428,15.126,20.017,200.658,90.184,503.657,4030.923,5017.705,5.075,90.462,29.948,50.308,405,503.116,107.93,3648.0,1499.0,404.0,70.86,51.876,1.183,2077.0,1.11e+16,1.23e+17,4.51e+17,3.02e+17,32566.76,100.019,887.0,155,1167.14,27.48,0.22,68,-8.149999999999977,10.413970588235294,False,False,False,dry,O2,132,2,2_13,none
1.556,14.748,14.802,19.896,198.63,89.992,506.123,4016.056,4899.049,4.886,93.687,29.965,59.487,436,550.681,107.411,3628.0,1522.0,389.0,71.777,51.15,0.942,2110.0,1.03e+16,8.15e+16,6.38e+17,3.01e+17,32521.903,99.489,892.0,153,1031.12,33.91,0.16,129,-9.730000000000018,5.501782945736434,False,False,False,wet,H2O,99,2,2_14,none
1.229,15.287,14.754,20.095,197.205,89.949,500.178,3995.891,5040.524,5.058,92.285,29.959,50.747,436,509.528,107.015,3658.0,1219.0,228.0,69.859,51.18,1.118,2059.0,1.33e+16,3.68e+16,4.29e+17,3.01e+17,31358.675,105.158,899.0,152,1180.52,38.06,0.16,179,-3.1499999999999773,3.928212290502793,False,False,False,wet,H2O,62,2,2_15,none
1.896,14.969,15.063,20.138,197.989,90.036,505.766,3990.601,5003.889,5.089,91.166,29.987,37.345,365,492.395,107.014,3630.0,1603.0,302.0,71.502,50.861,1.013,2084.0,1e+16,1.48e+17,7.89e+17,2.98e+17,32246.941,104.836,907.0,154,1111.64,28.78,0.21,19,-2.669999999999959,36.98263157894737,False,False,False,dry,O2,102,6,6_30,none
2.022,13.819,14.894,20.005,198.646,90.015,501.763,4071.508,5053.52,5.096,93.242,30.073,41.939,365,561.906,107.477,3662.0,1576.0,248.0,71.248,50.334,0.999,2038.0,1.29e+16,5.54e+16,5.8e+17,3e+17,31197.811,103.465,910.0,155,1105.57,32.8,0.26,101,-2.4600000000000364,6.955049504950496,False,False,False,dry,O2,71,1,1_44,none
1.492,14.032,15.009,20.089,198.744,90.083,504.526,4082.709,5184.439,4.965,90.829,29.972,30.793,405,516.647,109.682,3676.0,1606.0,251.0,70.821,50.659,1.022,2080.0,1e+16,1.35e+17,3.47e+17,3e+17,31574.487,102.948,885.0,154,1154.59,32.72,0.14,62,0.5099999999999909,11.28209677419355,False,False,False,wet,H2O,96,1,1_28,none
0.898,15.931,14.974,20.003,194.023,89.962,501.708,3955.431,4983.679,5.13,92.555,29.995,16.538,405,529.322,109.978,3633.0,1619.0,556.0,71.563,52.777,1.045,2111.0,7250000000000000.0,9.58e+16,2.29e+17,3.01e+17,31211.432,102.681,899.0,151,1028.55,49.96,0.17,101,-21.16999999999996,7.14029702970297,False,False,False,dry,O2,116,1,1_42,none
1.773,13.825,14.991,20.093,198.929,89.84,504.591,4082.682,5184.741,5.034,90.816,29.85,31.069,405,516.673,109.636,3676.0,1606.0,251.0,70.752,50.846,1.086,2080.0,1e+16,1.35e+17,3.47e+17,3e+17,31574.484,102.873,885.0,154,1139.02,32.84,0.06,62,0.5199999999999818,11.281935483870967,False,False,False,wet,H2O,96,1,1_1,none
0.938,17.384,14.831,19.935,201.477,90.1,504.121,4014.753,5118.464,4.922,92.454,30.028,32.613,436,499.585,108.764,3687.0,1387.0,462.0,71.129,51.9,0.983,2028.0,1.3e+16,1.46e+17,6.7e+17,2.97e+17,30474.258,101.188,898.0,156,1127.15,33.71,-0.13,30,-2.7200000000000277,23.424,True,False,False,dry,O2,230,10,10_43,Loc
0.767,14.718,15.057,19.942,202.151,89.981,505.321,4029.455,4993.454,4.97,93.482,30.05,50.949,365,536.891,107.643,3643.0,1450.0,372.0,72.207,51.46,0.947,2074.0,8060000000000000.0,1.28e+17,1.71e+17,3.02e+17,31194.954,101.926,885.0,152,1089.04,26.22,0.3,27,-12.909999999999968,26.404074074074074,False,False,False,dry,O2,105,6,6_1,none
1.351,17.79,15.016,20.01,200.601,90.01,504.081,4008.917,5075.768,4.998,90.614,29.833,35.575,436,522.162,105.236,3691.0,1385.0,496.0,68.86,52.075,1.188,2030.0,9910000000000000.0,1.06e+17,6.6e+17,3e+17,31768.43,104.934,896.0,155,960.83,27.38,0.05,81,-12.340000000000032,8.794320987654322,False,False,False,dry,O2,223,9,9_27,Edge-Loc
1.755,16.265,14.972,20.006,200.117,90.054,495.295,4005.139,5010.036,5.003,94.329,29.929,50.99,436,520.707,109.996,3680.0,1592.0,308.0,72.316,51.245,1.001,2029.0,1.23e+16,1.52e+17,6.81e+17,3.01e+17,32759.295,106.772,904.0,151,1157.14,39.46,0.08,25,-21.360000000000014,28.8544,False,False,False,dry,O2,229,10,10_33,Center
1.381,16.837,15.161,19.986,198.192,89.995,502.899,4085.014,4934.017,5.049,90.551,29.882,43.424,405,472.815,106.759,3648.0,1399.0,402.0,70.379,51.18,0.993,2087.0,5930000000000000.0,9.22e+16,1.2e+17,3e+17,31490.985,105.933,890.0,154,1060.49,32.33,0.11,114,-7.450000000000045,6.205701754385966,False,False,False,dry,O2,91,2,2_28,none
2.071,14.03,15.053,20.054,199.652,89.936,502.008,4045.088,5009.483,5.05,89.418,29.864,44.83,436,534.625,109.351,3669.0,1457.0,288.0,72.09,52.636,1.015,2043.0,1.12e+16,9.48e+16,5.56e+17,3.01e+17,32725.55,103.892,911.0,156,1245.76,37.46,0.05,106,-7.309999999999945,6.672735849056603,False,False,False,wet,H2O,109,2,2_29,none
1.597,14.534,15.023,19.843,199.381,90.009,499.302,4010.194,5055.475,5.102,92.919,30.026,42.535,436,541.666,107.143,3642.0,1425.0,475.0,71.339,51.503,0.945,2070.0,7300000000000000.0,6.26e+16,8.16e+17,3.01e+17,31538.341,103.939,896.0,152,1104.21,32.76,0.28,165,-14.139999999999986,4.3281212121212125,False,False,False,wet,H2O,93,2,2_30,none
2.206,16.018,15.096,19.944,200.512,89.904,501.788,4008.66,5075.791,4.981,90.471,30.063,35.74,436,522.269,105.433,3691.0,1385.0,496.0,69.198,52.116,0.864,2030.0,9910000000000000.0,1.06e+17,6.6e+17,3e+17,31768.604,104.763,896.0,155,980.63,27.54,0.16,24,-12.32000000000005,29.680000000000003,False,False,False,dry,O2,223,9,9_54,Edge-Loc
0.587,13.647,14.964,19.877,200.854,90.026,505.935,4080.142,5004.304,4.962,92.006,29.972,46.002,405,542.288,107.291,3644.0,1571.0,124.0,71.351,50.42,1.303,2061.0,1.79e+16,9.12e+16,6.31e+17,3e+17,31998.328,100.387,920.0,154,1144.18,32.39,0.16,174,-4.230000000000018,4.0472988505747125,False,False,False,dry,O2,42,2,2_31,none
0.864,17.753,15.069,20.107,195.768,90.177,504.196,4103.959,4976.165,5.134,90.683,30.194,34.857,405,518.372,106.364,3666.0,1259.0,395.0,71.322,51.737,1.061,2063.0,1.34e+16,1.69e+17,3.92e+17,3.01e+17,32124.085,104.322,900.0,157,1120.2,31.61,0.24,167,-2.730000000000018,4.207964071856288,False,False,False,wet,H2O,77,2,2_33,none
0.75,18.634,14.959,19.985,205.619,89.91,500.07,4036.308,5079.09,4.96,94.545,30.004,34.08,405,541.333,111.036,3658.0,1531.0,387.0,71.327,50.923,0.904,2050.0,8520000000000000.0,1.9e+17,5.61e+17,2.98e+17,30891.601,100.456,910.0,154,1169.71,30.64,0.21,151,-6.289999999999964,4.677417218543046,False,False,False,wet,H2O,105,2,2_34,none
1.544,17.758,15.105,19.993,193.281,90.027,500.436,4082.785,5024.636,4.925,93.024,30.057,24.006,436,520.259,107.776,3685.0,1555.0,304.0,70.728,50.741,1.234,2008.0,9280000000000000.0,1.04e+17,8.95e+17,3.01e+17,31517.045,106.004,885.0,153,1050.33,35.86,0.11,113,-13.159999999999968,6.311150442477876,False,False,False,dry,O2,176,2,2_35,none
1.805,12.901,15.001,19.936,200.852,89.934,494.899,4002.935,4996.646,5.13,92.442,30.016,64.584,365,495.62,107.979,3668.0,1604.0,484.0,69.956,51.881,0.963,2026.0,1.42e+16,1.32e+17,8e+17,3e+17,31790.548,100.709,867.0,150,1133.85,42.9,0.09,64,-3.879999999999996,10.998125,False,False,False,dry,O2,115,2,2_36,none
1.365,17.605,14.981,20.095,197.874,90.109,499.111,4067.92,5103.527,4.923,94.722,30.014,34.236,436,546.654,108.854,3654.0,1492.0,147.0,70.741,51.401,0.955,2062.0,6520000000000000.0,8.25e+16,6.08e+17,3.01e+17,32067.766,102.78,901.0,154,1020.23,26.98,0.35,113,-11.460000000000036,6.296106194690266,False,False,False,dry,O2,69,2,2_37,none
0.585,15.738,15.002,19.888,204.011,89.896,501.212,4024.359,5011.059,4.913,89.496,29.978,43.365,436,501.068,107.027,3658.0,1349.0,543.0,70.897,50.941,1.153,2051.0,1.42e+16,1.49e+17,5.79e+17,3.01e+17,31126.613,105.0,893.0,158,1097.27,39.22,0.09,147,-23.299999999999955,4.920408163265305,False,False,False,wet,H2O,128,2,2_38,none
0.694,19.135,14.905,19.789,202.119,90.049,493.453,4021.525,5107.121,4.909,92.966,29.998,43.694,405,539.477,108.86,3641.0,1462.0,620.0,69.92,51.403,1.159,2093.0,1.13e+16,1.13e+17,-6.93e+16,2.99e+17,31104.123,102.736,923.0,157,927.2,28.96,0.16,128,-13.059999999999944,5.57078125,False,False,True,wet,H2O,129,2,2_39,none
1.189,15.46,14.919,19.89,200.689,89.84,503.631,4030.877,5017.813,5.018,90.317,29.991,50.385,405,503.193,107.892,3648.0,1499.0,404.0,71.046,51.763,1.073,2077.0,1.11e+16,1.23e+17,4.51e+17,3.02e+17,32566.484,100.047,887.0,155,1179.1,27.39,0.19,68,-8.25,10.415441176470589,False,False,False,dry,O2,132,2,2_40,none
2.248,14.923,15.031,19.981,198.645,89.97,505.942,4016.22,4899.187,4.854,93.916,29.908,59.365,436,550.674,107.441,3628.0,1522.0,389.0,71.763,51.096,0.968,2110.0,1.03e+16,8.15e+16,6.38e+17,3.01e+17,32521.837,99.557,892.0,153,1036.63,34.1,0.2,129,-9.379999999999995,5.499069767441861,False,False,False,wet,H2O,99,2,2_41,none
0.566,15.502,14.737,19.66,196.969,89.866,499.979,3995.907,5040.549,5.053,92.213,29.916,50.706,436,509.469,107.028,3658.0,1219.0,228.0,70.003,51.082,0.961,2059.0,1.33e+16,3.68e+16,4.29e+17,3.01e+17,31358.595,105.047,899.0,152,1189.05,38.09,0.29,179,-2.580000000000041,3.925027932960894,False,False,False,wet,H2O,62,2,2_42,none
0.77,14.757,15.066,19.983,197.169,90.078,494.779,4039.584,5118.978,5.212,91.193,30.175,63.212,405,510.868,108.228,3653.0,1655.0,479.0,71.079,50.688,1.145,2034.0,9720000000000000.0,8.64e+16,6.33e+17,3e+17,31811.895,103.29,923.0,154,1027.34,37.91,0.13,75,0.4900000000000091,9.3268,False,False,False,wet,H2O,149,2,2_32,none
1.831,15.516,15.038,20.012,200.107,90.089,499.557,4052.265,5020.003,4.965,89.96,30.091,59.663,405,494.974,107.337,3654.0,1534.0,366.0,71.2,50.552,1.054,2045.0,1.65e+16,7.79e+16,1.03e+18,3.01e+17,31469.361,105.174,913.0,154,1054.81,45.95,0.3,261,2.769999999999982,2.671379310344828,False,False,False,wet,H2O,103,6,6_2,none
0.762,17.986,15.007,20.143,199.875,90.024,499.894,3985.722,4964.481,5.021,91.352,29.947,35.828,365,549.411,108.855,3685.0,1423.0,570.0,71.457,52.27,0.907,2018.0,1.15e+16,8.37e+16,5.17e+17,2.98e+17,31801.529,103.483,866.0,153,934.41,36.98,0.19,112,-15.730000000000018,6.390446428571429,False,False,False,wet,H2O,199,6,6_4,Edge-Loc
1.164,19.821,15.034,19.971,199.023,90.073,503.889,4072.806,5016.309,5.061,88.777,29.877,40.704,436,518.892,109.56,3655.0,1576.0,353.0,69.704,51.256,0.99,2049.0,1.01e+16,2.13e+16,7.53e+17,3.02e+17,31093.103,101.832,903.0,156,956.13,33.39,0.27,144,-13.33000000000004,4.953680555555556,False,False,False,wet,H2O,146,1,1_27,none
1.269,17.564,14.997,19.99,198.909,89.994,504.541,4017.447,5018.685,4.94,90.262,29.968,49.348,436,533.261,106.396,3637.0,1671.0,210.0,71.467,50.245,0.93,2073.0,2.05e+16,1.43e+17,5e+17,3e+17,32268.9,103.035,898.0,159,1104.21,39.04,0.39,204,3.0499999999999545,3.416421568627451,False,False,False,dry,O2,90,1,1_26,none
1.71,20.169,15.051,19.922,200.699,90.032,500.411,3972.372,5047.739,4.91,91.125,29.899,27.724,436,494.193,111.161,3646.0,1437.0,358.0,71.357,51.517,0.966,2056.0,1.77e+16,1.31e+17,9.92e+17,3.01e+17,30534.663,100.457,915.0,156,1035.49,35.44,0.21,125,-15.299999999999956,5.7224,False,False,False,wet,H2O,70,1,1_25,none
1.129,17.913,14.824,19.97,200.689,90.103,501.291,3952.614,5052.318,5.069,90.523,29.834,37.509,405,514.831,108.022,3661.0,1523.0,355.0,71.801,50.895,1.1,2027.0,5210000000000000.0,4.09e+16,6.66e+17,3.01e+17,31614.239,104.228,917.0,155,1067.27,37.24,0.05,137,-4.139999999999986,5.13970802919708,False,False,False,dry,O2,130,1,1_24,none
1.292,17.05,15.069,20.082,198.016,90.139,499.917,4035.456,5098.61,5.089,90.55,29.788,52.734,365,532.148,109.369,3655.0,1526.0,423.0,72.397,50.774,1.014,2033.0,1.26e+16,3.11e+16,7.9e+17,3.02e+17,32295.746,100.928,884.0,155,1068.7,31.47,0.28,117,-8.25,6.053418803418803,False,False,False,dry,O2,117,1,1_23,none
1.388,14.591,14.978,20.081,203.038,90.078,498.217,3971.219,5038.709,4.886,91.194,29.985,38.314,436,537.437,107.998,3663.0,1562.0,394.0,69.35,51.23,1.011,2070.0,9740000000000000.0,1.41e+17,3.6e+17,3e+17,30857.319,102.05,897.0,154,1080.03,42.26,0.36,84,1.1000000000000227,8.320238095238095,False,False,False,dry,O2,99,1,1_22,none
1.16,16.108,14.925,20.042,200.113,89.978,503.037,4029.254,4990.044,4.941,90.204,30.023,28.552,365,499.635,109.55,3679.0,1511.0,660.0,71.209,50.644,1.065,2053.0,1.42e+16,1.87e+16,2.19e+17,3.01e+17,30786.719,101.435,920.0,154,999.95,25.54,0.06,56,-15.740000000000007,12.781071428571428,False,False,False,dry,O2,255,1,1_21,Edge-Loc
2.158,15.217,14.976,19.947,202.268,90.106,500.94,4055.981,4959.097,5.28,90.741,29.859,47.706,405,534.065,109.925,3637.0,1630.0,185.0,71.618,51.06,0.877,2091.0,1.23e+16,9.3e+16,2.59e+17,3.03e+17,32922.752,104.907,923.0,152,1037.59,36.86,0.17,147,-9.799999999999956,4.828571428571428,False,False,False,dry,O2,92,1,1_20,none
1.747,13.284,15.111,20.1,202.807,89.906,499.318,3978.706,4940.883,4.908,91.465,29.994,61.634,405,514.436,106.393,3668.0,1418.0,227.0,69.822,51.604,0.844,2033.0,1.3e+16,1e+17,7.4e+17,3.02e+17,32409.443,106.134,899.0,154,1017.33,35.3,0.13,157,-19.74000000000001,4.584331210191083,False,False,False,wet,H2O,95,1,1_19,none
1.815,13.894,14.878,20.104,198.27,90.06,501.396,3985.718,4979.451,4.696,90.223,30.023,30.409,365,523.606,108.655,3633.0,1607.0,417.0,70.528,50.868,0.834,2071.0,8410000000000000.0,1.66e+17,9.85e+17,3e+17,31359.617,102.98,894.0,156,996.08,36.85,0.19,148,-7.25,4.778716216216216,False,False,False,wet,H2O,83,1,1_18,none
1.879,13.697,14.892,20.177,198.366,89.785,499.011,4071.607,5053.322,5.025,93.258,29.979,41.99,365,561.737,107.397,3662.0,1576.0,248.0,71.199,50.481,0.892,2038.0,1.29e+16,5.54e+16,5.8e+17,3e+17,31197.95,103.249,910.0,155,1100.66,32.86,0.12,101,-2.309999999999945,6.953564356435643,False,False,False,dry,O2,71,1,1_17,none
2.19,15.946,15.074,19.855,199.857,90.041,503.186,4062.722,4931.621,4.904,94.02,29.978,43.335,405,472.586,110.307,3664.0,1490.0,447.0,71.595,51.212,1.005,2068.0,9520000000000000.0,4.84e+16,9.96e+17,2.99e+17,31603.525,105.966,910.0,156,1102.45,32.43,0.12,112,-3.6100000000000136,6.282232142857143,False,False,False,dry,O2,124,1,1_16,none
1.434,15.002,15.071,19.842,197.94,89.916,500.621,3990.732,5003.895,4.998,91.18,29.963,37.339,365,492.35,107.036,3630.0,1603.0,302.0,71.535,51.041,0.861,2084.0,1e+16,1.48e+17,7.89e+17,2.98e+17,32246.869,104.741,907.0,154,1102.36,28.84,0.22,19,-2.6399999999999864,36.98105263157895,False,False,False,dry,O2,102,6,6_3,none
0.702,15.978,14.924,19.997,193.98,90.23,501.063,3955.471,4983.552,5.031,92.457,29.936,16.603,405,529.358,110.152,3633.0,1619.0,556.0,71.753,52.588,0.972,2111.0,7250000000000000.0,9.58e+16,2.29e+17,3.01e+17,31211.409,102.675,899.0,151,1013.67,49.85,0.35,101,-21.32000000000005,7.141782178217822,False,False,False,dry,O2,116,1,1_15,none
0.493,15.032,15.049,20.107,199.127,89.974,501.572,3985.64,5137.692,4.999,91.672,30.055,23.534,405,478.513,107.247,3655.0,1597.0,416.0,70.082,50.988,1.063,2073.0,1.38e+16,1.22e+17,7.8e+17,3.03e+17,31655.491,104.528,898.0,151,1194.0,33.94,0.34,149,-16.210000000000036,4.806778523489933,False,False,False,dry,O2,89,1,1_13,none
2.073,11.978,14.896,19.95,200.549,89.9,501.433,4014.165,4947.304,5.006,93.8,30.033,31.29,436,488.637,110.834,3664.0,1377.0,562.0,70.95,51.074,1.013,2066.0,1.37e+16,8.91e+16,7.44e+17,3e+17,31201.217,105.529,906.0,153,1113.68,38.08,0.32,80,-8.700000000000045,8.85875,False,False,False,wet,H2O,215,1,1_12,Loc
1.018,18.664,14.951,19.988,201.86,90.073,500.125,4036.84,5087.315,4.974,92.417,29.836,54.647,436,525.202,107.551,3667.0,1393.0,223.0,70.703,51.38,1.164,2021.0,1.74e+16,2.39e+16,9.6e+17,2.99e+17,31691.356,105.323,891.0,156,1077.75,32.63,0.24,87,10.980000000000018,7.919770114942528,False,False,False,dry,O2,72,1,1_11,none
0.572,11.584,15.051,20.07,200.809,89.972,499.034,4025.516,5049.881,4.942,91.525,30.031,41.28,405,499.569,109.748,3643.0,1603.0,466.0,69.803,50.806,1.069,2060.0,8350000000000000.0,2.65e+16,4.67e+17,3.01e+17,32927.651,106.716,898.0,158,1104.87,34.84,0.11,117,-25.970000000000027,6.204871794871795,False,False,False,wet,H2O,102,1,1_10,none
0.678,13.453,14.988,19.884,202.086,90.04,498.455,4087.863,5099.861,5.061,92.375,29.849,61.819,405,506.257,108.994,3654.0,1425.0,294.0,71.829,51.197,0.828,2063.0,1.71e+16,1.37e+17,1.27e+18,3e+17,31692.492,104.653,906.0,156,1042.17,34.48,0.31,61,-12.91999999999996,11.687213114754098,False,False,False,dry,O2,86,1,1_9,none
1.468,12.524,15.022,20.127,202.359,89.896,502.008,3957.046,5075.182,4.878,92.495,29.944,33.858,436,492.154,106.19,3653.0,1521.0,316.0,70.855,51.117,1.008,2084.0,1.29e+16,9.88e+16,2.29e+17,3.02e+17,31776.072,104.375,885.0,153,1096.21,28.5,0.28,291,3.5499999999999545,2.393298969072165,False,False,False,wet,H2O,92,1,1_8,none
1.96,16.273,15.248,20.031,205.684,90.098,505.311,4054.575,4965.097,5.14,92.224,29.909,24.408,365,516.972,108.633,3679.0,1389.0,151.0,71.31,51.545,0.968,2021.0,1.45e+16,8.04e+16,3.24e+17,3e+17,31464.051,99.996,882.0,154,1136.29,35.64,0.3,74,-9.690000000000056,9.590405405405406,False,False,False,dry,O2,97,1,1_7,none
1.297,11.982,15.253,20.04,201.913,89.838,500.675,4001.41,5030.925,5.039,91.768,30.014,51.19,405,500.698,106.858,3644.0,1323.0,359.0,71.599,52.056,0.969,2063.0,1.18e+16,9.34e+16,4.46e+17,3e+17,31997.033,103.555,924.0,149,979.0,39.82,0.23,132,1.490000000000009,5.2917424242424245,False,False,False,wet,H2O,49,1,1_6,none
0.701,13.914,15.026,20.15,204.466,90.127,500.979,4124.084,5108.305,5.006,91.219,29.936,32.033,365,560.601,108.033,3667.0,1598.0,419.0,71.292,52.032,0.995,2053.0,9770000000000000.0,1.22e+17,2.5e+17,3.01e+17,30986.087,106.441,872.0,155,989.27,38.05,0.22,98,-16.99000000000001,7.3162244897959186,False,False,False,wet,H2O,143,1,1_5,none
0.921,16.375,14.985,20.008,199.796,90.028,505.202,3922.24,5132.147,5.165,91.984,30.129,31.608,365,537.598,107.134,3628.0,1628.0,256.0,70.157,51.316,1.175,2109.0,1.15e+16,9.78e+16,6.65e+16,2.99e+17,32874.995,101.784,911.0,156,1114.72,32.8,0.4,90,-10.899999999999975,7.898888888888889,False,False,False,dry,O2,117,1,1_4,none
1.726,19.451,14.931,20.017,201.998,89.89,500.025,3981.775,4873.391,5.139,91.839,30.01,28.196,365,506.705,110.35,3644.0,1321.0,411.0,70.911,51.646,0.95,2071.0,1.76e+16,8.78e+16,6.01e+17,2.99e+17,32162.315,100.52,916.0,155,1062.36,39.43,0.15,128,-5.559999999999945,5.5121875,False,False,False,dry,O2,95,1,1_3,none
0.894,14.729,15.08,20.012,198.856,90.014,492.177,3960.694,5065.214,4.989,92.43,30.008,29.818,405,502.118,107.121,3657.0,1574.0,317.0,69.616,52.438,0.905,2023.0,9710000000000000.0,1.39e+17,3.84e+17,3.02e+17,31580.211,104.21,919.0,154,1218.18,31.86,0.07,137,3.289999999999964,5.085474452554744,False,False,False,wet,H2O,102,1,1_2,none
0.93,18.143,15.087,19.965,197.722,89.985,503.315,4047.457,4947.582,4.945,94.306,30.016,27.262,436,516.691,110.386,3674.0,1484.0,365.0,72.528,50.152,0.947,2059.0,1.26e+16,1.11e+17,6e+17,3.03e+17,30954.011,104.335,897.0,152,1098.09,29.02,0.47,149,-3.539999999999964,4.7217449664429525,False,False,False,dry,O2,104,1,1_14,none
1.478,16.042,15.095,20.074,199.787,90.138,496.265,4062.798,4931.28,4.942,94.054,30.084,43.707,405,472.778,110.393,3664.0,1490.0,447.0,71.59,51.019,1.071,2068.0,9520000000000000.0,4.84e+16,9.96e+17,2.99e+17,31603.447,106.004,910.0,156,1112.65,32.44,0.16,112,-3.57000000000005,6.281875,False,False,False,dry,O2,124,1,1_43,none
0.998,16.53,14.891,20.035,205.453,90.065,507.112,4054.677,4965.182,5.186,92.216,29.793,24.468,365,516.909,108.524,3679.0,1389.0,151.0,71.408,51.393,1.076,2021.0,1.45e+16,8.04e+16,3.24e+17,3e+17,31464.038,100.035,882.0,154,1143.04,35.59,0.2,74,-9.730000000000018,9.590945945945949,False,False,False,dry,O2,97,1,1_34,none
1.804,11.987,15.115,20.121,202.045,89.911,502.485,4001.107,5031.063,5.056,91.836,29.994,51.218,405,501.037,106.956,3644.0,1323.0,359.0,71.846,51.994,1.177,2063.0,1.18e+16,9.34e+16,4.46e+17,3e+17,31997.183,103.522,924.0,149,991.81,39.96,0.13,132,-20.639999999999983,5.459393939393939,False,False,False,wet,H2O,49,1,1_33,none
1.415,15.636,15.131,19.889,200.973,90.04,495.206,4033.846,4991.209,5.146,91.874,30.016,12.718,436,507.825,103.517,3642.0,1484.0,635.0,71.859,51.319,1.134,2081.0,1.6e+16,1.35e+17,6.72e+17,2.99e+17,30418.861,103.21,890.0,157,954.15,30.28,0.21,144,-20.620000000000005,5.004305555555556,False,False,False,dry,O2,200,7,7_18,Center
1.193,13.906,14.767,20.097,204.638,90.082,501.714,4124.303,5108.474,5.082,91.248,29.994,31.814,365,560.509,108.076,3667.0,1598.0,419.0,71.147,51.878,0.933,2053.0,9770000000000000.0,1.22e+17,2.5e+17,3.01e+17,30985.918,106.33,872.0,155,1002.18,37.94,0.06,98,-9.340000000000032,7.238163265306123,False,False,False,wet,H2O,143,1,1_32,none
1.445,16.329,15.066,20.066,199.671,90.208,505.319,3922.186,5131.914,5.015,91.744,29.755,31.603,365,537.595,107.19,3628.0,1628.0,256.0,70.3,51.348,0.899,2109.0,1.15e+16,9.78e+16,6.65e+16,2.99e+17,32874.814,101.758,911.0,156,1133.64,32.85,0.28,90,-8.299999999999955,7.869999999999999,False,False,False,dry,O2,116,1,1_31,none
1.328,19.193,15.008,19.999,202.035,89.991,499.845,3981.629,4873.374,5.101,91.757,30.175,28.142,365,506.675,110.304,3644.0,1321.0,411.0,71.018,51.849,1.069,2071.0,1.76e+16,8.78e+16,6.01e+17,2.99e+17,32162.328,100.73,916.0,155,1066.14,39.42,0.22,128,3.840000000000032,5.43875,False,False,False,dry,O2,95,1,1_30,none
1.038,14.673,15.03,20.087,198.708,89.9,492.277,3960.65,5065.113,5.05,92.396,29.936,29.52,405,501.899,107.027,3657.0,1574.0,317.0,69.587,52.044,1.118,2023.0,9710000000000000.0,1.39e+17,3.84e+17,3.02e+17,31580.193,104.254,919.0,154,1236.0,32.01,0.27,137,-8.370000000000005,5.170583941605839,False,False,False,wet,H2O,102,1,1_29,none
1.812,11.724,15.204,19.96,201.613,89.99,504.494,4014.793,5118.311,4.949,92.594,29.97,32.573,436,499.629,108.822,3687.0,1387.0,462.0,70.945,51.969,1.037,2028.0,1.3e+16,1.46e+17,6.7e+17,2.97e+17,30474.154,101.316,898.0,156,1126.39,36.87,0.16,101,-2.730000000000018,6.957722772277228,False,False,False,dry,O2,231,10,10_16,Loc
1.141,12.303,14.813,19.947,202.643,90.032,501.41,3956.98,5075.302,4.923,92.404,30.059,33.754,436,491.998,106.262,3653.0,1521.0,316.0,70.832,51.104,0.949,2084.0,1.29e+16,9.88e+16,2.29e+17,3.02e+17,31776.109,104.407,885.0,153,1099.89,28.66,0.15,291,3.57000000000005,2.393230240549828,False,False,False,wet,H2O,92,1,1_35,none
1.553,17.713,15.224,19.923,204.456,90.016,502.45,4071.7,5032.452,5.055,90.512,30.045,53.53,365,542.903,107.753,3692.0,1662.0,398.0,70.995,51.854,1.114,2034.0,1.15e+16,1.29e+17,8.39e+17,3.02e+17,32089.209,100.752,888.0,156,1184.95,35.61,0.24,32,-10.039999999999964,22.18875,False,False,False,dry,O2,221,11,11_28,Edge-Ring
1.912,13.537,14.972,20.043,202.119,89.884,503.308,4087.874,5099.78,4.917,92.474,29.776,61.896,405,506.292,108.991,3654.0,1425.0,294.0,71.697,51.24,1.033,2063.0,1.71e+16,1.37e+17,1.27e+18,3e+17,31692.41,104.502,906.0,156,1053.56,34.52,0.08,61,-12.950000000000044,11.687704918032788,False,False,False,dry,O2,86,1,1_36,none
2.044,11.555,15.238,19.869,200.876,90.086,501.659,4025.666,5049.804,4.711,91.314,29.971,41.358,405,499.518,109.683,3643.0,1603.0,466.0,70.024,50.935,1.066,2060.0,8350000000000000.0,2.65e+16,4.67e+17,3.01e+17,32927.634,106.724,898.0,158,1116.89,34.96,0.27,117,-25.899999999999977,6.204273504273504,False,False,False,wet,H2O,102,1,1_37,none
1.926,18.671,14.885,20.005,201.705,89.899,501.002,4036.916,5087.461,4.805,92.44,29.917,54.57,436,525.301,107.619,3667.0,1393.0,223.0,70.597,51.531,0.977,2021.0,1.74e+16,2.39e+16,9.6e+17,2.99e+17,31691.35,105.139,891.0,156,1091.54,32.53,0.17,87,10.92999999999995,7.920344827586208,False,False,False,dry,O2,72,1,1_38,none
0.998,12.14,15.036,19.87,200.605,89.89,501.741,4014.139,4947.381,5.044,93.538,30.191,31.391,436,488.555,111.053,3664.0,1377.0,562.0,71.103,51.0,1.1,2066.0,1.37e+16,8.91e+16,7.44e+17,3e+17,31200.974,105.475,906.0,153,1130.93,38.06,0.3,80,-8.769999999999982,8.859625,False,False,False,wet,H2O,215,1,1_39,Loc
1.545,15.197,15.014,20.043,199.127,89.942,497.126,3985.61,5137.657,5.167,91.597,30.011,23.971,405,478.605,107.172,3655.0,1597.0,416.0,69.904,50.978,1.062,2073.0,1.38e+16,1.22e+17,7.8e+17,3.03e+17,31655.132,104.535,898.0,151,1196.25,33.87,0.25,149,-16.029999999999973,4.805570469798657,False,False,False,dry,O2,89,1,1_40,none
1.135,18.323,15.001,20.043,197.581,89.999,500.086,4047.715,4947.696,5.085,94.317,29.966,27.227,436,516.817,110.401,3674.0,1484.0,365.0,72.759,50.204,0.963,2059.0,1.26e+16,1.11e+17,6e+17,3.03e+17,30953.851,104.193,897.0,152,1101.78,29.01,0.45,149,-3.5299999999999727,4.721677852348993,False,False,False,dry,O2,104,1,1_41,none
0.947,15.319,14.917,20.073,201.704,89.937,503.031,4068.656,5097.476,5.107,93.487,30.138,30.205,365,536.577,110.0,3689.0,1382.0,480.0,71.605,51.006,0.848,2033.0,1.06e+16,1.22e+16,3.96e+17,3.01e+17,31818.366,102.62,920.0,152,1031.15,33.74,0.21,55,-5.509999999999991,12.827454545454543,False,False,False,dry,O2,125,2,2_43,none
0.944,16.353,15.106,20.102,200.314,89.945,505.014,4004.971,5010.076,5.232,94.338,29.995,51.348,436,520.712,109.995,3680.0,1592.0,308.0,72.52,51.086,1.048,2029.0,1.23e+16,1.52e+17,6.81e+17,3.01e+17,32759.28,106.684,904.0,151,1140.27,34.01,0.23,-5,-21.110000000000014,,True,False,False,dry,O2,229,10,10_6,Center
0.845,19.205,14.805,19.927,200.608,89.922,501.275,4031.92,5025.687,4.942,92.253,30.174,51.165,436,516.111,108.446,3640.0,1624.0,324.0,71.176,52.024,0.965,2103.0,1.69e+16,9.4e+16,5.7e+17,3.01e+17,31391.379,106.212,911.0,159,1172.64,33.03,0.05,121,4.850000000000023,5.74504132231405,False,False,False,wet,H2O,97,2,2_44,none
1.996,15.827,15.059,20.004,204.116,90.033,502.41,4055.1,5069.972,4.993,93.241,30.079,34.189,436,556.959,107.721,3677.0,1528.0,419.0,70.98,51.758,1.273,2051.0,1.05e+16,1.83e+17,6.4e+17,3e+17,31655.946,106.078,892.0,151,1145.45,25.04,0.07,186,-9.269999999999982,3.813279569892473,False,False,False,wet,H2O,157,2,2_46,none
1.548,15.394,15.176,20.013,201.862,90.047,507.22,4001.325,4922.366,4.875,92.181,29.931,28.996,436,533.407,108.747,3648.0,1479.0,481.0,71.234,51.22,1.106,2062.0,1.22e+16,8.92e+16,1.19e+17,3e+17,31475.099,104.356,867.0,155,1188.9,32.19,0.37,178,-3.3999999999999773,3.951685393258427,False,False,False,wet,H2O,184,2,2_47,none
1.95,16.234,15.026,20.042,203.201,90.088,501.26,4054.609,5020.36,4.882,92.507,29.912,58.125,405,518.368,108.961,3672.0,1676.0,319.0,70.048,51.772,1.176,2050.0,1.01e+16,1.34e+17,5.19e+17,3.01e+17,32535.693,100.816,894.0,153,1232.9,30.9,0.17,135,6.029999999999973,5.140518518518519,False,False,False,dry,O2,128,2,2_48,none
2.032,15.51,15.079,19.903,199.628,90.188,503.341,3957.199,4987.425,5.227,89.908,30.034,50.136,405,511.126,107.308,3654.0,1499.0,411.0,72.192,50.742,1.125,2078.0,6900000000000000.0,7.73e+16,7.22e+17,3e+17,30855.243,104.202,891.0,151,1203.79,44.41,0.27,91,-12.059999999999944,7.824835164835164,False,False,False,dry,O2,171,2,2_49,none
0.883,15.646,15.152,19.968,203.232,90.0,501.353,4088.019,5063.692,5.06,92.095,29.745,48.3,436,534.744,108.038,3643.0,1407.0,339.0,70.181,50.291,0.921,2068.0,1.58e+16,7.24e+16,1.7e+17,3e+17,31108.331,102.298,871.0,159,1094.52,32.46,0.11,90,-7.450000000000045,7.860555555555556,False,False,False,wet,H2O,59,2,2_50,none
1.319,15.194,15.1,19.958,198.064,90.201,501.034,4025.271,4974.734,5.07,92.031,30.104,47.278,365,500.084,108.163,3635.0,1375.0,237.0,70.455,49.961,0.938,2087.0,9800000000000000.0,1.17e+17,9.72e+17,2.99e+17,31638.96,105.798,920.0,157,1156.28,37.43,0.29,86,-6.899999999999977,8.219767441860466,False,False,False,dry,O2,42,2,2_51,none
1.313,15.051,14.943,19.951,200.936,90.098,501.666,4036.771,5089.465,4.817,94.439,29.943,49.093,436,511.056,109.335,3663.0,1485.0,272.0,70.841,50.987,1.028,2053.0,6710000000000000.0,1.33e+17,5.45e+17,3.01e+17,32033.242,103.89,905.0,152,1075.41,35.29,0.37,56,-14.659999999999968,12.761785714285711,False,False,False,dry,O2,94,2,2_52,none
1.08,17.893,15.074,20.058,201.955,89.934,497.027,4013.986,4966.439,4.997,91.714,30.057,41.374,365,522.032,108.787,3651.0,1374.0,616.0,70.378,50.534,0.971,2073.0,1.28e+16,7.66e+16,5.94e+17,2.99e+17,31929.447,102.618,893.0,154,1055.07,39.83,0.12,126,2.2999999999999545,5.537301587301588,False,False,False,wet,H2O,114,2,2_53,none
1.434,19.459,15.034,20.006,197.949,90.044,500.178,3985.604,4933.858,5.011,92.46,29.892,46.204,436,499.861,107.547,3688.0,1678.0,387.0,72.424,51.631,1.003,2017.0,1.78e+16,7.44e+16,7.06e+17,3.01e+17,32769.019,101.96,898.0,155,1173.36,38.62,0.39,107,-16.710000000000036,6.698224299065421,False,False,False,dry,O2,157,2,2_54,none
2.097,14.127,15.125,20.002,195.557,90.048,501.842,4061.294,4970.796,4.898,91.175,30.063,51.288,436,540.756,107.907,3646.0,1474.0,208.0,70.845,51.781,0.846,2091.0,6160000000000000.0,1.62e+17,5.93e+17,3.01e+17,32378.333,104.592,900.0,150,993.77,35.35,0.3,125,0.3099999999999454,5.59752,False,False,False,wet,H2O,62,2,2_45,none
1.352,19.289,14.989,19.998,200.393,90.025,501.292,4031.97,5025.865,4.791,92.372,29.947,51.121,436,515.986,108.33,3640.0,1624.0,324.0,71.037,52.294,1.031,2103.0,1.69e+16,9.4e+16,5.7e+17,3.01e+17,31391.08,106.277,911.0,159,1154.1,33.18,0.12,121,5.059999999999945,5.743305785123967,False,False,False,wet,H2O,97,2,2_17,none
0.889,14.034,14.919,20.301,198.428,90.085,497.283,4012.638,5045.032,4.974,90.361,29.89,53.663,365,540.96,107.668,3664.0,1523.0,169.0,70.359,51.499,1.142,2044.0,1.63e+16,2.13e+17,4.6e+17,3.02e+17,31711.084,105.331,930.0,152,1183.32,34.63,0.35,41,-12.610000000000014,17.380731707317075,False,False,False,dry,O2,89,5,5_44,none
1.733,12.842,15.177,19.996,204.345,89.88,501.289,4014.5,4827.174,5.045,92.397,29.849,56.107,365,496.446,108.081,3659.0,1347.0,181.0,70.834,51.425,1.003,2044.0,4150000000000000.0,8.83e+16,8.99e+17,3e+17,31707.207,104.396,903.0,153,1194.62,28.83,0.23,150,-3.2200000000000277,4.688133333333334,False,False,False,dry,O2,75,5,5_46,none
1.145,17.186,14.75,19.978,203.218,89.918,496.569,3965.109,5068.278,4.973,89.769,30.019,14.936,405,523.165,106.025,3661.0,1508.0,230.0,70.745,51.748,0.846,2045.0,6970000000000000.0,1.18e+17,7.58e+17,3e+17,31921.319,103.077,889.0,156,1182.67,34.7,0.21,199,-9.450000000000044,3.5650753768844226,False,False,False,wet,H2O,104,5,5_47,none
1.224,12.691,14.919,19.94,195.562,90.085,501.65,4026.433,5014.438,4.982,90.746,29.918,45.678,365,535.372,108.285,3662.0,1313.0,220.0,72.779,51.22,0.975,2037.0,1.1e+16,1.5e+17,1.82e+17,3e+17,31234.482,103.356,883.0,153,1005.03,35.86,0.18,143,-11.740000000000007,4.977202797202797,False,False,False,dry,O2,85,5,5_48,none
1.854,14.784,15.118,20.007,196.391,90.032,495.906,4007.103,4980.222,4.994,93.86,30.028,29.538,405,582.86,109.496,3634.0,1525.0,609.0,71.071,50.666,1.062,2117.0,1.29e+16,5.57e+16,7.69e+17,3e+17,30801.573,104.56,932.0,157,963.41,35.52,0.18,100,18.49000000000001,6.8151,False,False,False,wet,H2O,127,5,5_49,none
1.784,14.693,14.973,19.886,196.443,90.128,500.283,3913.464,5001.779,4.922,91.467,29.916,23.359,405,526.887,105.335,3657.0,1458.0,307.0,71.228,51.534,0.922,2043.0,1.33e+16,8.73e+16,8.71e+17,3.01e+17,33282.937,100.853,896.0,154,1185.49,34.86,0.24,158,-10.360000000000014,4.495949367088608,False,False,False,wet,H2O,96,5,5_50,none
1.849,15.998,14.838,19.802,197.614,89.985,502.275,3993.316,5074.184,5.23,90.67,29.942,46.013,436,492.934,109.262,3641.0,1461.0,537.0,71.033,50.809,1.05,2051.0,1.52e+16,9.85e+16,7.52e+17,2.99e+17,31856.067,102.213,914.0,153,1175.5,30.8,0.03,131,10.659999999999968,5.2621374045801526,False,False,False,wet,H2O,127,5,5_51,none
0.993,14.598,14.871,19.946,197.987,89.839,503.501,4022.258,4918.484,4.862,90.985,30.175,41.159,405,523.47,106.494,3636.0,1597.0,248.0,71.099,51.131,1.048,2078.0,7860000000000000.0,6.5e+16,5.64e+17,3.01e+17,31565.696,104.19,904.0,158,1028.17,33.82,0.07,67,-9.559999999999944,10.59044776119403,False,False,False,wet,H2O,59,5,5_52,none
1.068,14.251,15.09,20.144,204.351,90.078,500.245,4093.817,5013.807,5.052,93.558,29.843,49.265,365,502.478,107.16,3658.0,1433.0,345.0,70.383,51.524,1.285,2055.0,1.17e+16,5.35e+16,8.55e+17,3.01e+17,31155.445,104.141,888.0,153,1150.63,31.06,0.13,31,9.360000000000014,22.278709677419357,False,False,False,dry,O2,50,5,5_45,none
1.423,16.926,14.74,19.999,197.135,90.035,498.557,3980.024,5070.347,4.988,91.255,30.172,33.107,365,514.551,108.066,3624.0,1521.0,501.0,71.71,50.871,0.931,2088.0,1.07e+16,9.39e+16,2.81e+17,3e+17,32130.89,105.248,879.0,155,1101.38,33.99,0.36,35,-14.279999999999973,20.408,False,False,False,wet,H2O,111,5,5_53,none
1.6,18.08,15.068,20.09,202.02,90.03,503.772,3944.258,4956.366,5.04,91.892,29.885,53.839,436,510.205,106.296,3682.0,1456.0,392.0,69.849,50.9,0.917,2032.0,1.47e+16,1.43e+17,7.34e+17,3.02e+17,30703.723,101.218,880.0,155,965.92,34.12,0.16,143,3.3899999999999864,4.871398601398601,False,False,False,dry,O2,167,4,4_8,none
0.834,16.503,14.995,20.035,194.984,89.965,495.153,4002.082,5009.937,4.925,89.223,30.028,39.88,365,573.065,107.425,3675.0,1510.0,308.0,71.435,51.547,1.095,2042.0,1.1e+16,9.53e+16,4.36e+17,2.99e+17,30499.834,99.295,898.0,153,1189.01,27.39,0.33,145,-13.470000000000027,4.92048275862069,False,False,False,wet,H2O,169,4,4_7,none
0.275,15.136,15.242,19.941,193.069,89.946,500.086,4104.251,5050.659,4.84,93.303,30.064,42.609,405,519.674,108.308,3635.0,1520.0,110.0,70.481,51.383,0.921,2081.0,1.06e+16,4.98e+16,4.15e+17,3.02e+17,30826.023,104.069,903.0,154,987.59,32.13,0.21,84,-16.629999999999995,8.531309523809524,False,False,False,wet,H2O,35,4,4_6,none
1.605,15.749,15.038,20.061,202.173,90.045,502.753,4052.683,4994.908,4.833,91.676,29.797,55.013,405,523.907,104.883,3656.0,1612.0,298.0,71.367,51.318,1.008,2059.0,1.18e+16,1.07e+17,7.45e+17,3.02e+17,31931.04,104.066,884.0,156,1042.43,37.13,0.27,89,2.990000000000009,7.8315730337078655,False,False,False,dry,O2,102,4,4_5,none
1.283,15.174,15.004,20.04,197.545,89.995,497.574,3980.996,5002.505,4.955,92.92,29.927,40.385,405,530.036,107.646,3631.0,1413.0,386.0,70.924,51.983,0.94,2070.0,3940000000000000.0,7.71e+16,5.76e+17,3.02e+17,33163.632,102.913,905.0,154,1115.97,30.9,0.22,122,-9.730000000000018,5.8174590163934425,False,False,False,dry,O2,60,4,4_4,none
0.858,16.47,14.945,20.116,201.633,90.167,500.625,4083.42,4976.928,4.923,92.462,30.058,34.414,436,498.902,107.461,3625.0,1410.0,39.0,72.223,50.128,0.997,2095.0,6880000000000000.0,1.21e+17,7.21e+17,3e+17,31635.04,104.634,914.0,155,1088.42,36.24,0.26,53,-14.91999999999996,13.489056603773584,False,False,False,dry,O2,33,4,4_3,none
1.661,15.492,14.95,20.079,201.126,89.968,500.131,4136.563,5019.054,4.912,93.154,29.917,31.86,405,561.108,106.38,3677.0,1687.0,351.0,72.38,50.835,1.046,2055.0,1.05e+16,1.09e+17,4.54e+17,2.99e+17,33029.24,103.781,873.0,154,1037.11,29.55,0.3,172,-31.49000000000001,4.252848837209302,False,False,False,dry,O2,144,4,4_2,none
0.721,15.428,14.981,19.948,195.31,90.034,500.323,4046.414,4869.091,4.976,93.747,29.803,53.325,405,505.716,110.388,3666.0,1601.0,340.0,69.8,50.965,1.045,2043.0,6780000000000000.0,9.95e+16,7.23e+17,3.01e+17,32300.718,104.089,888.0,154,1053.68,30.74,0.06,85,-13.759999999999993,8.397176470588235,False,False,False,wet,H2O,140,4,4_1,none
0.908,14.906,15.045,19.838,197.738,89.907,495.555,3991.452,4936.359,5.058,92.758,29.838,30.559,436,522.092,106.222,3661.0,1553.0,302.0,69.223,51.35,0.905,2044.0,1.21e+16,9.47e+16,4.77e+17,3e+17,32248.658,100.661,921.0,156,1092.03,32.41,0.16,41,4.139999999999986,16.97219512195122,False,False,False,dry,O2,72,5,5_54,none
1.5,13.401,14.874,19.896,202.059,89.94,498.538,4014.114,5026.908,4.963,92.478,30.121,30.9,436,491.944,108.547,3630.0,1507.0,285.0,71.19,50.652,1.13,2088.0,9160000000000000.0,1.49e+17,8.97e+17,2.98e+17,31900.566,102.154,861.0,153,1218.1,30.94,0.16,74,-11.440000000000056,9.614054054054057,False,False,False,dry,O2,78,4,4_44,none
0.591,17.209,14.846,19.928,200.675,90.008,501.225,4069.719,5048.713,4.938,94.587,30.065,30.105,365,505.33,108.673,3647.0,1476.0,278.0,70.819,50.698,1.081,2061.0,3990000000000000.0,1.2e+17,1.21e+17,2.99e+17,31856.743,102.306,883.0,156,1189.81,37.54,0.09,36,-15.710000000000036,19.88083333333333,False,False,False,dry,O2,98,5,5_42,none
1.847,16.67,14.989,19.955,197.649,90.075,500.492,4057.435,5067.73,5.032,91.868,30.078,45.937,365,493.452,107.322,3665.0,1615.0,308.0,71.468,50.751,0.908,2054.0,1.69e+16,-2.38e+16,9.24e+17,3.02e+17,32179.066,103.398,890.0,158,1119.51,38.22,0.21,44,-6.970000000000027,16.0675,False,False,True,dry,O2,140,4,4_12,none
1.56,14.618,15.357,19.965,199.628,90.105,503.085,4065.547,4999.271,5.142,94.595,30.007,39.95,436,478.794,109.12,3646.0,1300.0,261.0,70.101,50.785,1.013,2077.0,1.03e+16,9.43e+16,3.09e+17,2.99e+17,31500.594,101.585,888.0,154,950.79,34.87,0.18,48,-14.519999999999982,14.885833333333332,False,False,False,dry,O2,64,4,4_11,none
1.03,16.03,14.924,20.078,195.705,90.026,504.006,4022.683,5101.403,4.998,89.74,30.069,60.253,405,499.66,105.518,3690.0,1494.0,515.0,71.417,51.105,1.06,2004.0,1.35e+16,1.13e+17,6.37e+17,3e+17,31924.538,104.484,902.0,155,1065.53,35.89,0.13,137,-19.58000000000004,5.252408759124088,False,False,False,wet,H2O,214,4,4_10,Edge-Loc
1.287,14.836,15.011,20.104,197.129,89.974,503.123,4061.188,4931.624,5.226,92.362,29.789,39.526,405,528.116,110.307,3662.0,1416.0,488.0,70.842,51.702,1.139,2051.0,2.11e+16,1.2e+17,1.18e+18,3.04e+17,32324.753,103.726,872.0,153,1035.24,35.11,0.32,16,-11.490000000000007,44.468125,False,False,False,dry,O2,110,4,4_9,none
1.288,18.436,15.125,19.897,201.338,90.022,503.948,4035.306,5026.402,5.003,90.729,29.926,23.114,436,518.346,111.253,3654.0,1761.0,431.0,71.755,50.683,1.067,2059.0,8470000000000000.0,8.05e+16,3.84e+17,2.98e+17,32034.404,104.97,896.0,158,1065.86,40.42,0.22,77,3.580000000000041,9.044415584415583,False,False,False,wet,H2O,156,5,5_28,none
1.722,13.258,15.023,19.794,198.795,90.033,500.152,3952.498,5015.835,5.199,92.395,29.983,54.447,365,503.639,109.576,3672.0,1508.0,542.0,70.358,50.106,0.977,2031.0,1.65e+16,1.04e+17,6.93e+17,3.01e+17,32403.729,105.127,912.0,154,989.59,28.3,0.02,117,-18.19000000000005,6.138376068376068,False,False,False,wet,H2O,200,5,5_29,Loc
1.308,15.113,15.046,20.239,197.009,89.975,500.564,3972.261,5077.515,4.984,91.285,29.943,21.779,365,577.241,108.068,3663.0,1558.0,139.0,68.684,51.013,0.923,2059.0,1.13e+16,7.23e+16,7.26e+17,3e+17,31560.58,105.758,875.0,154,1033.75,25.28,0.13,128,-3.1000000000000227,5.49296875,False,False,False,wet,H2O,92,5,5_30,none
1.342,15.158,15.008,19.968,200.842,89.983,494.976,4017.089,5119.203,4.918,90.309,30.153,44.74,436,533.777,107.368,3670.0,1358.0,478.0,69.614,51.341,1.052,2034.0,1.99e+16,9.9e+16,7.62e+17,3.02e+17,29604.279,104.098,916.0,153,1170.46,31.97,0.24,138,-11.779999999999973,5.157826086956521,False,False,False,dry,O2,116,5,5_31,none
0.073,16.727,14.997,19.898,200.001,89.912,501.493,3981.725,5045.606,5.103,92.253,29.788,48.064,405,513.727,106.209,3655.0,1485.0,385.0,72.138,50.835,1.087,2079.0,1970000000000000.0,1.16e+17,8.71e+17,2.99e+17,32050.571,101.927,894.0,155,1077.29,32.0,0.37,162,3.419999999999959,4.2998765432098764,False,False,False,wet,H2O,94,5,5_43,none
1.817,16.744,14.928,20.122,196.127,90.034,499.242,4072.965,5022.067,4.812,93.524,30.109,47.408,405,518.358,107.253,3662.0,1552.0,489.0,70.023,51.316,0.847,2040.0,1.33e+16,1.36e+17,1.09e+17,3e+17,31732.065,103.613,880.0,156,993.5,34.93,0.18,127,-8.080000000000041,5.575433070866142,False,False,False,dry,O2,203,5,5_32,Edge-Loc
1.978,15.061,14.988,20.097,198.939,90.09,493.284,4045.103,5011.702,5.088,93.206,30.023,33.687,365,500.407,108.793,3688.0,1560.0,315.0,70.961,51.234,1.091,2054.0,8740000000000000.0,1.33e+16,3.1e+17,3e+17,32187.38,102.418,914.0,153,998.35,33.68,0.16,72,3.7799999999999727,9.669722222222225,False,False,False,wet,H2O,151,5,5_34,none
1.095,16.438,15.364,19.998,201.944,89.756,499.538,4010.081,5021.02,5.119,93.37,29.819,54.891,365,489.797,107.179,3671.0,1605.0,121.0,69.243,51.911,0.986,2046.0,1.28e+16,6.2e+16,6.87e+17,3.02e+17,30856.616,103.404,877.0,156,1132.41,34.72,-0.06,127,-8.269999999999982,5.576929133858267,True,False,False,wet,H2O,79,5,5_35,none
0.701,11.852,14.906,20.056,202.181,90.028,501.83,4018.667,5027.531,5.082,91.966,29.939,56.604,405,498.265,109.681,3672.0,1662.0,289.0,71.294,51.872,0.985,2040.0,9600000000000000.0,3.85e+16,4.08e+17,2.98e+17,32041.997,104.088,917.0,154,925.75,34.04,0.2,53,-9.409999999999968,13.385094339622642,False,False,False,dry,O2,117,5,5_36,none
2.242,21.587,15.147,20.119,197.8,89.821,502.384,4126.59,5006.159,4.891,90.463,30.032,40.564,436,548.166,108.638,3691.0,1464.0,421.0,69.542,50.752,0.889,2008.0,1.38e+16,8.86e+16,7.73e+17,3.01e+17,31289.493,103.053,912.0,154,1221.96,33.86,0.2,72,-20.649999999999977,10.009027777777778,False,False,False,wet,H2O,119,5,5_37,none
1.86,15.322,14.906,19.98,204.752,90.036,507.032,4085.758,4983.435,4.916,92.461,29.759,63.732,365,508.062,108.106,3683.0,1593.0,580.0,69.814,50.856,0.979,2032.0,1.3e+16,3.71e+16,1e+18,3.01e+17,32524.681,101.207,903.0,154,1041.47,31.34,0.15,28,-27.519999999999985,25.982857142857146,False,False,False,dry,O2,235,5,5_38,Edge-Loc
1.002,15.318,15.148,20.158,205.198,90.234,501.297,4057.596,5098.863,5.215,91.792,29.876,45.87,365,495.561,110.395,3684.0,1320.0,298.0,71.517,52.05,0.886,2020.0,1.28e+16,6.14e+16,6.9e+17,2.99e+17,32057.343,101.505,910.0,162,1024.03,34.51,0.43,46,-4.899999999999977,15.32391304347826,False,False,False,dry,O2,126,5,5_39,none
0.953,13.858,15.154,20.032,199.546,90.041,503.495,4075.258,4973.59,4.893,92.309,29.915,32.542,405,513.556,104.665,3602.0,1489.0,220.0,70.492,50.246,1.068,2135.0,6990000000000000.0,1.25e+17,2.2e+17,3.03e+17,32900.645,103.6,913.0,156,1118.83,33.87,-0.03,130,-4.32000000000005,5.417846153846154,True,False,False,wet,H2O,62,5,5_40,none
1.724,16.311,15.061,20.025,195.391,89.868,501.4,4029.946,5083.959,5.009,91.252,30.022,28.904,436,528.047,108.557,3653.0,1376.0,28.0,69.488,50.834,1.102,2064.0,1.26e+16,7.82e+16,1.23e+17,3.01e+17,31640.689,105.115,918.0,153,1161.53,38.92,0.09,145,-10.799999999999956,4.902068965517241,False,False,False,wet,H2O,39,5,5_41,none
1.529,13.633,15.025,19.986,198.273,89.934,501.183,4084.905,4947.783,5.211,93.733,29.893,27.358,365,520.579,106.628,3699.0,1507.0,551.0,70.866,51.147,1.096,1985.0,1.24e+16,1.89e+16,2.82e+17,3.01e+17,31858.706,102.634,893.0,150,1087.61,46.16,0.3,145,-8.190000000000055,4.884068965517241,False,False,False,dry,O2,168,5,5_33,none
1.195,15.017,15.121,20.151,198.034,89.964,503.459,4036.888,5071.184,5.04,90.169,29.942,57.202,365,538.257,107.258,3663.0,1495.0,382.0,71.195,50.493,1.028,2064.0,1.26e+16,1.16e+17,6.68e+17,3.01e+17,32346.184,103.431,908.0,156,882.83,44.55,0.33,74,-13.450000000000044,9.641216216216216,False,False,False,dry,O2,64,4,4_43,none
1.317,13.675,15.033,20.258,203.728,89.894,502.213,4025.335,4946.102,5.043,93.088,30.085,22.391,405,489.211,110.414,3684.0,1469.0,242.0,71.396,51.016,1.128,2032.0,1.58e+16,1.39e+17,1.06e+18,3.01e+17,32446.211,100.713,885.0,154,1066.18,33.65,0.17,70,-5.9500000000000455,10.085,False,False,False,wet,H2O,115,4,4_42,none
1.252,16.909,14.945,20.074,202.508,90.01,500.35,4088.06,4932.49,4.9,91.634,30.117,53.584,405,536.301,105.999,3675.0,1488.0,388.0,71.137,51.663,0.977,2052.0,9250000000000000.0,1.27e+17,4.65e+17,2.99e+17,31478.739,100.561,899.0,153,1107.99,37.89,0.25,67,-19.159999999999968,10.733731343283582,False,False,False,wet,H2O,110,4,4_41,none
1.802,15.162,15.079,20.038,204.585,90.047,498.876,4085.766,4983.424,4.9,92.445,29.989,63.756,365,508.038,108.012,3683.0,1593.0,580.0,70.07,50.736,0.992,2032.0,1.3e+16,3.71e+16,1e+18,3.01e+17,32524.718,101.216,903.0,154,1026.99,31.24,0.05,28,-27.519999999999985,25.982857142857146,False,False,False,dry,O2,235,5,5_11,Edge-Loc
1.193,15.2,15.019,19.913,205.257,89.889,502.943,4057.545,5098.829,5.191,92.046,29.761,45.789,365,495.61,110.345,3684.0,1320.0,298.0,71.636,52.042,1.016,2020.0,1.28e+16,6.14e+16,6.9e+17,2.99e+17,32057.532,101.348,910.0,162,1019.92,34.79,0.19,46,-5.039999999999964,15.32695652173913,False,False,False,dry,O2,126,5,5_12,none
0.907,13.886,15.048,20.01,199.426,90.185,505.055,4075.459,4973.512,5.072,92.451,30.029,32.404,405,513.65,104.777,3602.0,1489.0,220.0,70.512,50.472,1.019,2135.0,6990000000000000.0,1.25e+17,2.2e+17,3.03e+17,32900.65,103.61,913.0,156,1107.5,33.87,0.36,130,-4.360000000000014,5.418153846153846,False,False,False,wet,H2O,62,5,5_13,none
1.783,16.454,14.852,19.948,195.132,90.066,499.828,4030.078,5083.868,4.765,91.024,30.127,29.05,436,528.045,108.674,3653.0,1376.0,28.0,69.253,50.833,1.112,2064.0,1.26e+16,7.82e+16,1.23e+17,3.01e+17,31640.509,105.199,918.0,153,1150.03,39.12,0.3,145,-10.909999999999968,4.902827586206897,False,False,False,wet,H2O,39,5,5_14,none
0.626,17.373,14.93,20.109,200.714,90.043,501.855,4069.666,5048.753,4.801,94.642,29.804,29.951,365,505.126,108.89,3647.0,1476.0,278.0,70.864,50.67,1.055,2061.0,3990000000000000.0,1.2e+17,1.21e+17,2.99e+17,31856.659,102.342,883.0,156,1182.29,37.41,0.24,36,-15.990000000000007,19.88861111111111,False,False,False,dry,O2,98,5,5_15,none
0.323,16.427,14.925,19.98,199.919,90.141,501.758,3981.678,5045.537,4.868,92.348,29.857,47.678,405,513.945,106.133,3655.0,1485.0,385.0,71.98,51.112,1.041,2079.0,1970000000000000.0,1.16e+17,8.71e+17,2.99e+17,32050.621,102.085,894.0,155,1061.32,31.99,0.17,162,3.519999999999982,4.29925925925926,False,False,False,wet,H2O,94,5,5_16,none
0.645,14.105,15.004,19.902,198.554,89.835,504.84,4012.584,5045.051,5.161,90.486,29.856,53.474,365,540.924,107.75,3664.0,1523.0,169.0,70.585,51.77,1.152,2044.0,1.63e+16,2.13e+17,4.6e+17,3.02e+17,31710.972,105.126,930.0,152,1181.3,34.71,0.24,41,-12.779999999999973,17.384878048780486,False,False,False,dry,O2,89,5,5_17,none
1.562,14.496,14.952,19.915,199.39,90.062,500.613,4094.027,5014.004,4.952,93.597,30.22,49.331,365,502.092,107.422,3658.0,1433.0,345.0,70.325,51.434,1.139,2055.0,1.17e+16,5.35e+16,8.55e+17,3.01e+17,31155.37,104.192,888.0,153,1148.84,31.15,0.41,31,9.350000000000025,22.279032258064515,False,False,False,dry,O2,50,5,5_18,none
2.142,21.403,15.064,20.022,197.699,89.98,502.94,4126.586,5006.324,5.155,90.633,29.88,40.441,436,548.07,108.682,3691.0,1464.0,421.0,69.859,50.879,1.137,2008.0,1.38e+16,8.86e+16,7.73e+17,3.01e+17,31289.39,102.956,912.0,154,1202.98,33.8,0.17,72,-4.25,9.78125,False,False,False,wet,H2O,119,5,5_10,none
1.456,12.578,15.0,19.978,201.915,89.887,505.021,4014.508,4826.953,4.685,92.334,30.098,56.032,365,496.488,108.158,3659.0,1347.0,181.0,70.964,51.549,1.023,2044.0,4150000000000000.0,8.83e+16,8.99e+17,3e+17,31707.328,104.339,903.0,153,1187.93,28.79,0.18,150,-3.2999999999999545,4.688666666666666,False,False,False,dry,O2,75,5,5_19,none
1.686,12.935,15.043,19.961,196.74,89.976,498.326,4026.612,5014.584,5.205,90.885,29.917,45.603,365,535.363,108.16,3662.0,1313.0,220.0,72.875,51.111,1.17,2037.0,1.1e+16,1.5e+17,1.82e+17,3e+17,31234.283,103.577,883.0,153,999.3,36.05,0.13,143,-11.769999999999982,4.977412587412587,False,False,False,dry,O2,85,5,5_21,none
1.012,14.693,15.084,19.978,195.171,89.97,500.974,4006.975,4980.261,4.959,94.055,29.837,29.64,405,583.062,109.371,3634.0,1525.0,609.0,71.067,50.432,1.15,2117.0,1.29e+16,5.57e+16,7.69e+17,3e+17,30801.814,104.622,932.0,157,960.32,35.54,0.22,100,18.730000000000015,6.8127,False,False,False,wet,H2O,127,5,5_22,none
1.367,14.616,15.032,20.006,200.774,90.054,504.648,3913.51,5001.677,5.052,91.411,29.866,23.159,405,526.821,105.313,3657.0,1458.0,307.0,71.18,51.537,0.973,2043.0,1.33e+16,8.73e+16,8.71e+17,3.01e+17,33283.136,100.922,896.0,154,1165.94,34.91,0.18,158,-10.460000000000036,4.4965822784810126,False,False,False,wet,H2O,96,5,5_23,none
0.604,15.815,15.179,20.011,198.693,89.936,503.102,3993.171,5074.12,5.187,90.729,29.968,46.064,436,492.71,109.4,3641.0,1461.0,537.0,71.139,50.668,1.022,2051.0,1.52e+16,9.85e+16,7.52e+17,2.99e+17,31856.097,101.88,914.0,153,1164.83,30.72,0.28,131,10.740000000000007,5.261526717557252,False,False,False,wet,H2O,127,5,5_24,none
1.75,14.562,15.045,20.025,205.571,89.954,499.74,4022.188,4918.634,5.074,91.095,30.084,41.17,405,523.431,106.676,3636.0,1597.0,248.0,71.22,51.12,1.094,2078.0,7860000000000000.0,6.5e+16,5.64e+17,3.01e+17,31566.069,104.199,904.0,158,1022.68,33.92,-0.03,67,-9.490000000000007,10.589402985074628,True,False,False,wet,H2O,59,5,5_25,none
1.225,16.761,14.965,19.858,200.953,89.943,500.584,3979.992,5070.414,5.117,91.486,30.026,33.016,365,514.443,108.242,3624.0,1521.0,501.0,71.545,50.914,0.959,2088.0,1.07e+16,9.39e+16,2.81e+17,3e+17,32131.086,105.327,879.0,155,1095.47,33.98,0.19,35,-14.129999999999995,20.403714285714287,False,False,False,wet,H2O,111,5,5_26,none
1.1,15.212,14.94,20.046,202.591,90.02,504.907,3991.499,4936.641,5.091,92.787,29.943,30.658,436,522.468,106.144,3661.0,1553.0,302.0,69.297,51.337,0.992,2044.0,1.21e+16,9.47e+16,4.77e+17,3e+17,32248.686,100.557,921.0,156,1080.37,32.42,0.38,41,4.169999999999959,16.971463414634147,False,False,False,dry,O2,71,5,5_27,none
1.654,17.193,14.728,19.987,197.402,90.014,501.77,3965.052,5068.119,5.127,89.962,30.078,14.79,405,522.886,106.089,3661.0,1508.0,230.0,70.796,51.734,0.985,2045.0,6970000000000000.0,1.18e+17,7.58e+17,3e+17,31921.313,103.06,889.0,156,1181.79,34.79,0.16,199,-9.480000000000018,3.5652261306532664,False,False,False,wet,H2O,104,5,5_20,none
0.671,11.889,14.964,19.868,202.404,89.918,505.66,4018.675,5027.502,4.965,91.888,30.064,56.712,405,498.544,109.305,3672.0,1662.0,289.0,71.423,51.682,1.075,2040.0,9600000000000000.0,3.85e+16,4.08e+17,2.98e+17,32041.97,104.011,917.0,154,922.74,34.07,0.2,53,-20.769999999999985,13.59943396226415,False,False,False,dry,O2,117,5,5_9,none
0.974,16.355,14.967,19.973,201.887,89.905,499.381,3942.369,5021.109,4.967,93.301,29.831,54.832,365,489.592,107.212,3671.0,1605.0,121.0,69.459,52.08,0.866,2046.0,1.28e+16,6.2e+16,6.87e+17,3.02e+17,30856.718,103.094,877.0,156,1118.67,34.87,0.21,127,-6.1200000000000045,5.56,False,False,False,wet,H2O,79,5,5_8,none
1.752,14.941,14.897,19.927,198.944,90.087,501.515,4038.876,5011.662,4.835,93.244,30.045,33.663,365,500.339,108.906,3688.0,1560.0,315.0,70.685,50.975,1.059,2054.0,8740000000000000.0,1.33e+16,3.1e+17,3e+17,32187.235,102.464,914.0,153,979.63,33.88,0.15,72,-11.42999999999995,9.88097222222222,False,False,False,wet,H2O,151,5,5_7,none
1.172,15.241,15.157,20.007,202.165,90.122,496.013,3957.256,5041.467,4.735,90.931,30.031,38.903,405,502.875,106.693,3635.0,1296.0,181.0,71.203,50.872,1.108,2077.0,9470000000000000.0,1.05e+17,5.93e+17,3e+17,30475.947,103.157,912.0,154,1138.02,28.29,0.44,94,-17.049999999999955,7.628191489361701,False,False,False,wet,H2O,56,4,4_40,none
1.734,16.597,15.031,19.9,197.44,89.915,501.63,4054.332,5067.525,5.014,91.832,29.961,46.022,365,493.802,107.274,3665.0,1615.0,308.0,71.057,50.593,1.063,2054.0,1.69e+16,-2.38e+16,9.24e+17,3.02e+17,32179.215,103.428,890.0,158,1125.46,38.13,0.22,44,-7.0499999999999545,16.06931818181818,False,False,True,dry,O2,140,4,4_39,none
1.733,14.712,15.26,20.185,202.765,89.86,496.476,4001.393,4999.173,5.096,94.712,29.904,39.958,436,478.788,109.032,3646.0,1300.0,261.0,71.339,50.633,1.082,2077.0,1.03e+16,9.43e+16,3.09e+17,2.99e+17,31500.484,101.676,888.0,154,955.95,35.04,0.07,48,-14.629999999999995,14.888125,False,False,False,dry,O2,64,4,4_38,none
0.883,16.102,14.885,20.143,202.995,89.911,501.522,4022.839,5101.288,5.018,89.625,30.126,60.083,405,499.748,105.626,3690.0,1494.0,515.0,71.192,51.108,1.017,2004.0,1.35e+16,1.13e+17,6.37e+17,3e+17,31924.631,104.402,902.0,155,1085.65,35.9,0.13,137,-19.549999999999955,5.252189781021897,False,False,False,wet,H2O,214,4,4_37,Edge-Loc
1.2,14.612,15.162,20.024,202.481,90.064,500.07,4061.163,4931.642,5.27,92.232,29.977,39.62,405,528.307,110.079,3662.0,1416.0,488.0,71.218,51.69,1.116,2051.0,2.11e+16,1.2e+17,1.18e+18,3.04e+17,32324.745,103.646,872.0,153,1052.61,35.03,0.04,16,-11.299999999999956,44.45625,False,False,False,dry,O2,110,4,4_36,none
1.453,18.341,14.89,20.094,203.071,89.939,497.06,3944.274,4956.535,4.828,91.798,29.906,54.016,436,510.174,106.029,3682.0,1456.0,392.0,71.105,50.733,1.037,2032.0,1.47e+16,1.43e+17,7.34e+17,3.02e+17,30703.586,101.1,880.0,155,981.21,34.17,0.23,143,3.5,4.870629370629371,False,False,False,dry,O2,167,4,4_35,none
0.712,16.574,15.148,20.088,202.018,89.963,501.725,4001.877,5009.884,5.074,89.46,29.945,40.059,365,573.183,107.447,3675.0,1510.0,308.0,71.281,51.629,1.039,2042.0,1.1e+16,9.53e+16,4.36e+17,2.99e+17,30499.942,99.427,898.0,153,1202.66,27.45,0.31,145,-13.730000000000018,4.9222758620689655,False,False,False,wet,H2O,169,4,4_34,none
1.964,15.101,15.141,20.02,198.854,89.955,500.929,4104.222,5050.527,5.044,93.398,30.025,42.541,405,519.641,108.575,3635.0,1520.0,110.0,71.289,51.388,1.142,2081.0,1.06e+16,4.98e+16,4.15e+17,3.02e+17,30826.138,103.885,903.0,154,992.81,32.12,0.33,84,-16.75,8.532738095238095,False,False,False,wet,H2O,35,4,4_33,none
1.743,15.636,15.04,19.849,198.442,90.214,501.566,4052.749,4994.961,4.939,91.776,29.959,55.02,405,523.937,105.089,3656.0,1612.0,298.0,71.204,51.416,0.941,2059.0,1.18e+16,1.07e+17,7.45e+17,3.02e+17,31931.021,103.892,884.0,156,1052.13,37.21,0.19,89,3.059999999999945,7.830786516853933,False,False,False,dry,O2,102,4,4_32,none
1.415,15.269,15.103,20.005,199.098,90.054,503.434,3980.814,5002.542,5.072,92.856,30.008,40.412,405,529.964,107.934,3631.0,1413.0,386.0,71.271,51.943,1.2,2070.0,3940000000000000.0,7.71e+16,5.76e+17,3.02e+17,33163.815,102.907,905.0,154,1121.8,30.81,0.23,122,-9.759999999999993,5.817704918032787,False,False,False,dry,O2,60,4,4_31,none
1.141,16.407,15.046,19.911,197.761,90.008,501.245,4083.306,4977.124,5.006,92.541,29.996,34.451,436,498.889,107.136,3625.0,1410.0,39.0,71.092,50.085,0.97,2095.0,6880000000000000.0,1.21e+17,7.21e+17,3e+17,31635.059,104.827,914.0,155,1099.47,36.03,0.37,53,-14.710000000000036,13.485094339622645,False,False,False,dry,O2,33,4,4_30,none
1.662,15.366,14.93,20.065,197.607,89.962,507.199,4136.676,5019.072,4.997,92.959,29.971,32.03,405,561.214,106.325,3677.0,1687.0,351.0,72.454,50.82,1.171,2055.0,1.05e+16,1.09e+17,4.54e+17,2.99e+17,33029.114,104.005,873.0,154,1052.42,29.36,0.31,172,-31.33000000000004,4.251918604651163,False,False,False,dry,O2,144,4,4_29,none
1.128,15.25,14.966,19.924,197.175,89.997,502.343,4046.656,4869.086,4.953,93.835,29.969,53.31,405,505.801,110.421,3666.0,1601.0,340.0,70.039,51.017,0.827,2043.0,6780000000000000.0,9.95e+16,7.23e+17,3.01e+17,32300.699,104.19,888.0,154,1059.98,30.88,0.11,85,-13.58000000000004,8.395058823529412,False,False,False,wet,H2O,140,4,4_28,none
1.229,18.222,15.111,20.018,201.369,89.92,499.658,3943.815,5026.443,4.968,90.821,29.923,23.219,436,518.184,111.316,3654.0,1761.0,431.0,71.701,50.522,0.988,2059.0,8470000000000000.0,8.05e+16,3.84e+17,2.98e+17,32034.77,104.714,896.0,158,1062.48,40.64,0.3,77,3.5499999999999545,9.044805194805196,False,False,False,wet,H2O,156,5,5_1,none
1.718,13.162,15.024,20.021,198.7,89.927,504.973,4029.237,5015.877,5.03,92.479,30.022,54.341,365,503.839,109.365,3672.0,1508.0,542.0,70.293,50.176,1.021,2031.0,1.65e+16,1.04e+17,6.93e+17,3.01e+17,32403.899,104.962,912.0,154,980.53,28.26,0.17,117,-18.159999999999968,6.138119658119658,False,False,False,wet,H2O,200,5,5_2,Loc
1.174,14.939,14.871,20.177,197.303,90.027,497.026,3964.725,5077.499,4.976,91.237,29.908,21.783,365,577.057,108.108,3663.0,1558.0,139.0,68.86,51.239,1.298,2059.0,1.13e+16,7.23e+16,7.26e+17,3e+17,31560.774,105.982,875.0,154,1029.04,25.44,0.17,128,-3.230000000000018,5.493984375,False,False,False,wet,H2O,93,5,5_3,none
1.214,15.204,14.992,20.113,201.034,89.919,499.544,3978.713,5119.257,5.2,90.181,30.04,44.809,436,533.658,107.479,3670.0,1358.0,478.0,69.631,51.279,0.917,2034.0,1.99e+16,9.9e+16,7.62e+17,3.02e+17,29604.293,104.173,916.0,153,1169.66,32.18,0.19,138,-11.659999999999968,5.15695652173913,False,False,False,dry,O2,116,5,5_4,none
1.631,16.791,14.999,19.912,196.0,89.988,502.492,4049.094,5022.101,5.064,93.352,29.963,47.318,405,518.583,107.253,3662.0,1552.0,489.0,70.034,51.498,1.176,2040.0,1.33e+16,1.36e+17,1.09e+17,3e+17,31732.283,103.53,880.0,156,988.17,34.83,0.13,127,-8.019999999999982,5.57496062992126,False,False,False,dry,O2,203,5,5_5,Edge-Loc
1.301,13.499,14.903,19.999,198.097,89.976,503.109,4042.078,4947.74,5.015,93.489,30.192,27.232,365,520.585,106.894,3699.0,1507.0,551.0,70.906,51.243,1.081,1985.0,1.24e+16,1.89e+16,2.82e+17,3.01e+17,31858.887,102.731,893.0,150,1077.65,45.85,0.17,145,-4.649999999999977,4.859655172413793,False,False,False,dry,O2,168,5,5_6,none
1.22,15.445,15.106,20.035,202.246,90.103,499.193,4026.077,5041.475,4.958,90.792,30.116,39.087,405,502.773,106.772,3635.0,1296.0,181.0,70.171,51.017,1.061,2077.0,9470000000000000.0,1.05e+17,5.93e+17,3e+17,30475.728,103.483,912.0,154,1130.33,28.33,0.25,94,-17.190000000000055,7.6296808510638305,False,False,False,wet,H2O,56,4,4_13,none
1.172,16.415,14.92,19.908,202.257,89.855,505.245,4096.114,4932.426,4.894,91.719,29.859,53.534,405,536.207,105.839,3675.0,1488.0,388.0,71.466,51.642,1.013,2052.0,9250000000000000.0,1.27e+17,4.65e+17,2.99e+17,31478.564,100.509,899.0,153,1101.64,37.86,0.32,67,-19.200000000000045,10.734328358208955,False,False,False,wet,H2O,110,4,4_14,none
0.977,14.981,15.234,20.056,198.151,89.837,500.572,4016.098,5071.27,5.087,90.181,30.028,57.062,365,538.226,107.388,3663.0,1495.0,382.0,72.579,50.527,0.959,2064.0,1.26e+16,1.16e+17,6.68e+17,3.01e+17,32346.206,103.213,908.0,156,875.66,44.51,0.24,74,-13.440000000000056,9.64108108108108,False,False,False,dry,O2,64,4,4_16,none
0.905,15.43,15.227,19.777,194.586,89.773,502.383,3978.708,5044.506,4.945,92.174,30.14,41.226,436,510.479,105.563,3673.0,1532.0,361.0,71.054,50.963,0.937,2028.0,1.75e+16,1.73e+17,7.73e+17,3.01e+17,32507.129,102.659,889.0,159,1071.65,33.74,0.23,89,-12.220000000000027,8.00247191011236,False,False,False,dry,O2,121,4,4_51,none
1.086,15.175,14.873,20.012,197.721,90.015,499.317,4056.078,4900.287,5.001,94.24,29.973,40.192,436,520.267,107.202,3655.0,1412.0,254.0,70.022,50.477,1.084,2093.0,7300000000000000.0,5.36e+16,5.48e+17,3.01e+17,31858.093,103.969,916.0,153,977.07,28.72,0.32,51,-9.779999999999973,13.917254901960783,False,False,False,wet,H2O,40,4,4_52,none
1.192,16.029,14.898,20.296,205.987,90.145,505.902,4029.16,5034.705,5.024,90.597,30.078,37.411,365,492.227,108.914,3666.0,1494.0,331.0,70.325,51.892,0.966,2063.0,7650000000000000.0,1.34e+17,9.58e+17,3e+17,30998.064,103.731,905.0,155,1214.6,31.63,0.15,141,-20.44000000000005,5.109503546099291,False,False,False,dry,O2,79,4,4_53,none
1.082,18.621,14.646,19.984,203.65,90.078,494.817,3971.239,4989.143,4.992,93.553,30.223,46.063,436,494.536,108.974,3657.0,1519.0,413.0,71.462,52.077,0.975,2076.0,7700000000000000.0,1.17e+17,9.96e+17,3e+17,31665.738,102.16,916.0,155,1133.73,39.89,0.06,82,-7.32000000000005,8.625853658536586,False,False,False,wet,H2O,146,4,4_54,none
1.504,13.069,15.207,19.907,205.831,89.94,502.54,3985.677,4960.347,5.05,92.312,30.021,48.324,436,544.949,109.891,3681.0,1434.0,301.0,70.947,51.348,0.965,2042.0,1.68e+16,1.26e+17,3.54e+17,3.01e+17,32261.536,103.01,898.0,155,1071.05,29.19,0.1,82,-1.0499999999999543,8.549390243902439,False,False,False,dry,O2,102,4,4_50,none
1.341,18.013,14.976,20.007,199.032,89.958,502.361,4071.628,5190.046,4.969,92.198,30.058,35.135,405,539.015,109.033,3648.0,1373.0,389.0,68.328,51.024,1.199,2059.0,9570000000000000.0,1.21e+17,5.31e+17,3.01e+17,31425.324,101.193,877.0,155,1023.09,30.34,0.26,96,-22.42999999999995,7.525312499999999,False,False,False,dry,O2,95,4,4_49,none
1.835,17.731,14.981,19.911,197.513,89.983,498.397,3955.143,4927.775,5.011,94.042,30.044,35.929,436,506.777,109.751,3660.0,1584.0,405.0,71.038,50.111,1.006,2072.0,1.88e+16,1.91e+17,6.98e+17,3.02e+17,32022.92,104.38,907.0,155,1132.52,40.99,-0.01,83,2.2799999999999727,8.406265060240964,True,False,False,wet,H2O,102,4,4_47,none
1.264,13.319,14.898,20.072,202.095,90.058,505.888,4062.704,4917.112,5.154,90.528,29.929,49.281,365,519.938,106.763,3632.0,1385.0,373.0,68.632,51.092,0.899,2112.0,1.06e+16,1.33e+17,7.14e+17,3.01e+17,30933.397,101.028,898.0,155,1052.88,38.22,0.18,95,-13.210000000000036,7.5074736842105265,False,False,False,dry,O2,68,4,4_48,none
0.867,15.718,14.722,20.009,199.424,90.071,495.438,3985.512,5047.665,5.06,94.45,29.774,53.543,405,489.57,106.631,3686.0,1295.0,334.0,72.554,51.034,0.895,2002.0,1.71e+16,1.23e+17,5.05e+17,2.99e+17,32067.904,104.887,916.0,154,1037.11,36.1,0.25,116,-12.110000000000014,6.138879310344827,False,False,False,dry,O2,201,4,4_45,Edge-Loc
1.364,13.31,15.142,19.924,195.044,90.055,494.55,4047.636,5026.556,5.115,92.746,30.16,38.195,405,507.812,108.317,3668.0,1411.0,357.0,72.183,50.802,1.028,2052.0,1.58e+16,1.02e+17,1.2e+18,3.03e+17,31575.618,101.283,916.0,149,1054.19,33.49,0.08,80,-1.580000000000041,8.76975,False,False,False,dry,O2,110,4,4_46,none
1.11,18.597,14.966,20.007,203.704,90.173,494.155,3975.559,4989.285,4.867,93.696,30.091,46.001,436,494.507,109.026,3657.0,1519.0,413.0,71.217,51.928,1.015,2076.0,7700000000000000.0,1.17e+17,9.96e+17,3e+17,31665.494,102.112,916.0,155,1118.91,39.91,0.14,82,-7.309999999999945,8.625731707317073,False,False,False,wet,H2O,146,4,4_27,none
0.892,16.033,14.944,19.963,205.883,89.935,503.574,4023.217,5034.729,5.021,90.598,29.948,37.397,365,492.374,108.781,3666.0,1494.0,331.0,70.227,51.94,0.995,2063.0,7650000000000000.0,1.34e+17,9.58e+17,3e+17,30997.96,103.629,905.0,155,1210.79,31.8,0.18,141,-20.480000000000015,5.109787234042553,False,False,False,dry,O2,79,4,4_26,none
0.71,15.545,15.052,20.016,194.364,90.124,497.2,4093.226,5044.526,5.037,92.124,30.028,41.419,436,510.414,105.916,3673.0,1532.0,361.0,70.978,50.892,1.194,2028.0,1.75e+16,1.73e+17,7.73e+17,3.01e+17,32507.378,102.728,889.0,159,1058.25,33.65,0.16,89,-12.389999999999986,8.00438202247191,False,False,False,dry,O2,121,4,4_24,none
1.499,12.935,15.127,20.194,205.843,90.003,499.762,4022.059,4960.326,5.025,92.147,30.136,48.153,436,545.102,109.979,3681.0,1434.0,301.0,70.785,51.448,1.003,2042.0,1.68e+16,1.26e+17,3.54e+17,3.01e+17,32261.754,102.803,898.0,155,1058.48,29.22,0.3,82,-0.8600000000000136,8.547073170731707,False,False,False,dry,O2,102,4,4_23,none
1.582,17.891,14.924,19.758,199.113,90.029,496.499,4010.031,5190.171,4.862,92.266,29.991,35.075,405,538.722,109.077,3648.0,1373.0,389.0,68.242,50.913,1.165,2059.0,9570000000000000.0,1.21e+17,5.31e+17,3.01e+17,31425.336,101.218,877.0,155,1022.07,30.39,0.18,96,-22.50999999999999,7.526145833333333,False,False,False,dry,O2,95,4,4_22,none
1.377,13.369,14.999,20.014,202.288,90.112,501.358,3975.308,4917.295,4.966,90.471,30.005,49.071,365,520.079,106.777,3632.0,1385.0,373.0,68.366,51.106,0.989,2112.0,1.06e+16,1.33e+17,7.14e+17,3.01e+17,30933.359,101.068,898.0,155,1049.5,37.99,0.22,95,-13.029999999999973,7.505578947368421,False,False,False,dry,O2,68,4,4_21,none
1.797,17.607,15.151,20.095,197.552,90.11,499.064,3988.126,4927.467,4.973,93.851,30.043,35.915,436,506.603,109.822,3660.0,1584.0,405.0,70.787,50.457,1.013,2072.0,1.88e+16,1.91e+17,6.98e+17,3.02e+17,32022.854,104.311,907.0,155,1113.05,40.96,0.18,83,2.419999999999959,8.404578313253012,False,False,False,wet,H2O,102,4,4_20,none
1.356,13.326,15.062,20.007,194.805,89.905,496.549,4031.198,5026.513,5.102,92.759,29.81,38.095,405,508.048,108.48,3668.0,1411.0,357.0,72.318,50.851,0.995,2052.0,1.58e+16,1.02e+17,1.2e+18,3.03e+17,31575.603,101.232,916.0,149,1041.52,33.41,0.08,80,-1.5199999999999818,8.769,False,False,False,dry,O2,110,4,4_19,none
0.798,15.607,14.822,19.952,199.568,89.998,497.895,4096.598,5047.995,5.0,94.527,29.95,53.694,405,489.352,106.672,3686.0,1295.0,334.0,72.797,51.033,1.034,2002.0,1.71e+16,1.23e+17,5.05e+17,2.99e+17,32068.18,104.902,916.0,154,1019.55,36.15,0.24,116,-12.100000000000025,6.138793103448276,False,False,False,dry,O2,201,4,4_18,Edge-Loc
1.39,13.381,14.758,19.84,202.078,90.138,500.332,4040.177,5026.858,5.152,92.499,29.919,31.074,436,491.859,108.443,3630.0,1507.0,285.0,72.423,50.627,0.872,2088.0,9160000000000000.0,1.49e+17,8.97e+17,2.98e+17,31900.471,102.239,861.0,153,1199.18,30.84,0.22,74,-11.529999999999973,9.615270270270267,False,False,False,dry,O2,78,4,4_17,none
1.094,15.079,14.837,20.046,197.831,90.076,497.711,4015.672,4900.179,4.95,94.122,30.108,40.401,436,520.17,107.278,3655.0,1412.0,254.0,69.927,50.252,1.087,2093.0,7300000000000000.0,5.36e+16,5.48e+17,3.01e+17,31857.867,104.064,916.0,153,959.62,28.7,0.3,51,-9.809999999999944,13.9178431372549,False,False,False,wet,H2O,40,4,4_25,none
1.453,13.867,15.219,20.066,203.569,90.019,499.144,4031.812,4946.113,4.887,93.017,30.053,22.397,405,489.039,110.495,3684.0,1469.0,242.0,71.441,50.832,0.899,2032.0,1.58e+16,1.39e+17,1.06e+18,3.01e+17,32446.0,100.616,885.0,154,1058.03,33.65,0.26,70,-5.629999999999996,10.080428571428572,False,False,False,wet,H2O,115,4,4_15,none
1.234,14.821,15.108,19.994,200.074,90.082,503.489,4055.991,5003.623,4.808,91.703,29.872,34.844,436,508.557,106.813,3664.0,1427.0,323.0,69.943,50.813,0.997,2021.0,1.5e+16,1.06e+17,6.14e+17,3e+17,31606.818,103.649,903.0,156,1062.85,36.84,0.15,160,-9.67999999999995,4.435499999999999,False,False,False,dry,O2,98,3,3_34,none
0.879,18.689,14.992,20.059,206.07,89.947,502.188,3978.554,5071.908,5.122,92.059,30.013,35.443,436,524.105,107.543,3645.0,1695.0,333.0,70.187,51.292,1.217,2081.0,1.37e+16,1.03e+17,9.18e+17,2.98e+17,30821.062,103.139,895.0,157,1142.37,29.85,0.15,105,-15.409999999999968,6.813428571428571,False,False,False,dry,O2,121,3,3_33,none
1.917,12.74,14.757,19.981,199.561,89.858,500.349,3985.644,5053.067,4.962,92.092,29.969,32.587,365,543.888,108.171,3657.0,1466.0,433.0,69.414,51.916,0.97,2067.0,1.2e+16,1.31e+17,2.83e+17,3e+17,33101.5,100.784,866.0,150,1099.09,48.51,0.24,205,-11.350000000000025,3.47,False,False,False,wet,H2O,102,3,3_32,none
1.978,13.386,14.939,19.916,198.484,90.026,496.04,4071.468,4920.262,4.934,90.971,29.993,57.628,405,512.018,109.099,3650.0,1466.0,479.0,71.173,51.274,1.056,2091.0,3420000000000000.0,8.51e+16,6.48e+17,3.01e+17,31522.955,102.03,873.0,154,1133.17,26.28,0.12,118,-12.629999999999995,6.039237288135594,False,False,False,dry,O2,227,3,3_31,Edge-Loc
1.847,16.175,15.016,19.92,201.861,89.984,501.848,4062.842,4976.388,4.94,91.38,29.856,37.541,405,543.103,109.92,3614.0,1455.0,417.0,70.555,51.491,0.938,2103.0,1.11e+16,1.06e+17,2.61e+17,3.02e+17,31065.965,103.648,897.0,151,1216.37,31.65,0.17,64,-9.42999999999995,11.08484375,False,False,False,wet,H2O,76,3,3_30,none
1.351,17.853,14.654,20.013,198.452,89.875,496.406,3955.395,5026.711,5.003,90.936,29.978,19.625,365,482.526,105.826,3659.0,1546.0,683.0,71.466,51.846,1.01,2058.0,1.2e+16,4.77e+16,1.15e+18,3e+17,32326.871,102.231,901.0,154,942.12,40.14,0.14,86,-10.480000000000018,8.26139534883721,False,False,False,dry,O2,190,3,3_29,none
1.107,13.702,14.906,19.984,199.911,90.073,501.452,4047.353,4940.965,5.044,93.223,30.056,51.098,436,472.842,106.547,3678.0,1557.0,248.0,71.972,51.751,0.875,2005.0,1.14e+16,6.87e+16,3.72e+17,3.01e+17,32331.186,102.736,923.0,157,1150.58,38.48,-0.04,96,-14.91999999999996,7.447083333333333,True,False,False,dry,O2,115,3,3_28,none
0.991,15.614,15.109,19.947,198.773,90.085,498.574,4029.212,4962.096,5.063,91.016,29.971,61.614,405,524.445,108.796,3649.0,1426.0,483.0,69.642,50.122,1.048,2075.0,8640000000000000.0,1.19e+17,4.65e+17,3.01e+17,31189.094,104.054,909.0,153,1044.73,31.6,0.34,116,-6.730000000000018,6.0925,False,False,False,wet,H2O,99,3,3_35,none
1.334,15.084,15.137,20.051,198.002,90.034,501.684,3914.007,4939.468,4.881,91.535,30.112,37.734,405,496.583,108.432,3636.0,1445.0,395.0,72.863,51.547,0.938,2128.0,7090000000000000.0,1.19e+17,2.57e+17,2.99e+17,33158.678,104.003,917.0,149,1015.98,44.35,0.31,218,-10.850000000000025,3.2607798165137614,False,False,False,dry,O2,88,3,3_54,none
1.507,18.372,14.993,20.021,197.273,90.063,501.267,4031.898,5023.757,5.178,91.732,30.028,38.149,405,551.446,109.495,3647.0,1604.0,394.0,70.018,51.126,0.927,2094.0,1.68e+16,1.61e+17,7e+17,3e+17,31463.083,104.686,909.0,154,1084.95,30.4,0.1,77,-15.769999999999982,9.295714285714286,False,False,False,wet,H2O,127,3,3_53,none
1.019,15.075,15.104,19.954,197.941,89.94,493.252,4108.648,5013.588,5.074,89.325,29.97,53.538,405,493.351,110.301,3673.0,1501.0,203.0,71.103,51.94,0.852,2047.0,1.06e+16,8.87e+16,6.52e+16,2.99e+17,32328.077,101.74,868.0,153,1074.11,29.85,0.1,114,-15.960000000000036,6.280350877192983,False,False,False,dry,O2,79,3,3_52,none
1.981,16.652,14.945,19.928,197.637,89.975,501.03,3987.479,4999.93,4.776,91.007,29.895,44.583,436,504.547,110.232,3654.0,1526.0,278.0,72.107,51.294,1.089,2059.0,1.14e+16,1.48e+17,3.09e+17,3.02e+17,31177.823,102.841,897.0,154,1019.0,34.9,0.27,210,-19.090000000000032,3.4242380952380955,False,False,False,wet,H2O,121,3,3_51,none
2.004,13.44,15.213,19.986,196.512,89.904,499.14,3979.648,4956.817,5.194,91.101,29.962,54.183,365,517.25,109.865,3674.0,1711.0,278.0,70.837,51.101,0.949,2057.0,1.42e+16,9.19e+16,9.93e+17,3.01e+17,31476.928,102.555,891.0,153,1152.73,37.43,0.17,166,-13.759999999999993,4.299759036144578,False,False,False,dry,O2,160,3,3_50,none
1.808,12.328,14.987,19.91,196.305,90.019,494.927,4021.058,4975.405,5.238,92.092,30.191,63.19,365,511.78,107.015,3639.0,1469.0,224.0,71.008,51.394,1.183,2063.0,1.02e+16,7.55e+16,3.73e+17,3.01e+17,32229.4,103.341,904.0,158,993.61,39.63,0.23,136,-0.2799999999999727,5.149117647058823,False,False,False,wet,H2O,87,3,3_49,none
1.911,16.086,14.846,19.827,195.51,89.913,500.489,4099.025,4984.05,5.164,89.541,30.007,48.349,436,496.693,105.697,3653.0,1522.0,538.0,70.556,51.436,1.09,2070.0,1.18e+16,1.52e+17,8.65e+17,3.01e+17,31818.943,100.91,865.0,150,1100.94,41.35,0.16,82,-3.1299999999999955,8.574756097560975,False,False,False,dry,O2,113,3,3_48,none
0.828,15.558,15.479,20.16,200.36,90.117,495.152,3971.024,5073.171,4.788,91.752,30.026,35.87,405,514.438,107.226,3668.0,1497.0,222.0,71.227,50.318,1.042,2055.0,1.39e+16,7.18e+16,8.51e+17,3.01e+17,31897.072,102.72,878.0,154,1005.85,39.14,0.14,104,-2.8899999999999864,6.758557692307692,False,False,False,wet,H2O,75,3,3_36,none
1.886,13.928,14.893,19.934,201.518,90.169,498.203,3952.511,4928.5,5.192,93.453,29.893,63.073,436,520.416,110.076,3627.0,1324.0,687.0,70.984,50.71,1.168,2072.0,1.14e+16,1.35e+17,8.02e+17,3.01e+17,30703.061,100.956,899.0,153,1134.52,38.68,0.05,209,-0.3799999999999954,3.3511004784689,False,False,False,dry,O2,87,3,3_38,none
1.693,17.92,14.852,20.012,198.504,89.925,497.587,3924.818,5026.656,4.887,90.99,29.921,19.385,365,482.456,105.919,3659.0,1546.0,683.0,71.477,51.798,1.103,2058.0,1.2e+16,4.77e+16,1.15e+18,3e+17,32326.942,102.264,901.0,154,935.73,40.45,0.25,86,-10.539999999999964,8.262093023255813,False,False,False,dry,O2,190,3,3_2,none
0.852,13.944,14.912,19.84,199.894,89.879,505.332,3954.92,4941.105,4.928,93.282,29.858,50.988,436,472.863,106.409,3678.0,1557.0,248.0,72.212,51.66,1.053,2005.0,1.14e+16,6.87e+16,3.72e+17,3.01e+17,32331.143,102.729,923.0,157,1136.28,38.5,0.27,96,-15.100000000000025,7.448958333333334,False,False,False,dry,O2,115,3,3_1,none
1.385,15.584,14.918,19.902,202.232,90.124,494.402,4035.34,4960.114,5.0,91.271,29.972,54.157,436,510.622,106.847,3677.0,1551.0,479.0,70.24,50.038,1.025,2036.0,8870000000000000.0,1.6e+17,5.29e+17,3e+17,31251.806,101.399,878.0,157,1101.37,38.52,0.28,241,-14.730000000000018,2.9656846473029046,False,False,False,dry,O2,181,3,3_37,none
0.846,15.727,14.962,19.994,204.367,90.028,504.31,3998.7,5129.893,5.182,91.837,30.011,36.303,436,550.004,110.418,3668.0,1448.0,499.0,71.349,51.344,0.951,2049.0,1.41e+16,1.26e+17,8.18e+17,3.01e+17,31633.166,100.678,899.0,153,1164.07,31.4,0.33,81,-18.159999999999968,8.866172839506172,False,False,False,wet,H2O,115,3,3_46,none
1.026,15.564,14.824,19.814,204.39,89.947,494.938,4033.409,5054.001,5.04,91.567,30.082,48.735,365,545.922,108.911,3670.0,1470.0,405.0,70.941,51.327,1.034,2054.0,9180000000000000.0,1.28e+17,1.93e+17,3e+17,31178.443,103.181,911.0,154,1115.31,37.44,0.14,68,6.3700000000000045,10.200441176470587,False,False,False,wet,H2O,142,3,3_45,none
0.529,11.679,14.881,20.03,200.309,90.042,505.708,4010.319,5008.148,5.128,91.954,30.069,33.63,405,527.621,108.628,3664.0,1395.0,146.0,71.14,50.911,1.093,2054.0,9850000000000000.0,1.23e+17,3.05e+17,3e+17,32189.603,101.728,878.0,155,1097.76,31.2,0.3,29,-13.470000000000027,24.602413793103448,False,False,False,dry,O2,95,3,3_44,none
2.281,19.286,14.867,19.968,198.74,90.026,499.509,4045.103,5027.335,4.85,93.072,30.078,45.373,365,499.725,108.657,3639.0,1529.0,309.0,71.497,50.585,1.034,2063.0,8910000000000000.0,8.34e+16,6.88e+17,2.99e+17,31431.399,104.006,893.0,155,1136.8,35.75,0.18,170,-3.620000000000005,4.138941176470588,False,False,False,dry,O2,70,3,3_43,none
1.281,12.774,15.055,19.981,209.67,89.979,502.177,4085.008,4945.76,5.003,93.019,29.917,26.749,436,524.557,107.636,3689.0,1459.0,574.0,69.793,51.819,1.114,2008.0,1.11e+16,8.26e+16,1.18e+18,2.99e+17,29985.85,103.617,877.0,154,1132.71,30.9,0.23,156,-16.950000000000045,4.595833333333333,False,False,False,dry,O2,193,3,3_42,none
0.709,15.524,14.924,20.047,201.199,90.058,502.685,4072.831,4915.26,5.209,95.59,30.069,42.056,405,508.034,109.482,3644.0,1456.0,189.0,71.54,50.757,1.133,2072.0,1.21e+16,1.42e+17,5.14e+17,3.03e+17,31988.933,98.547,881.0,155,974.56,28.61,0.16,0,0.5900000000000318,,True,False,False,dry,O2,99,3,3_41,none
0.696,12.923,15.04,20.224,198.897,89.91,502.347,4017.257,5071.739,4.999,93.293,29.988,52.922,405,461.062,108.552,3613.0,1553.0,367.0,70.389,53.398,0.967,2074.0,8400000000000000.0,5.27e+16,8.01e+17,3e+17,32066.396,99.989,925.0,154,983.17,35.38,0.15,81,-9.809999999999944,8.763086419753085,False,False,False,dry,O2,84,3,3_40,none
1.227,15.423,14.895,19.971,196.297,89.982,505.741,3972.502,5124.549,5.192,93.499,29.767,32.472,405,510.272,107.694,3671.0,1567.0,285.0,71.769,51.961,1.035,2039.0,1.31e+16,6.11e+16,1.08e+18,3.03e+17,30325.453,103.902,912.0,157,1170.45,35.6,0.19,125,-8.909999999999968,5.671279999999999,False,False,False,dry,O2,155,3,3_39,none
2.217,14.49,15.144,19.941,203.187,89.871,500.03,3977.044,5061.713,4.957,89.982,30.131,52.141,436,496.782,109.461,3663.0,1312.0,169.0,70.304,51.91,0.937,2061.0,9760000000000000.0,5.8e+16,7.55e+17,3e+17,31321.916,102.595,901.0,157,1000.64,34.84,0.18,109,-8.649999999999977,6.50137614678899,False,False,False,dry,O2,64,3,3_47,none
1.212,19.448,14.888,20.137,198.156,90.027,504.749,3886.246,4933.772,4.975,92.614,30.016,46.187,436,499.431,107.613,3688.0,1678.0,387.0,72.424,51.779,1.029,2017.0,1.78e+16,7.44e+16,7.06e+17,3.01e+17,32769.005,101.98,898.0,155,1163.04,38.47,0.26,107,-16.66999999999996,6.69785046728972,False,False,False,dry,O2,157,2,2_27,none
1.435,17.795,15.112,20.33,201.899,89.965,500.426,4004.465,4966.472,4.855,91.784,29.999,41.309,365,522.102,108.673,3651.0,1374.0,616.0,70.442,50.282,1.024,2073.0,1.28e+16,7.66e+16,5.94e+17,2.99e+17,31929.651,102.562,893.0,154,1035.87,39.93,0.28,126,2.519999999999982,5.535555555555556,False,False,False,wet,H2O,114,2,2_26,none
0.707,14.97,15.03,20.029,201.007,90.07,503.26,3957.567,5089.499,5.129,94.717,30.035,48.908,436,511.09,109.483,3663.0,1485.0,272.0,70.956,50.976,1.089,2053.0,6710000000000000.0,1.33e+17,5.45e+17,3.01e+17,32033.14,103.969,905.0,152,1070.57,35.28,0.23,56,-14.75,12.763392857142858,False,False,False,dry,O2,94,2,2_25,none
0.743,15.326,14.991,20.125,197.909,90.047,502.109,3948.549,4974.739,5.166,92.037,30.076,47.233,365,500.122,108.082,3635.0,1375.0,237.0,70.329,50.011,1.131,2087.0,9800000000000000.0,1.17e+17,9.72e+17,2.99e+17,31638.811,105.797,920.0,157,1139.64,37.22,0.37,86,-6.659999999999968,8.216976744186047,False,False,False,dry,O2,41,2,2_24,none
0.941,15.441,15.006,20.055,203.366,89.928,495.498,4108.308,5063.7,4.907,92.027,30.062,48.271,436,534.786,108.25,3643.0,1407.0,339.0,70.132,50.403,1.032,2068.0,1.58e+16,7.24e+16,1.7e+17,3e+17,31108.429,102.109,871.0,159,1080.38,32.48,0.22,90,-7.460000000000036,7.860666666666667,False,False,False,wet,H2O,59,2,2_23,none
1.185,15.685,14.922,20.158,199.959,90.202,497.658,4003.762,4987.513,5.159,89.972,29.998,50.329,405,511.275,107.375,3654.0,1499.0,411.0,72.069,50.72,0.862,2078.0,6900000000000000.0,7.73e+16,7.22e+17,3e+17,30855.511,104.192,891.0,151,1189.23,44.51,0.23,91,-12.07000000000005,7.824945054945055,False,False,False,dry,O2,171,2,2_22,none
1.381,16.421,14.944,19.786,203.405,90.012,502.937,3892.164,5020.372,4.808,92.586,29.936,58.26,405,518.44,108.983,3672.0,1676.0,319.0,70.022,51.84,0.902,2050.0,1.01e+16,1.34e+17,5.19e+17,3.01e+17,32535.711,100.922,894.0,153,1225.83,30.97,0.18,135,6.110000000000014,5.139925925925926,False,False,False,dry,O2,128,2,2_21,none
1.911,15.55,15.341,19.965,201.906,90.041,500.447,4080.832,4922.314,5.02,92.258,29.866,29.122,436,533.336,108.554,3648.0,1479.0,481.0,70.896,51.106,1.037,2062.0,1.22e+16,8.92e+16,1.19e+17,3e+17,31475.005,104.346,867.0,155,1183.68,32.22,0.17,178,-3.3600000000000136,3.9514606741573033,False,False,False,wet,H2O,183,2,2_20,none
1.559,15.985,14.899,20.038,204.088,90.078,504.793,4055.084,5070.222,5.24,93.427,29.846,34.179,436,556.815,107.857,3677.0,1528.0,419.0,71.124,51.831,1.063,2051.0,1.05e+16,1.83e+17,6.4e+17,3e+17,31655.915,106.282,892.0,151,1141.65,24.99,0.13,186,-9.269999999999982,3.813279569892473,False,False,False,wet,H2O,157,2,2_19,none
1.195,14.182,15.116,20.087,195.87,89.946,502.097,4061.28,4970.778,4.888,91.403,29.955,51.056,436,540.87,107.938,3646.0,1474.0,208.0,70.607,51.912,1.105,2091.0,6160000000000000.0,1.62e+17,5.93e+17,3.01e+17,32378.314,104.607,900.0,150,984.58,35.15,0.12,125,0.4099999999999681,5.59672,False,False,False,wet,H2O,62,2,2_18,none
1.682,16.11,15.049,20.099,201.822,89.83,496.299,4037.699,4976.312,5.03,91.347,30.104,37.587,405,543.222,110.012,3614.0,1455.0,417.0,70.6,51.479,1.04,2103.0,1.11e+16,1.06e+17,2.61e+17,3.02e+17,31065.991,103.449,897.0,151,1209.65,31.59,0.19,64,-9.5,11.0859375,False,False,False,wet,H2O,76,3,3_3,none
1.956,13.232,15.178,19.92,198.267,90.076,499.413,3960.945,4920.106,4.913,91.1,30.014,57.747,405,512.227,109.233,3650.0,1466.0,479.0,70.806,51.281,0.841,2091.0,3420000000000000.0,8.51e+16,6.48e+17,3.01e+17,31523.04,102.13,873.0,154,1118.51,26.26,0.15,118,-12.629999999999995,6.039237288135594,False,False,False,dry,O2,227,3,3_4,Edge-Loc
0.756,12.965,14.873,20.282,199.586,90.028,505.222,4033.091,5053.388,5.119,92.085,29.789,32.544,365,543.773,108.219,3657.0,1466.0,433.0,69.239,51.89,0.95,2067.0,1.2e+16,1.31e+17,2.83e+17,3e+17,33101.352,100.831,866.0,150,1090.32,48.46,0.19,205,-11.259999999999993,3.469560975609756,False,False,False,wet,H2O,102,3,3_5,none
1.187,18.779,14.887,20.006,205.92,89.855,500.827,4116.975,5072.099,4.923,91.987,29.977,35.356,436,524.138,107.914,3645.0,1695.0,333.0,70.177,51.39,1.061,2081.0,1.37e+16,1.03e+17,9.18e+17,2.98e+17,30821.393,103.422,895.0,157,1130.18,29.91,0.22,105,-15.409999999999968,6.813428571428571,False,False,False,dry,O2,121,3,3_6,none
1.211,15.144,15.191,20.003,200.519,89.961,497.643,3913.943,4939.219,4.838,91.447,30.072,37.911,405,496.735,108.391,3636.0,1445.0,395.0,72.803,51.881,1.154,2128.0,7090000000000000.0,1.19e+17,2.57e+17,2.99e+17,33158.654,104.017,917.0,149,1001.0,44.49,0.19,218,-11.039999999999964,3.261651376146789,False,False,False,dry,O2,88,3,3_27,none
2.084,18.224,14.871,19.818,201.758,90.068,501.326,4031.704,5023.82,5.077,91.783,29.985,38.098,405,551.62,109.507,3647.0,1604.0,394.0,69.986,51.183,1.014,2094.0,1.68e+16,1.61e+17,7e+17,3e+17,31463.005,104.54,909.0,154,1080.43,30.16,0.3,77,-15.799999999999956,9.296103896103896,False,False,False,wet,H2O,127,3,3_26,none
1.55,14.976,15.015,19.95,203.267,90.005,502.525,4108.812,5013.452,5.207,89.357,29.941,53.613,405,493.192,110.433,3673.0,1501.0,203.0,71.196,51.968,1.147,2047.0,1.06e+16,8.87e+16,6.52e+16,2.99e+17,32328.117,101.69,868.0,153,1066.88,29.94,0.25,114,-15.940000000000056,6.280175438596491,False,False,False,dry,O2,79,3,3_25,none
1.809,16.327,15.02,20.122,198.114,90.202,498.642,3987.406,5000.152,4.805,91.093,30.002,44.414,436,504.604,110.122,3654.0,1526.0,278.0,71.988,51.511,0.884,2059.0,1.14e+16,1.48e+17,3.09e+17,3.02e+17,31178.036,102.662,897.0,154,1001.99,35.01,0.45,210,-19.25,3.425,False,False,False,wet,H2O,121,3,3_24,none
0.225,13.824,15.137,19.978,200.419,90.109,500.54,3979.807,4956.706,5.091,91.052,30.067,54.178,365,517.257,109.84,3674.0,1711.0,278.0,70.89,50.97,1.0,2057.0,1.42e+16,9.19e+16,9.93e+17,3.01e+17,31477.075,102.529,891.0,153,1140.26,37.32,0.22,166,-14.009999999999993,4.301265060240964,False,False,False,dry,O2,160,3,3_23,none
1.791,12.506,14.925,19.957,203.636,90.041,495.501,4021.021,4975.667,5.071,92.222,30.051,63.225,365,511.757,106.806,3639.0,1469.0,224.0,70.846,51.514,0.951,2063.0,1.02e+16,7.55e+16,3.73e+17,3.01e+17,32229.515,103.365,904.0,158,978.61,39.63,0.15,136,-0.25,5.148897058823529,False,False,False,wet,H2O,87,3,3_22,none
0.893,16.326,15.084,19.945,198.813,89.93,502.394,4098.774,4983.94,5.099,89.589,30.155,48.22,436,496.91,105.583,3653.0,1522.0,538.0,70.503,51.497,0.878,2070.0,1.18e+16,1.52e+17,8.65e+17,3.01e+17,31818.959,100.893,865.0,150,1090.13,41.12,0.3,82,-2.840000000000032,8.571219512195123,False,False,False,dry,O2,113,3,3_21,none
1.591,14.777,15.213,20.041,197.027,90.106,497.047,3977.0,5061.76,4.883,89.806,30.086,52.151,436,496.849,109.624,3663.0,1312.0,169.0,70.347,52.006,1.014,2061.0,9760000000000000.0,5.8e+16,7.55e+17,3e+17,31321.929,102.382,901.0,157,991.25,34.9,0.13,109,-8.850000000000023,6.503211009174312,False,False,False,dry,O2,64,3,3_20,none
1.67,15.689,15.099,20.11,197.648,90.06,498.101,4052.335,5020.234,5.063,90.001,30.001,59.711,405,495.104,107.495,3654.0,1534.0,366.0,71.114,50.375,1.056,2045.0,1.65e+16,7.79e+16,1.03e+18,3.01e+17,31469.138,105.047,913.0,154,1070.71,45.83,0.31,261,2.6900000000000546,2.671685823754789,False,False,False,wet,H2O,103,6,6_29,none
0.812,14.595,15.15,20.047,197.014,89.891,494.48,4029.753,4993.463,5.091,93.606,29.986,50.994,365,536.87,107.574,3643.0,1450.0,372.0,72.161,51.622,1.054,2074.0,8060000000000000.0,1.28e+17,1.71e+17,3.02e+17,31195.087,101.666,885.0,152,1101.74,26.11,0.14,27,-13.110000000000014,26.41148148148148,False,False,False,dry,O2,105,6,6_28,none
0.977,15.559,14.777,19.949,198.409,89.858,499.958,3998.698,5129.801,4.818,91.742,29.991,36.39,436,550.019,110.447,3668.0,1448.0,499.0,71.297,51.01,0.994,2049.0,1.41e+16,1.26e+17,8.18e+17,3.01e+17,31633.289,100.524,899.0,153,1152.83,31.39,0.11,81,-18.139999999999983,8.865925925925925,False,False,False,wet,H2O,115,3,3_19,none
1.911,15.575,14.841,19.818,201.443,90.092,497.275,4033.301,5054.089,4.926,91.671,30.044,48.668,365,545.834,108.63,3670.0,1470.0,405.0,71.084,51.136,1.165,2054.0,9180000000000000.0,1.28e+17,1.93e+17,3e+17,31178.622,103.044,911.0,154,1102.71,37.56,0.16,68,6.159999999999968,10.203529411764706,False,False,False,wet,H2O,142,3,3_18,none
0.707,14.987,15.065,20.051,200.094,90.049,501.224,4040.79,5003.396,5.11,91.644,29.929,35.012,436,508.493,106.556,3664.0,1427.0,323.0,69.912,50.632,1.004,2021.0,1.5e+16,1.06e+17,6.14e+17,3e+17,31606.868,103.533,903.0,156,1062.07,36.91,0.17,160,-9.730000000000018,4.4358125,False,False,False,dry,O2,98,3,3_7,none
0.807,11.844,14.914,19.92,200.27,89.904,500.426,4118.284,5007.993,4.974,92.142,30.031,33.702,405,527.503,108.428,3664.0,1395.0,146.0,71.13,50.958,0.947,2054.0,9850000000000000.0,1.23e+17,3.05e+17,3e+17,32189.611,101.738,878.0,155,1096.66,31.08,0.29,29,-13.42999999999995,24.601034482758617,False,False,False,dry,O2,95,3,3_17,none
1.143,15.48,15.082,20.074,198.553,90.081,502.579,4043.077,4961.962,4.845,91.077,29.82,61.727,405,524.543,109.01,3649.0,1426.0,483.0,69.862,50.154,1.173,2075.0,8640000000000000.0,1.19e+17,4.65e+17,3.01e+17,31189.23,104.188,909.0,153,1042.52,31.64,0.12,116,-6.730000000000018,6.0925,False,False,False,wet,H2O,99,3,3_8,none
0.666,19.349,14.959,19.891,198.797,90.196,499.872,4027.962,5027.636,4.762,92.856,29.949,45.295,365,499.708,108.693,3639.0,1529.0,309.0,71.353,50.735,1.004,2063.0,8910000000000000.0,8.34e+16,6.88e+17,2.99e+17,31431.458,103.941,893.0,155,1119.76,35.62,0.2,170,-3.5499999999999545,4.138529411764706,False,False,False,dry,O2,70,3,3_16,none
0.731,15.581,15.156,19.837,201.239,89.865,505.306,3953.567,4915.594,5.144,95.602,30.047,42.147,405,508.077,109.521,3644.0,1456.0,189.0,71.86,50.592,1.14,2072.0,1.21e+16,1.42e+17,5.14e+17,3.03e+17,31988.831,98.466,881.0,155,957.1,28.61,0.41,0,0.4600000000000364,,True,False,False,dry,O2,99,3,3_14,none
1.511,12.825,15.21,20.002,198.676,90.017,502.941,3999.289,5071.642,5.096,93.267,29.917,53.153,405,461.203,108.338,3613.0,1553.0,367.0,70.294,53.274,0.961,2074.0,8400000000000000.0,5.27e+16,8.01e+17,3e+17,32066.238,99.806,925.0,154,967.69,35.54,0.24,81,-9.799999999999956,8.762962962962963,False,False,False,dry,O2,84,3,3_13,none
0.391,15.434,14.794,20.095,196.229,89.928,503.759,3977.036,5124.531,5.254,93.622,30.031,32.756,405,510.322,107.704,3671.0,1567.0,285.0,72.132,51.934,0.966,2039.0,1.31e+16,6.11e+16,1.08e+18,3.03e+17,30325.443,103.825,912.0,157,1168.8,35.53,0.22,125,-8.860000000000014,5.67088,False,False,False,dry,O2,155,3,3_12,none
1.372,13.875,15.04,20.091,201.223,90.111,498.073,4145.414,4928.728,5.0,93.501,30.063,63.18,436,520.22,110.101,3627.0,1324.0,687.0,70.931,50.785,0.997,2072.0,1.14e+16,1.35e+17,8.02e+17,3.01e+17,30702.961,101.034,899.0,153,1133.64,38.89,0.33,209,-0.3799999999999954,3.3511004784689,False,False,False,dry,O2,87,3,3_11,none
1.848,15.614,14.828,19.978,202.426,89.984,500.995,4075.898,4960.187,5.139,91.178,29.991,54.011,436,510.612,106.921,3677.0,1551.0,479.0,70.279,50.211,1.252,2036.0,8870000000000000.0,1.6e+17,5.29e+17,3e+17,31251.794,101.641,878.0,157,1094.72,38.53,0.2,241,-14.870000000000005,2.9662655601659758,False,False,False,dry,O2,181,3,3_10,none
0.966,15.703,15.372,20.013,200.596,89.702,500.314,4076.958,5073.1,4.979,91.968,29.985,35.814,405,514.61,107.286,3668.0,1497.0,222.0,71.315,50.23,1.058,2055.0,1.39e+16,7.18e+16,8.51e+17,3.01e+17,31897.1,102.694,878.0,154,1003.07,39.25,0.25,104,-2.7200000000000277,6.756923076923077,False,False,False,wet,H2O,75,3,3_9,none
1.121,12.757,15.103,19.981,209.618,89.841,503.242,4023.499,4945.8,5.052,92.849,30.007,26.618,436,524.386,107.266,3689.0,1459.0,574.0,70.003,52.072,0.964,2008.0,1.11e+16,8.26e+16,1.18e+18,2.99e+17,29985.996,103.577,877.0,154,1114.84,31.05,0.16,156,-17.0,4.596153846153846,False,False,False,dry,O2,193,3,3_15,none
